Constituency_Num,Constituency_Name,Serial_Num,Candidate_Name,Party_Name,EVM_Votes,Postal_Votes,Total_Votes,Vote_Percent,Total_Rounds,Current_Round,State,District,Constituency_Category,Coalition,Election_Year
1,Gummidipoondi,1,T.J.Govindarajan,Dravida Munnetra Kazhagam,61922,570,62492,26.88,26,26,Tamil Nadu,Tiruvallur,General,SPA,2026
1,Gummidipoondi,2,Sudhakar.V,All India Anna Dravida Munnetra Kazhagam,65894,481,66375,28.55,26,26,Tamil Nadu,Tiruvallur,General,NDA,2026
1,Gummidipoondi,3,M.Jagadeesan,Bahujan Samaj Party,695,2,697,0.3,26,26,Tamil Nadu,Tiruvallur,General,,2026
1,Gummidipoondi,4,"R.Sridar. B.L.,",Naam Tamilar Katchi,4707,49,4756,2.05,26,26,Tamil Nadu,Tiruvallur,General,,2026
1,Gummidipoondi,5,Sdk Sankar,Aanaithinthiya Jananayaka Pathukappu Kazhagam,593,6,599,0.26,26,26,Tamil Nadu,Tiruvallur,General,,2026
1,Gummidipoondi,6,K. Chandra Sekar,Veerath Thiyagi Viswanathadoss Thozhilalarkal Katchi,335,1,336,0.14,26,26,Tamil Nadu,Tiruvallur,General,,2026
1,Gummidipoondi,7,S.Vijayakumar,Tamilaga Vettri Kazhagam,93820,500,94320,40.56,26,26,Tamil Nadu,Tiruvallur,General,,2026
1,Gummidipoondi,8,M.Kumaran,Independent,260,0,260,0.11,26,26,Tamil Nadu,Tiruvallur,General,,2026
1,Gummidipoondi,9,Gopal.K,Independent,174,3,177,0.08,26,26,Tamil Nadu,Tiruvallur,General,,2026
1,Gummidipoondi,10,T.Govindan,Independent,205,1,206,0.09,26,26,Tamil Nadu,Tiruvallur,General,,2026
1,Gummidipoondi,11,A.H. Siva Ganesh,Independent,104,0,104,0.04,26,26,Tamil Nadu,Tiruvallur,General,,2026
1,Gummidipoondi,12,D.Sudhakar,Independent,319,2,321,0.14,26,26,Tamil Nadu,Tiruvallur,General,,2026
1,Gummidipoondi,13,V.Sudhakar,Independent,217,0,217,0.09,26,26,Tamil Nadu,Tiruvallur,General,,2026
1,Gummidipoondi,14,D.Dinesh,Independent,222,0,222,0.1,26,26,Tamil Nadu,Tiruvallur,General,,2026
1,Gummidipoondi,15,G.Ranjith B.Sc.L.L.B,Independent,502,1,503,0.22,26,26,Tamil Nadu,Tiruvallur,General,,2026
1,Gummidipoondi,16,Nota,None of the Above,931,6,937,0.4,26,26,Tamil Nadu,Tiruvallur,General,,2026
2,Ponneri,1,Durai Chandrasekar,Indian National Congress,54301,370,54671,24.1,26,26,Tamil Nadu,Tiruvallur,General,SPA,2026
2,Ponneri,2,Santhoshkumar.J,Bahujan Samaj Party,611,4,615,0.27,26,26,Tamil Nadu,Tiruvallur,General,,2026
2,Ponneri,3,Balaraman.P,All India Anna Dravida Munnetra Kazhagam,51160,308,51468,22.69,26,26,Tamil Nadu,Tiruvallur,General,NDA,2026
2,Ponneri,4,Rajathi.M,Naam Tamilar Katchi,6633,43,6676,2.94,26,26,Tamil Nadu,Tiruvallur,General,,2026
2,Ponneri,5,Ashok Priyadarshan,Desiya Makkal Sakthi Katchi,360,6,366,0.16,26,26,Tamil Nadu,Tiruvallur,General,,2026
2,Ponneri,6,Raja.S,Vanchit Bahujan Aaghadi,295,4,299,0.13,26,26,Tamil Nadu,Tiruvallur,General,,2026
2,Ponneri,7,Kotteeswaran. K,Tamizhaga Vaazhvurimai Katchi,163,3,166,0.07,26,26,Tamil Nadu,Tiruvallur,General,,2026
2,Ponneri,8,Malathi.S,Tamizhaga Murpokku Makkal Katchi,371,0,371,0.16,26,26,Tamil Nadu,Tiruvallur,General,,2026
2,Ponneri,9,Dr.Ravi.M.S,Tamilaga Vettri Kazhagam,110051,388,110439,48.69,26,26,Tamil Nadu,Tiruvallur,General,,2026
2,Ponneri,10,Nagaiyan.G,Independent,227,5,232,0.1,26,26,Tamil Nadu,Tiruvallur,General,,2026
2,Ponneri,11,Barathiraja.K,Independent,155,4,159,0.07,26,26,Tamil Nadu,Tiruvallur,General,,2026
2,Ponneri,12,Rajasekar.J,Independent,288,1,289,0.13,26,26,Tamil Nadu,Tiruvallur,General,,2026
2,Ponneri,13,Venkatesan.S,Independent,202,1,203,0.09,26,26,Tamil Nadu,Tiruvallur,General,,2026
2,Ponneri,14,Nota,None of the Above,859,6,865,0.38,26,26,Tamil Nadu,Tiruvallur,General,,2026
3,Tiruttani,1,G.Hari,All India Anna Dravida Munnetra Kazhagam,87893,1276,89169,37.34,27,27,Tamil Nadu,Tiruvallur,General,NDA,2026
3,Tiruttani,2,D.Krishnamurthy,Desiya Murpokku Dravida Kazhagam,53976,887,54863,22.97,27,27,Tamil Nadu,Tiruvallur,General,SPA,2026
3,Tiruttani,3,Chandran .S.S,Naam Tamilar Katchi,6516,188,6704,2.81,27,27,Tamil Nadu,Tiruvallur,General,,2026
3,Tiruttani,4,Muthuraj.G,Bahujan Samaj Party,469,1,470,0.2,27,27,Tamil Nadu,Tiruvallur,General,,2026
3,Tiruttani,5,M.Sathya Kumar,Tamilaga Vettri Kazhagam,82608,768,83376,34.91,27,27,Tamil Nadu,Tiruvallur,General,,2026
3,Tiruttani,6,Balaji.A,Thakkam Katchi,272,0,272,0.11,27,27,Tamil Nadu,Tiruvallur,General,,2026
3,Tiruttani,7,Pavendhan.Y.R,Tamizhaga Vaazhvurimai Katchi,130,2,132,0.06,27,27,Tamil Nadu,Tiruvallur,General,,2026
3,Tiruttani,8,Krishnamoorthy.K,Independent,201,9,210,0.09,27,27,Tamil Nadu,Tiruvallur,General,,2026
3,Tiruttani,9,Krishnamoorthy.D,Independent,460,7,467,0.2,27,27,Tamil Nadu,Tiruvallur,General,,2026
3,Tiruttani,10,Krishnamoorthy.M,Independent,943,3,946,0.4,27,27,Tamil Nadu,Tiruvallur,General,,2026
3,Tiruttani,11,Shettu.S,Independent,152,1,153,0.06,27,27,Tamil Nadu,Tiruvallur,General,,2026
3,Tiruttani,12,Dr.A.V.Narendran,Independent,197,1,198,0.08,27,27,Tamil Nadu,Tiruvallur,General,,2026
3,Tiruttani,13,Jambu.B,Independent,623,5,628,0.26,27,27,Tamil Nadu,Tiruvallur,General,,2026
3,Tiruttani,14,Nota,None of the Above,1180,30,1210,0.51,27,27,Tamil Nadu,Tiruvallur,General,,2026
4,Thiruvallur,1,V.G. Raajendran,Dravida Munnetra Kazhagam,66729,701,67430,29.78,24,24,Tamil Nadu,Tiruvallur,General,SPA,2026
4,Thiruvallur,2,K. Senthilkumar,Naam Tamilar Katchi,5452,61,5513,2.43,24,24,Tamil Nadu,Tiruvallur,General,,2026
4,Thiruvallur,3,Be Vee Ramanah,All India Anna Dravida Munnetra Kazhagam,56086,476,56562,24.98,24,24,Tamil Nadu,Tiruvallur,General,NDA,2026
4,Thiruvallur,4,B. Rajesh Kumar,Bahujan Samaj Party,668,6,674,0.3,24,24,Tamil Nadu,Tiruvallur,General,,2026
4,Thiruvallur,5,Dr. T. Arunkumar,Tamilaga Vettri Kazhagam,91683,507,92190,40.71,24,24,Tamil Nadu,Tiruvallur,General,,2026
4,Thiruvallur,6,E. Mani,Republican Party of India (Athawale),644,9,653,0.29,24,24,Tamil Nadu,Tiruvallur,General,,2026
4,Thiruvallur,7,E. Rajarathinam,Tamizhaga Vaazhvurimai Katchi,134,0,134,0.06,24,24,Tamil Nadu,Tiruvallur,General,,2026
4,Thiruvallur,8,N. Venkatesan,Aanaithinthiya Jananayaka Pathukappu Kazhagam,352,2,354,0.16,24,24,Tamil Nadu,Tiruvallur,General,,2026
4,Thiruvallur,9,E.Kothandan,Independent,201,2,203,0.09,24,24,Tamil Nadu,Tiruvallur,General,,2026
4,Thiruvallur,10,N. Nagendrababu,Independent,184,0,184,0.08,24,24,Tamil Nadu,Tiruvallur,General,,2026
4,Thiruvallur,11,N. Balakrishnan,Independent,186,0,186,0.08,24,24,Tamil Nadu,Tiruvallur,General,,2026
4,Thiruvallur,12,R. Ramanan,Independent,118,0,118,0.05,24,24,Tamil Nadu,Tiruvallur,General,,2026
4,Thiruvallur,13,G. Rajendiran,Independent,223,4,227,0.1,24,24,Tamil Nadu,Tiruvallur,General,,2026
4,Thiruvallur,14,S. Rajendran,Independent,867,1,868,0.38,24,24,Tamil Nadu,Tiruvallur,General,,2026
4,Thiruvallur,15,Nota,None of the Above,1122,10,1132,0.5,24,24,Tamil Nadu,Tiruvallur,General,,2026
5,Poonamallee,1,Krishnaswamy.A,Dravida Munnetra Kazhagam,87803,766,88569,28.67,25,25,Tamil Nadu,Tiruvallur,SC,SPA,2026
5,Poonamallee,2,Mekala.J,Naam Tamilar Katchi,11616,81,11697,3.79,25,25,Tamil Nadu,Tiruvallur,SC,,2026
5,Poonamallee,3,Rajasekaran.K,Bahujan Samaj Party,852,8,860,0.28,25,25,Tamil Nadu,Tiruvallur,SC,,2026
5,Poonamallee,4,Elumalai.T.A,Amma Makkal Munnettra Kazagam,43017,263,43280,14.01,25,25,Tamil Nadu,Tiruvallur,SC,,2026
5,Poonamallee,5,Prakasam.R,Tamilaga Vettri Kazhagam,160643,666,161309,52.22,25,25,Tamil Nadu,Tiruvallur,SC,,2026
5,Poonamallee,6,Sivakumar.S,Independent,297,0,297,0.1,25,25,Tamil Nadu,Tiruvallur,SC,,2026
5,Poonamallee,7,Dhasarathan.R,Independent,133,0,133,0.04,25,25,Tamil Nadu,Tiruvallur,SC,,2026
5,Poonamallee,8,Purushothaman.B,Independent,254,1,255,0.08,25,25,Tamil Nadu,Tiruvallur,SC,,2026
5,Poonamallee,9,Ravikumar.M,Independent,352,3,355,0.11,25,25,Tamil Nadu,Tiruvallur,SC,,2026
5,Poonamallee,10,Velu.S,Independent,263,1,264,0.09,25,25,Tamil Nadu,Tiruvallur,SC,,2026
5,Poonamallee,11,Dr.Jayanthi.R,Independent,299,5,304,0.1,25,25,Tamil Nadu,Tiruvallur,SC,,2026
5,Poonamallee,12,Nota,None of the Above,1551,20,1571,0.51,25,25,Tamil Nadu,Tiruvallur,SC,,2026
6,Avadi,1,S. Charles,Bahujan Samaj Party,746,15,761,0.22,27,27,Tamil Nadu,Tiruvallur,General,,2026
6,Avadi,2,S.M.Nasar,Dravida Munnetra Kazhagam,103115,958,104073,30.08,27,27,Tamil Nadu,Tiruvallur,General,SPA,2026
6,Avadi,3,Punitha Shanmugam,Naam Tamilar Katchi,16190,145,16335,4.72,27,27,Tamil Nadu,Tiruvallur,General,,2026
6,Avadi,4,Rajasimha Mahendra,Bharatiya Janata Party,39170,435,39605,11.45,27,27,Tamil Nadu,Tiruvallur,General,NDA,2026
6,Avadi,5,R.Edmund Jayendren,Tamizhaga Vaazhvurimai Katchi,471,7,478,0.14,27,27,Tamil Nadu,Tiruvallur,General,,2026
6,Avadi,6,C.S. Karnan,Anti Corruption Dynamic Party,222,2,224,0.06,27,27,Tamil Nadu,Tiruvallur,General,,2026
6,Avadi,7,Senthilkumar. S,Anna Puratchi Thalaivar Amma Dravida Munnetra Kazhagam,156,0,156,0.05,27,27,Tamil Nadu,Tiruvallur,General,,2026
6,Avadi,8,R. Bakthavatchalam,All India Puratchi Thalaivar Makkal Munnettra Kazhagam,625,2,627,0.18,27,27,Tamil Nadu,Tiruvallur,General,,2026
6,Avadi,9,R.Ramesh Kumar,Tamilaga Vettri Kazhagam,179472,912,180384,52.13,27,27,Tamil Nadu,Tiruvallur,General,,2026
6,Avadi,10,P.Jayakumar,Samaniya Makkal Nala Katchi,177,0,177,0.05,27,27,Tamil Nadu,Tiruvallur,General,,2026
6,Avadi,11,K. Annamalai,Independent,77,0,77,0.02,27,27,Tamil Nadu,Tiruvallur,General,,2026
6,Avadi,12,G.D. Arunkumar,Independent,205,0,205,0.06,27,27,Tamil Nadu,Tiruvallur,General,,2026
6,Avadi,13,M. Erajasimman,Independent,105,0,105,0.03,27,27,Tamil Nadu,Tiruvallur,General,,2026
6,Avadi,14,R. Kumar,Independent,305,3,308,0.09,27,27,Tamil Nadu,Tiruvallur,General,,2026
6,Avadi,15,S. Senthilkumar,Independent,167,0,167,0.05,27,27,Tamil Nadu,Tiruvallur,General,,2026
6,Avadi,16,P. Chellapandian,Independent,254,1,255,0.07,27,27,Tamil Nadu,Tiruvallur,General,,2026
6,Avadi,17,K. Balakrishnan,Independent,141,0,141,0.04,27,27,Tamil Nadu,Tiruvallur,General,,2026
6,Avadi,18,R. Manikandan,Independent,195,0,195,0.06,27,27,Tamil Nadu,Tiruvallur,General,,2026
6,Avadi,19,Uniesh Raj. M,Independent,93,1,94,0.03,27,27,Tamil Nadu,Tiruvallur,General,,2026
6,Avadi,20,Rajasekar. R,Independent,105,0,105,0.03,27,27,Tamil Nadu,Tiruvallur,General,,2026
6,Avadi,21,Nota,None of the Above,1519,14,1533,0.44,27,27,Tamil Nadu,Tiruvallur,General,,2026
7,Maduravoyal,1,Ganapathy. K,Dravida Munnetra Kazhagam,79667,549,80216,27.31,27,27,Tamil Nadu,Chennai,General,SPA,2026
7,Maduravoyal,2,P. Benjamin,All India Anna Dravida Munnetra Kazhagam,54456,249,54705,18.63,27,27,Tamil Nadu,Chennai,General,NDA,2026
7,Maduravoyal,3,Revathi L,Naam Tamilar Katchi,12977,47,13024,4.43,27,27,Tamil Nadu,Chennai,General,,2026
7,Maduravoyal,4,Agni Selvaraju. J,Naadaalum Makkal Katchi,264,2,266,0.09,27,27,Tamil Nadu,Chennai,General,,2026
7,Maduravoyal,5,Muthuraman. S,Anna MGR Dravida Makkal Kalgam,70,1,71,0.02,27,27,Tamil Nadu,Chennai,General,,2026
7,Maduravoyal,6,Murali. S,Naam Indiar Party,298,2,300,0.1,27,27,Tamil Nadu,Chennai,General,,2026
7,Maduravoyal,7,Rhevanth Charan,Tamilaga Vettri Kazhagam,141423,302,141725,48.26,27,27,Tamil Nadu,Chennai,General,,2026
7,Maduravoyal,8,K. Venkatesan,Veerath Thiyagi Viswanathadoss Thozhilalarkal Katchi,171,0,171,0.06,27,27,Tamil Nadu,Chennai,General,,2026
7,Maduravoyal,9,J. Venkatesan,All India Puratchi Thalaivar Makkal Munnettra Kazhagam,232,1,233,0.08,27,27,Tamil Nadu,Chennai,General,,2026
7,Maduravoyal,10,D. Anandan,Independent,67,0,67,0.02,27,27,Tamil Nadu,Chennai,General,,2026
7,Maduravoyal,11,K. Ganapathy,Independent,96,3,99,0.03,27,27,Tamil Nadu,Chennai,General,,2026
7,Maduravoyal,12,V. Kamala Kannan,Independent,119,0,119,0.04,27,27,Tamil Nadu,Chennai,General,,2026
7,Maduravoyal,13,Saravanan Kumar,Independent,78,0,78,0.03,27,27,Tamil Nadu,Chennai,General,,2026
7,Maduravoyal,14,R. Siva,Independent,315,7,322,0.11,27,27,Tamil Nadu,Chennai,General,,2026
7,Maduravoyal,15,M. Balasubramanian,Independent,67,0,67,0.02,27,27,Tamil Nadu,Chennai,General,,2026
7,Maduravoyal,16,S. Benjamin Moses,Independent,206,1,207,0.07,27,27,Tamil Nadu,Chennai,General,,2026
7,Maduravoyal,17,Ponmuthu Ramesh,Independent,200,2,202,0.07,27,27,Tamil Nadu,Chennai,General,,2026
7,Maduravoyal,18,N.A. Mani,Independent,157,0,157,0.05,27,27,Tamil Nadu,Chennai,General,,2026
7,Maduravoyal,19,R. Yuvaraj,Independent,82,2,84,0.03,27,27,Tamil Nadu,Chennai,General,,2026
7,Maduravoyal,20,Vignesh Nandagopal,Independent,83,0,83,0.03,27,27,Tamil Nadu,Chennai,General,,2026
7,Maduravoyal,21,M. James,Independent,34,0,34,0.01,27,27,Tamil Nadu,Chennai,General,,2026
7,Maduravoyal,22,Nota,None of the Above,1448,14,1462,0.5,27,27,Tamil Nadu,Chennai,General,,2026
8,Ambattur,1,Silambarasan,Naam Tamilar Katchi,11049,39,11088,4.26,28,28,Tamil Nadu,Chennai,General,,2026
8,Ambattur,2,Dr. J.Sailas,Bahujan Samaj Party,441,2,443,0.17,28,28,Tamil Nadu,Chennai,General,,2026
8,Ambattur,3,Dr A.P. Poornima,Dravida Munnetra Kazhagam,74156,402,74558,28.68,28,28,Tamil Nadu,Chennai,General,SPA,2026
8,Ambattur,4,A.Kalyanasundaram,Nationalist Janshakti Party,584,4,588,0.23,28,28,Tamil Nadu,Chennai,General,,2026
8,Ambattur,5,K.N. Sekar,Pattali Makkal Katchi,35826,171,35997,13.85,28,28,Tamil Nadu,Chennai,General,NDA,2026
8,Ambattur,6,Balamurugan.G,Tamilaga Vettri Kazhagam,132995,344,133339,51.29,28,28,Tamil Nadu,Chennai,General,,2026
8,Ambattur,7,V. Ramkumar,India Suyarajya Party,224,0,224,0.09,28,28,Tamil Nadu,Chennai,General,,2026
8,Ambattur,8,Rajkumar,Tamizhaga Vaazhvurimai Katchi,125,2,127,0.05,28,28,Tamil Nadu,Chennai,General,,2026
8,Ambattur,9,D. Jeyaganesh,Naam Indiar Party,67,0,67,0.03,28,28,Tamil Nadu,Chennai,General,,2026
8,Ambattur,10,M.S. Arumugam,Independent,135,0,135,0.05,28,28,Tamil Nadu,Chennai,General,,2026
8,Ambattur,11,P. Arumugam,Independent,77,0,77,0.03,28,28,Tamil Nadu,Chennai,General,,2026
8,Ambattur,12,G. Sampath,Independent,71,1,72,0.03,28,28,Tamil Nadu,Chennai,General,,2026
8,Ambattur,13,K. Sekar,Independent,125,2,127,0.05,28,28,Tamil Nadu,Chennai,General,,2026
8,Ambattur,14,G.P. Sekar,Independent,102,1,103,0.04,28,28,Tamil Nadu,Chennai,General,,2026
8,Ambattur,15,Palani,Independent,99,4,103,0.04,28,28,Tamil Nadu,Chennai,General,,2026
8,Ambattur,16,R.Balamurugan,Independent,493,0,493,0.19,28,28,Tamil Nadu,Chennai,General,,2026
8,Ambattur,17,Dr. S.Praveen,Independent,305,3,308,0.12,28,28,Tamil Nadu,Chennai,General,,2026
8,Ambattur,18,D. Pushpa,Independent,66,2,68,0.03,28,28,Tamil Nadu,Chennai,General,,2026
8,Ambattur,19,S. Madhavan,Independent,179,0,179,0.07,28,28,Tamil Nadu,Chennai,General,,2026
8,Ambattur,20,D.K.Meshack Kirubakaran,Independent,102,0,102,0.04,28,28,Tamil Nadu,Chennai,General,,2026
8,Ambattur,21,Vinayagamoorthy.R,Independent,82,1,83,0.03,28,28,Tamil Nadu,Chennai,General,,2026
8,Ambattur,22,S. Janarthanan,Independent,125,1,126,0.05,28,28,Tamil Nadu,Chennai,General,,2026
8,Ambattur,23,Jothi.M,Independent,89,0,89,0.03,28,28,Tamil Nadu,Chennai,General,,2026
8,Ambattur,24,Nota,None of the Above,1474,16,1490,0.57,28,28,Tamil Nadu,Chennai,General,,2026
9,Madavaram,1,E.Krithika,Naam Tamilar Katchi,12563,74,12637,3.49,19,19,Tamil Nadu,Chennai,General,,2026
9,Madavaram,2,S.Sudharsanam,Dravida Munnetra Kazhagam,94782,695,95477,26.38,19,19,Tamil Nadu,Chennai,General,SPA,2026
9,Madavaram,3,Madhavaram V.Moorthy,All India Anna Dravida Munnetra Kazhagam,58914,376,59290,16.38,19,19,Tamil Nadu,Chennai,General,NDA,2026
9,Madavaram,4,N.Janakiraman,Bahujan Samaj Party,530,7,537,0.15,19,19,Tamil Nadu,Chennai,General,,2026
9,Madavaram,5,R.Karthikeyan,Tamizhaga Vaazhvurimai Katchi,231,1,232,0.06,19,19,Tamil Nadu,Chennai,General,,2026
9,Madavaram,6,I.Raffik,Naadaalum Makkal Katchi,675,1,676,0.19,19,19,Tamil Nadu,Chennai,General,,2026
9,Madavaram,7,M.L.Vijayprabhu,Tamilaga Vettri Kazhagam,189784,678,190462,52.61,19,19,Tamil Nadu,Chennai,General,,2026
9,Madavaram,8,S.Sivakumar,Independent,198,0,198,0.05,19,19,Tamil Nadu,Chennai,General,,2026
9,Madavaram,9,Sudarsanam,Independent,155,2,157,0.04,19,19,Tamil Nadu,Chennai,General,,2026
9,Madavaram,10,A.Nagarajan,Independent,173,4,177,0.05,19,19,Tamil Nadu,Chennai,General,,2026
9,Madavaram,11,R.S.Balaji,Independent,98,1,99,0.03,19,19,Tamil Nadu,Chennai,General,,2026
9,Madavaram,12,G.Prabu,Independent,190,1,191,0.05,19,19,Tamil Nadu,Chennai,General,,2026
9,Madavaram,13,A.Ponnalagan,Independent,128,1,129,0.04,19,19,Tamil Nadu,Chennai,General,,2026
9,Madavaram,14,C.Moorthy,Independent,154,0,154,0.04,19,19,Tamil Nadu,Chennai,General,,2026
9,Madavaram,15,V.Murthy,Independent,188,0,188,0.05,19,19,Tamil Nadu,Chennai,General,,2026
9,Madavaram,16,Nota,None of the Above,1383,11,1394,0.39,19,19,Tamil Nadu,Chennai,General,,2026
10,Thiruvottiyur,1,Kuppan. K,All India Anna Dravida Munnetra Kazhagam,28190,130,28320,13.68,26,26,Tamil Nadu,Chennai,General,NDA,2026
10,Thiruvottiyur,2,Sathya. B,Naam Tamilar Katchi,8380,33,8413,4.06,26,26,Tamil Nadu,Chennai,General,,2026
10,Thiruvottiyur,3,Sundararaj. L,Communist Party of India (Marxist),56265,238,56503,27.28,26,26,Tamil Nadu,Chennai,General,SPA,2026
10,Thiruvottiyur,4,Mahendra Kumar. D,Bahujan Samaj Party,455,3,458,0.22,26,26,Tamil Nadu,Chennai,General,,2026
10,Thiruvottiyur,5,Sasirekha. M,Veerath Thiyagi Viswanathadoss Thozhilalarkal Katchi,271,0,271,0.13,26,26,Tamil Nadu,Chennai,General,,2026
10,Thiruvottiyur,6,Senthil Kumar. N,Tamilaga Vettri Kazhagam,109788,279,110067,53.15,26,26,Tamil Nadu,Chennai,General,,2026
10,Thiruvottiyur,7,Dilli Kumar. R,Democratic National Allegiance,198,0,198,0.1,26,26,Tamil Nadu,Chennai,General,,2026
10,Thiruvottiyur,8,Venkataramanan. J,Tamizhaga Vaazhvurimai Katchi,148,1,149,0.07,26,26,Tamil Nadu,Chennai,General,,2026
10,Thiruvottiyur,9,Aravind. R,Independent,72,5,77,0.04,26,26,Tamil Nadu,Chennai,General,,2026
10,Thiruvottiyur,10,Gopi. K,Independent,117,0,117,0.06,26,26,Tamil Nadu,Chennai,General,,2026
10,Thiruvottiyur,11,Thanikasalam. B,Independent,138,1,139,0.07,26,26,Tamil Nadu,Chennai,General,,2026
10,Thiruvottiyur,12,Balaruban,Independent,307,0,307,0.15,26,26,Tamil Nadu,Chennai,General,,2026
10,Thiruvottiyur,13,Michaelraj. M. A,Independent,832,6,838,0.4,26,26,Tamil Nadu,Chennai,General,,2026
10,Thiruvottiyur,14,Vijay. A,Independent,310,6,316,0.15,26,26,Tamil Nadu,Chennai,General,,2026
10,Thiruvottiyur,15,Janagaraj,Independent,109,1,110,0.05,26,26,Tamil Nadu,Chennai,General,,2026
10,Thiruvottiyur,16,Nota,None of the Above,795,10,805,0.39,26,26,Tamil Nadu,Chennai,General,,2026
11,Dr.Radhakrishnan Nagar,1,R.S.Raajesh,All India Anna Dravida Munnetra Kazhagam,26754,138,26892,14.84,18,18,Tamil Nadu,Chennai,General,NDA,2026
11,Dr.Radhakrishnan Nagar,2,Vennila.T,Naam Tamilar Katchi,5330,34,5364,2.96,18,18,Tamil Nadu,Chennai,General,,2026
11,Dr.Radhakrishnan Nagar,3,J. John Ebenezer,Dravida Munnetra Kazhagam,47907,225,48132,26.56,18,18,Tamil Nadu,Chennai,General,SPA,2026
11,Dr.Radhakrishnan Nagar,4,E. Raamadasan,Makkal Nalvaazhvuk Katchi,236,0,236,0.13,18,18,Tamil Nadu,Chennai,General,,2026
11,Dr.Radhakrishnan Nagar,5,D.Karthikeyan,Samata Party,44,0,44,0.02,18,18,Tamil Nadu,Chennai,General,,2026
11,Dr.Radhakrishnan Nagar,6,Chandrasekar,Tamizhaga Murpokku Makkal Katchi,47,0,47,0.03,18,18,Tamil Nadu,Chennai,General,,2026
11,Dr.Radhakrishnan Nagar,7,B.Navin,Tamizhaga Vaazhvurimai Katchi,337,1,338,0.19,18,18,Tamil Nadu,Chennai,General,,2026
11,Dr.Radhakrishnan Nagar,8,N. Marie Wilson,Tamilaga Vettri Kazhagam,97529,271,97800,53.97,18,18,Tamil Nadu,Chennai,General,,2026
11,Dr.Radhakrishnan Nagar,9,A.Mohanraj,Socialist Unity Centre Of India (COMMUNIST),178,1,179,0.1,18,18,Tamil Nadu,Chennai,General,,2026
11,Dr.Radhakrishnan Nagar,10,Amudha.N,Independent,30,0,30,0.02,18,18,Tamil Nadu,Chennai,General,,2026
11,Dr.Radhakrishnan Nagar,11,D. Ajith Kumar,Independent,31,1,32,0.02,18,18,Tamil Nadu,Chennai,General,,2026
11,Dr.Radhakrishnan Nagar,12,S.Emmanuvel,Independent,24,0,24,0.01,18,18,Tamil Nadu,Chennai,General,,2026
11,Dr.Radhakrishnan Nagar,13,A. Usha,Independent,41,0,41,0.02,18,18,Tamil Nadu,Chennai,General,,2026
11,Dr.Radhakrishnan Nagar,14,R.Ethiraj,Independent,44,0,44,0.02,18,18,Tamil Nadu,Chennai,General,,2026
11,Dr.Radhakrishnan Nagar,15,V.Shankar,Independent,40,0,40,0.02,18,18,Tamil Nadu,Chennai,General,,2026
11,Dr.Radhakrishnan Nagar,16,M. Sathish,Independent,112,0,112,0.06,18,18,Tamil Nadu,Chennai,General,,2026
11,Dr.Radhakrishnan Nagar,17,J.Saravanakumar,Independent,149,0,149,0.08,18,18,Tamil Nadu,Chennai,General,,2026
11,Dr.Radhakrishnan Nagar,18,L.Saravanan,Independent,54,0,54,0.03,18,18,Tamil Nadu,Chennai,General,,2026
11,Dr.Radhakrishnan Nagar,19,V.Sudhakar,Independent,86,0,86,0.05,18,18,Tamil Nadu,Chennai,General,,2026
11,Dr.Radhakrishnan Nagar,20,K. Sujith,Independent,25,0,25,0.01,18,18,Tamil Nadu,Chennai,General,,2026
11,Dr.Radhakrishnan Nagar,21,R.Tamilarasan,Independent,36,0,36,0.02,18,18,Tamil Nadu,Chennai,General,,2026
11,Dr.Radhakrishnan Nagar,22,Tamilselvan,Independent,25,0,25,0.01,18,18,Tamil Nadu,Chennai,General,,2026
11,Dr.Radhakrishnan Nagar,23,R.Devakumar,Independent,39,1,40,0.02,18,18,Tamil Nadu,Chennai,General,,2026
11,Dr.Radhakrishnan Nagar,24,D.Prabhu,Independent,210,1,211,0.12,18,18,Tamil Nadu,Chennai,General,,2026
11,Dr.Radhakrishnan Nagar,25,G. Bothi Rajan,Independent,53,1,54,0.03,18,18,Tamil Nadu,Chennai,General,,2026
11,Dr.Radhakrishnan Nagar,26,Manikandan.H,Independent,46,1,47,0.03,18,18,Tamil Nadu,Chennai,General,,2026
11,Dr.Radhakrishnan Nagar,27,G. Madhan Kumar,Independent,17,0,17,0.01,18,18,Tamil Nadu,Chennai,General,,2026
11,Dr.Radhakrishnan Nagar,28,V. Madhan Mohan,Independent,35,0,35,0.02,18,18,Tamil Nadu,Chennai,General,,2026
11,Dr.Radhakrishnan Nagar,29,P. Marimuthu,Independent,35,0,35,0.02,18,18,Tamil Nadu,Chennai,General,,2026
11,Dr.Radhakrishnan Nagar,30,R. Muthu Chella Bharathi,Independent,39,0,39,0.02,18,18,Tamil Nadu,Chennai,General,,2026
11,Dr.Radhakrishnan Nagar,31,K. Murali,Independent,91,0,91,0.05,18,18,Tamil Nadu,Chennai,General,,2026
11,Dr.Radhakrishnan Nagar,32,J.Murali Krishnan,Independent,47,0,47,0.03,18,18,Tamil Nadu,Chennai,General,,2026
11,Dr.Radhakrishnan Nagar,33,C. Rajamanickam,Independent,65,0,65,0.04,18,18,Tamil Nadu,Chennai,General,,2026
11,Dr.Radhakrishnan Nagar,34,J.Vijayan,Independent,25,1,26,0.01,18,18,Tamil Nadu,Chennai,General,,2026
11,Dr.Radhakrishnan Nagar,35,A.Vijay,Independent,71,0,71,0.04,18,18,Tamil Nadu,Chennai,General,,2026
11,Dr.Radhakrishnan Nagar,36,G. Vijay,Independent,58,0,58,0.03,18,18,Tamil Nadu,Chennai,General,,2026
11,Dr.Radhakrishnan Nagar,37,C.Janarthanan,Independent,42,0,42,0.02,18,18,Tamil Nadu,Chennai,General,,2026
11,Dr.Radhakrishnan Nagar,38,D. Janarthanan,Independent,37,0,37,0.02,18,18,Tamil Nadu,Chennai,General,,2026
11,Dr.Radhakrishnan Nagar,39,Nota,None of the Above,561,0,561,0.31,18,18,Tamil Nadu,Chennai,General,,2026
12,Perambur,1,R.D. Shekar,Dravida Munnetra Kazhagam,66080,570,66650,32.61,23,23,Tamil Nadu,Chennai,General,SPA,2026
12,Perambur,2,S. Vetri Thamizhan,Naam Tamilar Katchi,5080,34,5114,2.5,23,23,Tamil Nadu,Chennai,General,,2026
12,Perambur,3,Vetri Vel Selvam,Bahujan Samaj Party,172,2,174,0.09,23,23,Tamil Nadu,Chennai,General,,2026
12,Perambur,4,Ashlin Belmen .A.S,Tamilnadu Mahatma Gandhi Makkal Katchi,70,1,71,0.03,23,23,Tamil Nadu,Chennai,General,,2026
12,Perambur,5,M. Geeta,Thakkam Katchi,47,0,47,0.02,23,23,Tamil Nadu,Chennai,General,,2026
12,Perambur,6,Dr.R. Saravana Perumal,Makkal Nalvaazhvuk Katchi,39,0,39,0.02,23,23,Tamil Nadu,Chennai,General,,2026
12,Perambur,7,Sivakumar.V,Tamil Telugu National Party,30,0,30,0.01,23,23,Tamil Nadu,Chennai,General,,2026
12,Perambur,8,S. Sureshkumar,Makkalatchi Katchi,45,1,46,0.02,23,23,Tamil Nadu,Chennai,General,,2026
12,Perambur,9,J. Sebastin,Socialist Unity Centre Of India (COMMUNIST),100,1,101,0.05,23,23,Tamil Nadu,Chennai,General,,2026
12,Perambur,10,M. Thilagabama,Pattali Makkal Katchi,8471,90,8561,4.19,23,23,Tamil Nadu,Chennai,General,NDA,2026
12,Perambur,11,K.M. Devan,Makkal Murasu Katchi,94,0,94,0.05,23,23,Tamil Nadu,Chennai,General,,2026
12,Perambur,12,S. Malathi,Veerath Thiyagi Viswanathadoss Thozhilalarkal Katchi,32,0,32,0.02,23,23,Tamil Nadu,Chennai,General,,2026
12,Perambur,13,A. Rajaram,Republican Party of India (Athawale),255,1,256,0.13,23,23,Tamil Nadu,Chennai,General,,2026
12,Perambur,14,Vijay,All India Jananayaka Makkal Kazhagam,207,9,216,0.11,23,23,Tamil Nadu,Chennai,General,,2026
12,Perambur,15,D.V. Venugopal,Tamizhaga Vaazhvurimai Katchi,97,1,98,0.05,23,23,Tamil Nadu,Chennai,General,,2026
12,Perambur,16,C. Joseph Vijay,Tamilaga Vettri Kazhagam,119785,580,120365,58.89,23,23,Tamil Nadu,Chennai,General,,2026
12,Perambur,17,Agni Aalvar,Independent,227,3,230,0.11,23,23,Tamil Nadu,Chennai,General,,2026
12,Perambur,18,Amala.R,Independent,31,1,32,0.02,23,23,Tamil Nadu,Chennai,General,,2026
12,Perambur,19,Azarutheen.M,Independent,78,0,78,0.04,23,23,Tamil Nadu,Chennai,General,,2026
12,Perambur,20,P. Esakki Muthu,Independent,14,0,14,0.01,23,23,Tamil Nadu,Chennai,General,,2026
12,Perambur,21,E. Udhaya Kumar,Independent,15,1,16,0.01,23,23,Tamil Nadu,Chennai,General,,2026
12,Perambur,22,M. Kadhiravan,Independent,41,0,41,0.02,23,23,Tamil Nadu,Chennai,General,,2026
12,Perambur,23,P. Gunasekar,Independent,18,0,18,0.01,23,23,Tamil Nadu,Chennai,General,,2026
12,Perambur,24,B. Sathish Kumar,Independent,19,0,19,0.01,23,23,Tamil Nadu,Chennai,General,,2026
12,Perambur,25,Sathish.B,Independent,19,0,19,0.01,23,23,Tamil Nadu,Chennai,General,,2026
12,Perambur,26,P. Thangamani,Independent,78,0,78,0.04,23,23,Tamil Nadu,Chennai,General,,2026
12,Perambur,27,M. Tamilselvam,Independent,12,0,12,0.01,23,23,Tamil Nadu,Chennai,General,,2026
12,Perambur,28,H. Dhanasekar,Independent,28,0,28,0.01,23,23,Tamil Nadu,Chennai,General,,2026
12,Perambur,29,M.I. Thahira Banu,Independent,32,1,33,0.02,23,23,Tamil Nadu,Chennai,General,,2026
12,Perambur,30,Nivetha,Independent,70,0,70,0.03,23,23,Tamil Nadu,Chennai,General,,2026
12,Perambur,31,B. Balaji,Independent,93,0,93,0.05,23,23,Tamil Nadu,Chennai,General,,2026
12,Perambur,32,P. Ponraj,Independent,62,1,63,0.03,23,23,Tamil Nadu,Chennai,General,,2026
12,Perambur,33,Bowdharaj,Independent,118,0,118,0.06,23,23,Tamil Nadu,Chennai,General,,2026
12,Perambur,34,Dr.D. Madan,Independent,95,0,95,0.05,23,23,Tamil Nadu,Chennai,General,,2026
12,Perambur,35,Dr.G. Moorthy,Independent,52,1,53,0.03,23,23,Tamil Nadu,Chennai,General,,2026
12,Perambur,36,S. Michael,Independent,24,0,24,0.01,23,23,Tamil Nadu,Chennai,General,,2026
12,Perambur,37,S. Ramesh,Independent,17,0,17,0.01,23,23,Tamil Nadu,Chennai,General,,2026
12,Perambur,38,V. Raji,Independent,141,7,148,0.07,23,23,Tamil Nadu,Chennai,General,,2026
12,Perambur,39,S. Rajesh Kumar,Independent,21,0,21,0.01,23,23,Tamil Nadu,Chennai,General,,2026
12,Perambur,40,Reegan Prabhu,Independent,31,0,31,0.02,23,23,Tamil Nadu,Chennai,General,,2026
12,Perambur,41,G. Ruthra Kumar,Independent,235,3,238,0.12,23,23,Tamil Nadu,Chennai,General,,2026
12,Perambur,42,Vijay. G,Independent,89,1,90,0.04,23,23,Tamil Nadu,Chennai,General,,2026
12,Perambur,43,S. Vishnu Varthan,Independent,13,0,13,0.01,23,23,Tamil Nadu,Chennai,General,,2026
12,Perambur,44,B. Venkatesan,Independent,26,0,26,0.01,23,23,Tamil Nadu,Chennai,General,,2026
12,Perambur,45,R. Jayaseelan,Independent,51,0,51,0.02,23,23,Tamil Nadu,Chennai,General,,2026
12,Perambur,46,S. Joseph,Independent,77,0,77,0.04,23,23,Tamil Nadu,Chennai,General,,2026
12,Perambur,47,M. Joseph,Independent,43,0,43,0.02,23,23,Tamil Nadu,Chennai,General,,2026
12,Perambur,48,Nota,None of the Above,598,3,601,0.29,23,23,Tamil Nadu,Chennai,General,,2026
13,Kolathur,1,P. Santhana Krishnan,All India Anna Dravida Munnetra Kazhagam,18215,215,18430,10.01,22,22,Tamil Nadu,Chennai,General,NDA,2026
13,Kolathur,2,Subashini,Bahujan Samaj Party,226,10,236,0.13,22,22,Tamil Nadu,Chennai,General,,2026
13,Kolathur,3,Soundara Pandian Luder Seth,Naam Tamilar Katchi,5012,34,5046,2.74,22,22,Tamil Nadu,Chennai,General,,2026
13,Kolathur,4,M. K. Stalin,Dravida Munnetra Kazhagam,73220,982,74202,40.32,22,22,Tamil Nadu,Chennai,General,SPA,2026
13,Kolathur,5,Aathithya,Samata Party,180,1,181,0.1,22,22,Tamil Nadu,Chennai,General,,2026
13,Kolathur,6,E. Raamadasan,Makkal Nalvaazhvuk Katchi,49,0,49,0.03,22,22,Tamil Nadu,Chennai,General,,2026
13,Kolathur,7,Oormila,Tamizhaga Vaazhvurimai Katchi,104,1,105,0.06,22,22,Tamil Nadu,Chennai,General,,2026
13,Kolathur,8,K. Elumalai,Veerath Thiyagi Viswanathadoss Thozhilalarkal Katchi,24,0,24,0.01,22,22,Tamil Nadu,Chennai,General,,2026
13,Kolathur,9,Sivagnanasam,Desiya Makkal Sakthi Katchi,25,1,26,0.01,22,22,Tamil Nadu,Chennai,General,,2026
13,Kolathur,10,S.Y. Syed Yusuf,Republican Party of India (Athawale),476,8,484,0.26,22,22,Tamil Nadu,Chennai,General,,2026
13,Kolathur,11,V. S. Babu,Tamilaga Vettri Kazhagam,82614,383,82997,45.09,22,22,Tamil Nadu,Chennai,General,,2026
13,Kolathur,12,Arul Doss. A.,Independent,53,2,55,0.03,22,22,Tamil Nadu,Chennai,General,,2026
13,Kolathur,13,Kaja Maideen,Independent,43,0,43,0.02,22,22,Tamil Nadu,Chennai,General,,2026
13,Kolathur,14,V. A. Sudhakar,Independent,31,0,31,0.02,22,22,Tamil Nadu,Chennai,General,,2026
13,Kolathur,15,M. Suresh,Independent,33,0,33,0.02,22,22,Tamil Nadu,Chennai,General,,2026
13,Kolathur,16,J. Suriya Muthu,Independent,83,1,84,0.05,22,22,Tamil Nadu,Chennai,General,,2026
13,Kolathur,17,R. Senthil Kumar,Independent,123,2,125,0.07,22,22,Tamil Nadu,Chennai,General,,2026
13,Kolathur,18,Selvi Steffi. V. M,Independent,120,2,122,0.07,22,22,Tamil Nadu,Chennai,General,,2026
13,Kolathur,19,Nanda Kumar,Independent,79,0,79,0.04,22,22,Tamil Nadu,Chennai,General,,2026
13,Kolathur,20,A. L. Naresh Kumar,Independent,74,0,74,0.04,22,22,Tamil Nadu,Chennai,General,,2026
13,Kolathur,21,V. Naresh Babu,Independent,52,0,52,0.03,22,22,Tamil Nadu,Chennai,General,,2026
13,Kolathur,22,K. Panneer Selvam,Independent,50,0,50,0.03,22,22,Tamil Nadu,Chennai,General,,2026
13,Kolathur,23,S. Balachandar,Independent,13,0,13,0.01,22,22,Tamil Nadu,Chennai,General,,2026
13,Kolathur,24,R. Balaji,Independent,21,0,21,0.01,22,22,Tamil Nadu,Chennai,General,,2026
13,Kolathur,25,M. Poornima,Independent,55,1,56,0.03,22,22,Tamil Nadu,Chennai,General,,2026
13,Kolathur,26,R. Mahesh,Independent,64,0,64,0.03,22,22,Tamil Nadu,Chennai,General,,2026
13,Kolathur,27,P. Milany,Independent,56,0,56,0.03,22,22,Tamil Nadu,Chennai,General,,2026
13,Kolathur,28,R. Ravikumar,Independent,33,1,34,0.02,22,22,Tamil Nadu,Chennai,General,,2026
13,Kolathur,29,R. Raj Guru,Independent,152,1,153,0.08,22,22,Tamil Nadu,Chennai,General,,2026
13,Kolathur,30,Raja. G.,Independent,28,0,28,0.02,22,22,Tamil Nadu,Chennai,General,,2026
13,Kolathur,31,A. Raji,Independent,22,1,23,0.01,22,22,Tamil Nadu,Chennai,General,,2026
13,Kolathur,32,M. Rajeshkumar,Independent,72,1,73,0.04,22,22,Tamil Nadu,Chennai,General,,2026
13,Kolathur,33,Vigirdhan,Independent,53,0,53,0.03,22,22,Tamil Nadu,Chennai,General,,2026
13,Kolathur,34,Farmer Jayaraman. S K J.,Independent,22,0,22,0.01,22,22,Tamil Nadu,Chennai,General,,2026
13,Kolathur,35,S. Sharan,Independent,34,1,35,0.02,22,22,Tamil Nadu,Chennai,General,,2026
13,Kolathur,36,Nota,None of the Above,882,10,892,0.48,22,22,Tamil Nadu,Chennai,General,,2026
14,Villivakkam,1,Karthik Mohan,Dravida Munnetra Kazhagam,48730,413,49143,34.74,19,19,Tamil Nadu,Chennai,General,SPA,2026
14,Villivakkam,2,Roshini S,Naam Tamilar Katchi,4287,23,4310,3.05,19,19,Tamil Nadu,Chennai,General,,2026
14,Villivakkam,3,Vijayakumar S.R,All India Anna Dravida Munnetra Kazhagam,19163,175,19338,13.67,19,19,Tamil Nadu,Chennai,General,NDA,2026
14,Villivakkam,4,Abdul Shabeek A,Tamizhaga Vaazhvurimai Katchi,147,0,147,0.1,19,19,Tamil Nadu,Chennai,General,,2026
14,Villivakkam,5,Ajithkumar A,Thakkam Katchi,146,1,147,0.1,19,19,Tamil Nadu,Chennai,General,,2026
14,Villivakkam,6,Aadhav Arjuna,Tamilaga Vettri Kazhagam,66149,296,66445,46.97,19,19,Tamil Nadu,Chennai,General,,2026
14,Villivakkam,7,Ashok Kumar C.A,Independent,99,0,99,0.07,19,19,Tamil Nadu,Chennai,General,,2026
14,Villivakkam,8,Anbazhagan G,Independent,33,0,33,0.02,19,19,Tamil Nadu,Chennai,General,,2026
14,Villivakkam,9,Kannan M,Independent,55,3,58,0.04,19,19,Tamil Nadu,Chennai,General,,2026
14,Villivakkam,10,Kandasamy S,Independent,41,1,42,0.03,19,19,Tamil Nadu,Chennai,General,,2026
14,Villivakkam,11,Karthick S,Independent,42,6,48,0.03,19,19,Tamil Nadu,Chennai,General,,2026
14,Villivakkam,12,Karthick P,Independent,69,2,71,0.05,19,19,Tamil Nadu,Chennai,General,,2026
14,Villivakkam,13,Shanmuga D,Independent,103,4,107,0.08,19,19,Tamil Nadu,Chennai,General,,2026
14,Villivakkam,14,Charavanan M.P,Independent,27,2,29,0.02,19,19,Tamil Nadu,Chennai,General,,2026
14,Villivakkam,15,Solomon J.R,Independent,50,1,51,0.04,19,19,Tamil Nadu,Chennai,General,,2026
14,Villivakkam,16,Subramani K,Independent,77,0,77,0.05,19,19,Tamil Nadu,Chennai,General,,2026
14,Villivakkam,17,Dhayanidhi D,Independent,184,0,184,0.13,19,19,Tamil Nadu,Chennai,General,,2026
14,Villivakkam,18,Devarajan G,Independent,62,0,62,0.04,19,19,Tamil Nadu,Chennai,General,,2026
14,Villivakkam,19,Balamurali G,Independent,50,0,50,0.04,19,19,Tamil Nadu,Chennai,General,,2026
14,Villivakkam,20,Purushothaman P,Independent,10,0,10,0.01,19,19,Tamil Nadu,Chennai,General,,2026
14,Villivakkam,21,Manimaran P,Independent,25,0,25,0.02,19,19,Tamil Nadu,Chennai,General,,2026
14,Villivakkam,22,Murali R,Independent,88,0,88,0.06,19,19,Tamil Nadu,Chennai,General,,2026
14,Villivakkam,23,Murali Vinodh M,Independent,27,1,28,0.02,19,19,Tamil Nadu,Chennai,General,,2026
14,Villivakkam,24,Yuvaraj S,Independent,32,0,32,0.02,19,19,Tamil Nadu,Chennai,General,,2026
14,Villivakkam,25,Raji M,Independent,9,0,9,0.01,19,19,Tamil Nadu,Chennai,General,,2026
14,Villivakkam,26,Vijayakumar G,Independent,45,1,46,0.03,19,19,Tamil Nadu,Chennai,General,,2026
14,Villivakkam,27,Vijayakumar D,Independent,30,0,30,0.02,19,19,Tamil Nadu,Chennai,General,,2026
14,Villivakkam,28,Jaya Zeba C,Independent,48,0,48,0.03,19,19,Tamil Nadu,Chennai,General,,2026
14,Villivakkam,29,Nota,None of the Above,691,4,695,0.49,19,19,Tamil Nadu,Chennai,General,,2026
15,Thiru,1,K. S. Ravichandran,Dravida Munnetra Kazhagam,46380,412,46792,32.52,17,17,Tamil Nadu,Chennai,SC,SPA,2026
15,Thiru,2,Porkodi Armstrong,All India Anna Dravida Munnetra Kazhagam,23080,224,23304,16.19,17,17,Tamil Nadu,Chennai,SC,NDA,2026
15,Thiru,3,Jagadesh Chander .M,Naam Tamilar Katchi,2637,21,2658,1.85,17,17,Tamil Nadu,Chennai,SC,,2026
15,Thiru,4,C. Christy,All India Puratchi Thalaivar Makkal Munnettra Kazhagam,92,2,94,0.07,17,17,Tamil Nadu,Chennai,SC,,2026
15,Thiru,5,A. Selva Kumar,Thakkam Katchi,170,0,170,0.12,17,17,Tamil Nadu,Chennai,SC,,2026
15,Thiru,6,M. R. Pallavi,Tamilaga Vettri Kazhagam,68768,357,69125,48.04,17,17,Tamil Nadu,Chennai,SC,,2026
15,Thiru,7,S Jayakalpana,Republican Party of India (Athawale),342,8,350,0.24,17,17,Tamil Nadu,Chennai,SC,,2026
15,Thiru,8,R. Anandan,Independent,28,1,29,0.02,17,17,Tamil Nadu,Chennai,SC,,2026
15,Thiru,9,M. Kannadasan,Independent,20,3,23,0.02,17,17,Tamil Nadu,Chennai,SC,,2026
15,Thiru,10,M. Kolanji,Independent,77,0,77,0.05,17,17,Tamil Nadu,Chennai,SC,,2026
15,Thiru,11,D. Sathish Kumar,Independent,39,1,40,0.03,17,17,Tamil Nadu,Chennai,SC,,2026
15,Thiru,12,Sathish,Independent,19,2,21,0.01,17,17,Tamil Nadu,Chennai,SC,,2026
15,Thiru,13,S. Senthamizhan,Independent,18,0,18,0.01,17,17,Tamil Nadu,Chennai,SC,,2026
15,Thiru,14,G. J. Dharaniraj,Independent,27,0,27,0.02,17,17,Tamil Nadu,Chennai,SC,,2026
15,Thiru,15,S. Parthiban,Independent,44,1,45,0.03,17,17,Tamil Nadu,Chennai,SC,,2026
15,Thiru,16,Prakash Arunachalam,Independent,133,1,134,0.09,17,17,Tamil Nadu,Chennai,SC,,2026
15,Thiru,17,Prasanth. D,Independent,134,0,134,0.09,17,17,Tamil Nadu,Chennai,SC,,2026
15,Thiru,18,Praveen Thiyagarajan,Independent,70,0,70,0.05,17,17,Tamil Nadu,Chennai,SC,,2026
15,Thiru,19,R. Murugan,Independent,32,0,32,0.02,17,17,Tamil Nadu,Chennai,SC,,2026
15,Thiru,20,M. Mohan,Independent,15,0,15,0.01,17,17,Tamil Nadu,Chennai,SC,,2026
15,Thiru,21,S. Rajendran,Independent,38,2,40,0.03,17,17,Tamil Nadu,Chennai,SC,,2026
15,Thiru,22,M. Lokesh,Independent,127,0,127,0.09,17,17,Tamil Nadu,Chennai,SC,,2026
15,Thiru,23,C. Jagan Mohan,Independent,50,1,51,0.04,17,17,Tamil Nadu,Chennai,SC,,2026
15,Thiru,24,Nota,None of the Above,523,4,527,0.37,17,17,Tamil Nadu,Chennai,SC,,2026
16,Egmore,1,Abishek. R,All India Anna Dravida Munnetra Kazhagam,17976,215,18191,15.19,15,15,Tamil Nadu,Chennai,SC,NDA,2026
16,Egmore,2,Saranya Imran,Naam Tamilar Katchi,2497,25,2522,2.11,15,15,Tamil Nadu,Chennai,SC,,2026
16,Egmore,3,Tamilan Prasanna,Dravida Munnetra Kazhagam,42728,369,43097,35.99,15,15,Tamil Nadu,Chennai,SC,SPA,2026
16,Egmore,4,Arun Rao. N.A,Naam Indiar Party,152,0,152,0.13,15,15,Tamil Nadu,Chennai,SC,,2026
16,Egmore,5,Dr.N. Gunasekar,Republican Party of India (Athawale),204,5,209,0.17,15,15,Tamil Nadu,Chennai,SC,,2026
16,Egmore,6,D. Thirunavukkarasar,Tamizhaga Vaazhvurimai Katchi,109,2,111,0.09,15,15,Tamil Nadu,Chennai,SC,,2026
16,Egmore,7,T. Magizhanban,All India Puratchi Thalaivar Makkal Munnettra Kazhagam,97,2,99,0.08,15,15,Tamil Nadu,Chennai,SC,,2026
16,Egmore,8,G.R. Rajendran,National Maha Sabha Party,169,4,173,0.14,15,15,Tamil Nadu,Chennai,SC,,2026
16,Egmore,9,Rajmohan,Tamilaga Vettri Kazhagam,53520,381,53901,45.02,15,15,Tamil Nadu,Chennai,SC,,2026
16,Egmore,10,Aravindan,Independent,65,0,65,0.05,15,15,Tamil Nadu,Chennai,SC,,2026
16,Egmore,11,R. Kumaravel,Independent,41,0,41,0.03,15,15,Tamil Nadu,Chennai,SC,,2026
16,Egmore,12,M. Nagarajan,Independent,54,0,54,0.05,15,15,Tamil Nadu,Chennai,SC,,2026
16,Egmore,13,S. Pichamuthu,Independent,51,0,51,0.04,15,15,Tamil Nadu,Chennai,SC,,2026
16,Egmore,14,Rajkumar,Independent,44,0,44,0.04,15,15,Tamil Nadu,Chennai,SC,,2026
16,Egmore,15,Rajmohan,Independent,88,4,92,0.08,15,15,Tamil Nadu,Chennai,SC,,2026
16,Egmore,16,S. Vinoth Kumar,Independent,153,2,155,0.13,15,15,Tamil Nadu,Chennai,SC,,2026
16,Egmore,17,Venkatesh. K,Independent,60,0,60,0.05,15,15,Tamil Nadu,Chennai,SC,,2026
16,Egmore,18,Sridhar. M,Independent,26,0,26,0.02,15,15,Tamil Nadu,Chennai,SC,,2026
16,Egmore,19,Nota,None of the Above,692,3,695,0.58,15,15,Tamil Nadu,Chennai,SC,,2026
17,Royapuram,1,Dr. A. Subair Khan,Dravida Munnetra Kazhagam,44514,328,44842,35.21,15,15,Tamil Nadu,Chennai,General,SPA,2026
17,Royapuram,2,A. Babu Mailan,Naam Tamilar Katchi,2918,29,2947,2.31,15,15,Tamil Nadu,Chennai,General,,2026
17,Royapuram,3,D. Jayakumar,All India Anna Dravida Munnetra Kazhagam,18170,250,18420,14.46,15,15,Tamil Nadu,Chennai,General,NDA,2026
17,Royapuram,4,M. Jayarajkumar,Bahujan Samaj Party,219,3,222,0.17,15,15,Tamil Nadu,Chennai,General,,2026
17,Royapuram,5,A. Sathik Kumar,Democratic National Allegiance,61,2,63,0.05,15,15,Tamil Nadu,Chennai,General,,2026
17,Royapuram,6,M. Rajkumar,Tamizhaga Vaazhvurimai Katchi,83,0,83,0.07,15,15,Tamil Nadu,Chennai,General,,2026
17,Royapuram,7,R. Vinothkumar,Naam Indiar Party,149,0,149,0.12,15,15,Tamil Nadu,Chennai,General,,2026
17,Royapuram,8,K.V. Vijay Damu,Tamilaga Vettri Kazhagam,58710,381,59091,46.4,15,15,Tamil Nadu,Chennai,General,,2026
17,Royapuram,9,T. Kaviyarasu,Independent,64,0,64,0.05,15,15,Tamil Nadu,Chennai,General,,2026
17,Royapuram,10,G. Karthikeyan,Independent,39,1,40,0.03,15,15,Tamil Nadu,Chennai,General,,2026
17,Royapuram,11,Kerthivarunnan .R,Independent,37,1,38,0.03,15,15,Tamil Nadu,Chennai,General,,2026
17,Royapuram,12,A. Sasikumar,Independent,37,0,37,0.03,15,15,Tamil Nadu,Chennai,General,,2026
17,Royapuram,13,M. Shanmugam,Independent,18,2,20,0.02,15,15,Tamil Nadu,Chennai,General,,2026
17,Royapuram,14,K.J. Sivakumar,Independent,30,1,31,0.02,15,15,Tamil Nadu,Chennai,General,,2026
17,Royapuram,15,P. Sumathi,Independent,47,2,49,0.04,15,15,Tamil Nadu,Chennai,General,,2026
17,Royapuram,16,J. Selvakumar,Independent,83,1,84,0.07,15,15,Tamil Nadu,Chennai,General,,2026
17,Royapuram,17,M Dhinakaran,Independent,216,0,216,0.17,15,15,Tamil Nadu,Chennai,General,,2026
17,Royapuram,18,A. Nizar Ahamed,Independent,37,0,37,0.03,15,15,Tamil Nadu,Chennai,General,,2026
17,Royapuram,19,V. Bhagath Singh,Independent,62,0,62,0.05,15,15,Tamil Nadu,Chennai,General,,2026
17,Royapuram,20,K. Prasath,Independent,36,0,36,0.03,15,15,Tamil Nadu,Chennai,General,,2026
17,Royapuram,21,M. Mahalakshmi,Independent,29,1,30,0.02,15,15,Tamil Nadu,Chennai,General,,2026
17,Royapuram,22,S. Raju,Independent,13,0,13,0.01,15,15,Tamil Nadu,Chennai,General,,2026
17,Royapuram,23,T. Rajesh,Independent,52,0,52,0.04,15,15,Tamil Nadu,Chennai,General,,2026
17,Royapuram,24,R. Rajkumar,Independent,99,0,99,0.08,15,15,Tamil Nadu,Chennai,General,,2026
17,Royapuram,25,A. Jayakumar,Independent,35,0,35,0.03,15,15,Tamil Nadu,Chennai,General,,2026
17,Royapuram,26,D. Jayakumar,Independent,75,1,76,0.06,15,15,Tamil Nadu,Chennai,General,,2026
17,Royapuram,27,I Jayaprakash,Independent,34,0,34,0.03,15,15,Tamil Nadu,Chennai,General,,2026
17,Royapuram,28,C. Sridhar,Independent,27,0,27,0.02,15,15,Tamil Nadu,Chennai,General,,2026
17,Royapuram,29,Nota,None of the Above,451,8,459,0.36,15,15,Tamil Nadu,Chennai,General,,2026
18,Harbour,1,M Suresh,Bahujan Samaj Party,231,1,232,0.23,14,14,Tamil Nadu,Chennai,General,,2026
18,Harbour,2,P K Sekarbabu,Dravida Munnetra Kazhagam,45073,181,45254,45.43,14,14,Tamil Nadu,Chennai,General,SPA,2026
18,Harbour,3,R Fouzan Shariff,Naam Tamilar Katchi,1598,9,1607,1.61,14,14,Tamil Nadu,Chennai,General,,2026
18,Harbour,4,R Manohar,All India Anna Dravida Munnetra Kazhagam,17191,65,17256,17.32,14,14,Tamil Nadu,Chennai,General,NDA,2026
18,Harbour,5,Sinora P S Ashok,Tamilaga Vettri Kazhagam,33426,78,33504,33.63,14,14,Tamil Nadu,Chennai,General,,2026
18,Harbour,6,Sivalingam Ashok,Independent,289,2,291,0.29,14,14,Tamil Nadu,Chennai,General,,2026
18,Harbour,7,Ashok Kumar,Independent,76,0,76,0.08,14,14,Tamil Nadu,Chennai,General,,2026
18,Harbour,8,S Ganesh,Independent,63,2,65,0.07,14,14,Tamil Nadu,Chennai,General,,2026
18,Harbour,9,D Kabilan,Independent,21,1,22,0.02,14,14,Tamil Nadu,Chennai,General,,2026
18,Harbour,10,M Kalaiventhan,Independent,18,0,18,0.02,14,14,Tamil Nadu,Chennai,General,,2026
18,Harbour,11,Sankar A,Independent,197,0,197,0.2,14,14,Tamil Nadu,Chennai,General,,2026
18,Harbour,12,J Shanmugapriyan,Independent,28,0,28,0.03,14,14,Tamil Nadu,Chennai,General,,2026
18,Harbour,13,R Dinesh,Independent,20,0,20,0.02,14,14,Tamil Nadu,Chennai,General,,2026
18,Harbour,14,J M Niraimozhi,Independent,34,0,34,0.03,14,14,Tamil Nadu,Chennai,General,,2026
18,Harbour,15,A Nepolian,Independent,30,0,30,0.03,14,14,Tamil Nadu,Chennai,General,,2026
18,Harbour,16,Babu Singh,Independent,108,0,108,0.11,14,14,Tamil Nadu,Chennai,General,,2026
18,Harbour,17,K E Manohar,Independent,56,0,56,0.06,14,14,Tamil Nadu,Chennai,General,,2026
18,Harbour,18,G Visu,Independent,73,0,73,0.07,14,14,Tamil Nadu,Chennai,General,,2026
18,Harbour,19,I Vinod,Independent,10,0,10,0.01,14,14,Tamil Nadu,Chennai,General,,2026
18,Harbour,20,P Vijayakumar,Independent,46,0,46,0.05,14,14,Tamil Nadu,Chennai,General,,2026
18,Harbour,21,T Vijayaraj,Independent,53,0,53,0.05,14,14,Tamil Nadu,Chennai,General,,2026
18,Harbour,22,S Veerabathran,Independent,16,0,16,0.02,14,14,Tamil Nadu,Chennai,General,,2026
18,Harbour,23,V Jagadeesan,Independent,26,0,26,0.03,14,14,Tamil Nadu,Chennai,General,,2026
18,Harbour,24,Nota,None of the Above,600,0,600,0.6,14,14,Tamil Nadu,Chennai,General,,2026
19,Chepauk,1,Aadirajaram,All India Anna Dravida Munnetra Kazhagam,16368,139,16507,11.73,17,17,Tamil Nadu,Chennai,General,NDA,2026
19,Chepauk,2,Aysha,Naam Tamilar Katchi,2959,12,2971,2.11,17,17,Tamil Nadu,Chennai,General,,2026
19,Chepauk,3,Udhayanidhi Stalin,Dravida Munnetra Kazhagam,62560,432,62992,44.76,17,17,Tamil Nadu,Chennai,General,SPA,2026
19,Chepauk,4,Mohammed Yasser,Bahujan Samaj Party,243,1,244,0.17,17,17,Tamil Nadu,Chennai,General,,2026
19,Chepauk,5,Irfan Basha,Tamizhaga Vaazhvurimai Katchi,144,1,145,0.1,17,17,Tamil Nadu,Chennai,General,,2026
19,Chepauk,6,Selvam. D,Tamilaga Vettri Kazhagam,55636,216,55852,39.68,17,17,Tamil Nadu,Chennai,General,,2026
19,Chepauk,7,Agni Aalvar,Independent,242,1,243,0.17,17,17,Tamil Nadu,Chennai,General,,2026
19,Chepauk,8,Athimulam,Independent,30,0,30,0.02,17,17,Tamil Nadu,Chennai,General,,2026
19,Chepauk,9,Ayisha,Independent,70,2,72,0.05,17,17,Tamil Nadu,Chennai,General,,2026
19,Chepauk,10,Arumugam. C,Independent,25,0,25,0.02,17,17,Tamil Nadu,Chennai,General,,2026
19,Chepauk,11,Kumar. M,Independent,29,4,33,0.02,17,17,Tamil Nadu,Chennai,General,,2026
19,Chepauk,12,Saamy. S.K. Dr,Independent,40,0,40,0.03,17,17,Tamil Nadu,Chennai,General,,2026
19,Chepauk,13,Seenivasan. L,Independent,27,2,29,0.02,17,17,Tamil Nadu,Chennai,General,,2026
19,Chepauk,14,Selvam. K,Independent,42,1,43,0.03,17,17,Tamil Nadu,Chennai,General,,2026
19,Chepauk,15,Selvam. K,Independent,37,0,37,0.03,17,17,Tamil Nadu,Chennai,General,,2026
19,Chepauk,16,Syeed Layak Bhasha,Independent,83,0,83,0.06,17,17,Tamil Nadu,Chennai,General,,2026
19,Chepauk,17,Bharathkumar. G,Independent,69,0,69,0.05,17,17,Tamil Nadu,Chennai,General,,2026
19,Chepauk,18,Milany. P,Independent,30,0,30,0.02,17,17,Tamil Nadu,Chennai,General,,2026
19,Chepauk,19,Mirza Safder Ali,Independent,185,0,185,0.13,17,17,Tamil Nadu,Chennai,General,,2026
19,Chepauk,20,Mohamed Dharik. I,Independent,38,0,38,0.03,17,17,Tamil Nadu,Chennai,General,,2026
19,Chepauk,21,Mohamed Meera. A,Independent,68,0,68,0.05,17,17,Tamil Nadu,Chennai,General,,2026
19,Chepauk,22,Rajasekar. S,Independent,115,0,115,0.08,17,17,Tamil Nadu,Chennai,General,,2026
19,Chepauk,23,Rajeshkumar. K,Independent,154,0,154,0.11,17,17,Tamil Nadu,Chennai,General,,2026
19,Chepauk,24,Vijaya Kumar. B,Independent,34,0,34,0.02,17,17,Tamil Nadu,Chennai,General,,2026
19,Chepauk,25,Selvam ( Alias ) Venkatesh,Independent,26,0,26,0.02,17,17,Tamil Nadu,Chennai,General,,2026
19,Chepauk,26,Selvam ( Alias ) Harinarayanan,Independent,33,0,33,0.02,17,17,Tamil Nadu,Chennai,General,,2026
19,Chepauk,27,Nota,None of the Above,636,7,643,0.46,17,17,Tamil Nadu,Chennai,General,,2026
20,Thousand Lights,1,Ezhilan Naganathan,Dravida Munnetra Kazhagam,43224,600,43824,33.24,18,18,Tamil Nadu,Chennai,General,SPA,2026
20,Thousand Lights,2,Kalanchiyam.Mu,Naam Tamilar Katchi,3680,37,3717,2.82,18,18,Tamil Nadu,Chennai,General,,2026
20,Thousand Lights,3,Valarmathi.B,All India Anna Dravida Munnetra Kazhagam,22971,349,23320,17.69,18,18,Tamil Nadu,Chennai,General,NDA,2026
20,Thousand Lights,4,Prabhakar.J.C.D,Tamilaga Vettri Kazhagam,58545,420,58965,44.73,18,18,Tamil Nadu,Chennai,General,,2026
20,Thousand Lights,5,Mohamed Ghouse.H,Tamizhaga Vaazhvurimai Katchi,200,3,203,0.15,18,18,Tamil Nadu,Chennai,General,,2026
20,Thousand Lights,6,Karthikeyan.S,Independent,60,1,61,0.05,18,18,Tamil Nadu,Chennai,General,,2026
20,Thousand Lights,7,Shankar.V,Independent,40,2,42,0.03,18,18,Tamil Nadu,Chennai,General,,2026
20,Thousand Lights,8,Sathya.A,Independent,161,4,165,0.13,18,18,Tamil Nadu,Chennai,General,,2026
20,Thousand Lights,9,Sundara Raju.A,Independent,48,0,48,0.04,18,18,Tamil Nadu,Chennai,General,,2026
20,Thousand Lights,10,Dhanasekaran.V,Independent,21,2,23,0.02,18,18,Tamil Nadu,Chennai,General,,2026
20,Thousand Lights,11,Pachaiyappan.E,Independent,20,0,20,0.02,18,18,Tamil Nadu,Chennai,General,,2026
20,Thousand Lights,12,Prabhakaran.T,Independent,36,0,36,0.03,18,18,Tamil Nadu,Chennai,General,,2026
20,Thousand Lights,13,Prabhakaran.B,Independent,63,1,64,0.05,18,18,Tamil Nadu,Chennai,General,,2026
20,Thousand Lights,14,Prabhakaran.V,Independent,62,1,63,0.05,18,18,Tamil Nadu,Chennai,General,,2026
20,Thousand Lights,15,Muniyan.E,Independent,26,2,28,0.02,18,18,Tamil Nadu,Chennai,General,,2026
20,Thousand Lights,16,Valarmathi.E,Independent,233,12,245,0.19,18,18,Tamil Nadu,Chennai,General,,2026
20,Thousand Lights,17,Valarmathy.D,Independent,100,2,102,0.08,18,18,Tamil Nadu,Chennai,General,,2026
20,Thousand Lights,18,Vijay.D,Independent,77,6,83,0.06,18,18,Tamil Nadu,Chennai,General,,2026
20,Thousand Lights,19,Nota,None of the Above,800,15,815,0.62,18,18,Tamil Nadu,Chennai,General,,2026
21,Anna Nagar,1,S.Gokula Indira,All India Anna Dravida Munnetra Kazhagam,33923,459,34382,21.05,20,20,Tamil Nadu,Chennai,General,NDA,2026
21,Anna Nagar,2,S.Shankar,Naam Tamilar Katchi,4796,43,4839,2.96,20,20,Tamil Nadu,Chennai,General,,2026
21,Anna Nagar,3,N.Chitrarasu,Dravida Munnetra Kazhagam,49367,645,50012,30.62,20,20,Tamil Nadu,Chennai,General,SPA,2026
21,Anna Nagar,4,B.Anand,Thakkam Katchi,124,3,127,0.08,20,20,Tamil Nadu,Chennai,General,,2026
21,Anna Nagar,5,S.Dhayalan,Thamizhaga Munnetra Congress,184,2,186,0.11,20,20,Tamil Nadu,Chennai,General,,2026
21,Anna Nagar,6,V.K.Ramkumar,Tamilaga Vettri Kazhagam,70986,389,71375,43.7,20,20,Tamil Nadu,Chennai,General,,2026
21,Anna Nagar,7,E.V.S.Rajakumar Naidu,Tamil Telugu National Party,133,1,134,0.08,20,20,Tamil Nadu,Chennai,General,,2026
21,Anna Nagar,8,N.P.Rajha,Naam Indiar Party,23,0,23,0.01,20,20,Tamil Nadu,Chennai,General,,2026
21,Anna Nagar,9,T S Habeeb Mohammad,Independent,127,4,131,0.08,20,20,Tamil Nadu,Chennai,General,,2026
21,Anna Nagar,10,S Ansar Ali,Independent,24,3,27,0.02,20,20,Tamil Nadu,Chennai,General,,2026
21,Anna Nagar,11,G Omprakash,Independent,39,2,41,0.03,20,20,Tamil Nadu,Chennai,General,,2026
21,Anna Nagar,12,L Kasinathan,Independent,50,0,50,0.03,20,20,Tamil Nadu,Chennai,General,,2026
21,Anna Nagar,13,S Sathish Kumar,Independent,50,0,50,0.03,20,20,Tamil Nadu,Chennai,General,,2026
21,Anna Nagar,14,G.Siva Kumar,Independent,57,1,58,0.04,20,20,Tamil Nadu,Chennai,General,,2026
21,Anna Nagar,15,M Selvamuthukumar,Independent,36,0,36,0.02,20,20,Tamil Nadu,Chennai,General,,2026
21,Anna Nagar,16,L Narendran,Independent,129,0,129,0.08,20,20,Tamil Nadu,Chennai,General,,2026
21,Anna Nagar,17,J Nagaraj,Independent,126,0,126,0.08,20,20,Tamil Nadu,Chennai,General,,2026
21,Anna Nagar,18,M Manoharan,Independent,26,1,27,0.02,20,20,Tamil Nadu,Chennai,General,,2026
21,Anna Nagar,19,Mohammed Bilal Fathick,Independent,101,0,101,0.06,20,20,Tamil Nadu,Chennai,General,,2026
21,Anna Nagar,20,Ramamoorthy E,Independent,33,2,35,0.02,20,20,Tamil Nadu,Chennai,General,,2026
21,Anna Nagar,21,Rajendiran Naidu,Independent,70,0,70,0.04,20,20,Tamil Nadu,Chennai,General,,2026
21,Anna Nagar,22,S Vinesh Kumar,Independent,286,3,289,0.18,20,20,Tamil Nadu,Chennai,General,,2026
21,Anna Nagar,23,Janarthanan P,Independent,71,0,71,0.04,20,20,Tamil Nadu,Chennai,General,,2026
21,Anna Nagar,24,M Harishankar,Independent,56,1,57,0.03,20,20,Tamil Nadu,Chennai,General,,2026
21,Anna Nagar,25,Nota,None of the Above,945,18,963,0.59,20,20,Tamil Nadu,Chennai,General,,2026
22,Virugampakkam,1,Santhosh,Naam Tamilar Katchi,6027,29,6056,3.5,24,24,Tamil Nadu,Chennai,General,,2026
22,Virugampakkam,2,Prabhakara Raja.A.M.V,Dravida Munnetra Kazhagam,48482,524,49006,28.35,24,24,Tamil Nadu,Chennai,General,SPA,2026
22,Virugampakkam,3,Virugai V.N.Ravi,All India Anna Dravida Munnetra Kazhagam,38337,430,38767,22.43,24,24,Tamil Nadu,Chennai,General,NDA,2026
22,Virugampakkam,4,Sabarinathan.R,Tamilaga Vettri Kazhagam,75801,291,76092,44.03,24,24,Tamil Nadu,Chennai,General,,2026
22,Virugampakkam,5,Sureshbabu.T.M,Tamil Telugu National Party,151,4,155,0.09,24,24,Tamil Nadu,Chennai,General,,2026
22,Virugampakkam,6,Balamurugan.P,Naam Indiar Party,40,0,40,0.02,24,24,Tamil Nadu,Chennai,General,,2026
22,Virugampakkam,7,Muthuraj.T,Tamizhaga Vaazhvurimai Katchi,100,1,101,0.06,24,24,Tamil Nadu,Chennai,General,,2026
22,Virugampakkam,8,Roy George,Anna Puratchi Thalaivar Amma Dravida Munnetra Kazhagam,42,1,43,0.02,24,24,Tamil Nadu,Chennai,General,,2026
22,Virugampakkam,9,Jagadish.S,Republican Party of India (Athawale),458,4,462,0.27,24,24,Tamil Nadu,Chennai,General,,2026
22,Virugampakkam,10,Alex Pandian.K,Independent,30,6,36,0.02,24,24,Tamil Nadu,Chennai,General,,2026
22,Virugampakkam,11,Esakkimuthunadar.P,Independent,32,4,36,0.02,24,24,Tamil Nadu,Chennai,General,,2026
22,Virugampakkam,12,Ezhilraj.D,Independent,50,2,52,0.03,24,24,Tamil Nadu,Chennai,General,,2026
22,Virugampakkam,13,Karthick.M,Independent,40,1,41,0.02,24,24,Tamil Nadu,Chennai,General,,2026
22,Virugampakkam,14,Kumar.S,Independent,62,1,63,0.04,24,24,Tamil Nadu,Chennai,General,,2026
22,Virugampakkam,15,Gopinath.G,Independent,81,1,82,0.05,24,24,Tamil Nadu,Chennai,General,,2026
22,Virugampakkam,16,Sankar.E,Independent,66,0,66,0.04,24,24,Tamil Nadu,Chennai,General,,2026
22,Virugampakkam,17,Chandra Sekar.K,Independent,87,1,88,0.05,24,24,Tamil Nadu,Chennai,General,,2026
22,Virugampakkam,18,Sabarinathan.P,Independent,121,3,124,0.07,24,24,Tamil Nadu,Chennai,General,,2026
22,Virugampakkam,19,Srinivasan.M,Independent,97,4,101,0.06,24,24,Tamil Nadu,Chennai,General,,2026
22,Virugampakkam,20,Dineshkumar.N,Independent,122,0,122,0.07,24,24,Tamil Nadu,Chennai,General,,2026
22,Virugampakkam,21,Rangaraj.G,Independent,91,0,91,0.05,24,24,Tamil Nadu,Chennai,General,,2026
22,Virugampakkam,22,Ravikumar,Independent,104,3,107,0.06,24,24,Tamil Nadu,Chennai,General,,2026
22,Virugampakkam,23,Lukmanbabu.S,Independent,50,0,50,0.03,24,24,Tamil Nadu,Chennai,General,,2026
22,Virugampakkam,24,Venkatesan.C,Independent,20,0,20,0.01,24,24,Tamil Nadu,Chennai,General,,2026
22,Virugampakkam,25,Nota,None of the Above,1016,14,1030,0.6,24,24,Tamil Nadu,Chennai,General,,2026
23,Saidapet,1,Kumaran. G.P,Bahujan Samaj Party,560,11,571,0.36,21,21,Tamil Nadu,Chennai,General,,2026
23,Saidapet,2,Subramanian. Ma,Dravida Munnetra Kazhagam,52010,681,52691,32.85,21,21,Tamil Nadu,Chennai,General,SPA,2026
23,Saidapet,3,Srividya. G,Naam Tamilar Katchi,5864,54,5918,3.69,21,21,Tamil Nadu,Chennai,General,,2026
23,Saidapet,4,Arul Prakasam. M,Tamilaga Vettri Kazhagam,80738,467,81205,50.63,21,21,Tamil Nadu,Chennai,General,,2026
23,Saidapet,5,Senthamizhan. G,Amma Makkal Munnettra Kazagam,17632,207,17839,11.12,21,21,Tamil Nadu,Chennai,General,,2026
23,Saidapet,6,Soundararajan. N,Naam Indiar Party,128,4,132,0.08,21,21,Tamil Nadu,Chennai,General,,2026
23,Saidapet,7,Parthiban. S,MGR Makkal Katchi,128,3,131,0.08,21,21,Tamil Nadu,Chennai,General,,2026
23,Saidapet,8,Anand. S,Independent,63,3,66,0.04,21,21,Tamil Nadu,Chennai,General,,2026
23,Saidapet,9,Kandhasamy. R (Alias) Babu,Independent,62,2,64,0.04,21,21,Tamil Nadu,Chennai,General,,2026
23,Saidapet,10,Prasad. N,Independent,90,3,93,0.06,21,21,Tamil Nadu,Chennai,General,,2026
23,Saidapet,11,Prithviraj. A,Independent,89,4,93,0.06,21,21,Tamil Nadu,Chennai,General,,2026
23,Saidapet,12,Yogaprakash. B,Independent,156,2,158,0.1,21,21,Tamil Nadu,Chennai,General,,2026
23,Saidapet,13,Raja. R,Independent,254,4,258,0.16,21,21,Tamil Nadu,Chennai,General,,2026
23,Saidapet,14,Valarmathi. P,Independent,131,8,139,0.09,21,21,Tamil Nadu,Chennai,General,,2026
23,Saidapet,15,Gingston. M,Independent,117,2,119,0.07,21,21,Tamil Nadu,Chennai,General,,2026
23,Saidapet,16,Nota,None of the Above,913,11,924,0.58,21,21,Tamil Nadu,Chennai,General,,2026
24,Thiyagarayanagar,1,Anusha V,Naam Tamilar Katchi,4525,29,4554,3.4,18,18,Tamil Nadu,Chennai,General,,2026
24,Thiyagarayanagar,2,Sathiyanarayanan B,All India Anna Dravida Munnetra Kazhagam,38048,557,38605,28.83,18,18,Tamil Nadu,Chennai,General,NDA,2026
24,Thiyagarayanagar,3,Raja Anbazhagan,Dravida Munnetra Kazhagam,36609,408,37017,27.64,18,18,Tamil Nadu,Chennai,General,SPA,2026
24,Thiyagarayanagar,4,Anand N,Tamilaga Vettri Kazhagam,51390,242,51632,38.55,18,18,Tamil Nadu,Chennai,General,,2026
24,Thiyagarayanagar,5,Ravi M L,Desiya Makkal Sakthi Katchi,108,0,108,0.08,18,18,Tamil Nadu,Chennai,General,,2026
24,Thiyagarayanagar,6,Abukither M,Independent,122,1,123,0.09,18,18,Tamil Nadu,Chennai,General,,2026
24,Thiyagarayanagar,7,Aravind Gosh Y T,Independent,29,1,30,0.02,18,18,Tamil Nadu,Chennai,General,,2026
24,Thiyagarayanagar,8,Easan Natarajan T,Independent,40,1,41,0.03,18,18,Tamil Nadu,Chennai,General,,2026
24,Thiyagarayanagar,9,Kumar Sri Sri B,Independent,20,2,22,0.02,18,18,Tamil Nadu,Chennai,General,,2026
24,Thiyagarayanagar,10,Sathish Kumar B,Independent,26,5,31,0.02,18,18,Tamil Nadu,Chennai,General,,2026
24,Thiyagarayanagar,11,Gnanasekaran G,Independent,38,6,44,0.03,18,18,Tamil Nadu,Chennai,General,,2026
24,Thiyagarayanagar,12,Thennarasu P,Independent,14,3,17,0.01,18,18,Tamil Nadu,Chennai,General,,2026
24,Thiyagarayanagar,13,Padmini Narasimhan,Independent,118,6,124,0.09,18,18,Tamil Nadu,Chennai,General,,2026
24,Thiyagarayanagar,14,Badri S,Independent,78,1,79,0.06,18,18,Tamil Nadu,Chennai,General,,2026
24,Thiyagarayanagar,15,Balaji S,Independent,27,2,29,0.02,18,18,Tamil Nadu,Chennai,General,,2026
24,Thiyagarayanagar,16,Prasath D,Independent,45,0,45,0.03,18,18,Tamil Nadu,Chennai,General,,2026
24,Thiyagarayanagar,17,Manikandan T,Independent,35,1,36,0.03,18,18,Tamil Nadu,Chennai,General,,2026
24,Thiyagarayanagar,18,Manikandan N,Independent,79,0,79,0.06,18,18,Tamil Nadu,Chennai,General,,2026
24,Thiyagarayanagar,19,Moorthy N,Independent,63,1,64,0.05,18,18,Tamil Nadu,Chennai,General,,2026
24,Thiyagarayanagar,20,Mythili C,Independent,85,1,86,0.06,18,18,Tamil Nadu,Chennai,General,,2026
24,Thiyagarayanagar,21,Ramkumar L,Independent,31,0,31,0.02,18,18,Tamil Nadu,Chennai,General,,2026
24,Thiyagarayanagar,22,Ramachandran O N,Independent,70,4,74,0.06,18,18,Tamil Nadu,Chennai,General,,2026
24,Thiyagarayanagar,23,Rajesh E,Independent,66,1,67,0.05,18,18,Tamil Nadu,Chennai,General,,2026
24,Thiyagarayanagar,24,Vetrivel K,Independent,68,0,68,0.05,18,18,Tamil Nadu,Chennai,General,,2026
24,Thiyagarayanagar,25,Jayavel,Independent,23,0,23,0.02,18,18,Tamil Nadu,Chennai,General,,2026
24,Thiyagarayanagar,26,Jothiraj G M,Independent,21,0,21,0.02,18,18,Tamil Nadu,Chennai,General,,2026
24,Thiyagarayanagar,27,Nota,None of the Above,861,17,878,0.66,18,18,Tamil Nadu,Chennai,General,,2026
25,Mylapore,1,Arun. R.L,Naam Tamilar Katchi,4470,29,4499,2.99,21,21,Tamil Nadu,Chennai,General,,2026
25,Mylapore,2,Dr. Tamilisai Soundararajan,Bharatiya Janata Party,31844,484,32328,21.47,21,21,Tamil Nadu,Chennai,General,NDA,2026
25,Mylapore,3,Balaji. V,Bahujan Samaj Party,264,3,267,0.18,21,21,Tamil Nadu,Chennai,General,,2026
25,Mylapore,4,Velu. Dha,Dravida Munnetra Kazhagam,40647,451,41098,27.29,21,21,Tamil Nadu,Chennai,General,SPA,2026
25,Mylapore,5,Devendran. R,Tamizhaga Murpokku Makkal Katchi,144,1,145,0.1,21,21,Tamil Nadu,Chennai,General,,2026
25,Mylapore,6,Nagarajan. S,All India Jananayaka Makkal Kazhagam,88,0,88,0.06,21,21,Tamil Nadu,Chennai,General,,2026
25,Mylapore,7,Moorthy. S,Thamizhaga Dravidar Katchi,119,1,120,0.08,21,21,Tamil Nadu,Chennai,General,,2026
25,Mylapore,8,Mohanraj. J,Jebamani Janata,264,1,265,0.18,21,21,Tamil Nadu,Chennai,General,,2026
25,Mylapore,9,Venkataramanan. P,Tamilaga Vettri Kazhagam,69748,322,70070,46.53,21,21,Tamil Nadu,Chennai,General,,2026
25,Mylapore,10,Selvamuthu. S,Independent,74,5,79,0.05,21,21,Tamil Nadu,Chennai,General,,2026
25,Mylapore,11,Parthipan. G,Independent,63,1,64,0.04,21,21,Tamil Nadu,Chennai,General,,2026
25,Mylapore,12,Radhakrishnan. G,Independent,40,0,40,0.03,21,21,Tamil Nadu,Chennai,General,,2026
25,Mylapore,13,Romanraj. A,Independent,74,0,74,0.05,21,21,Tamil Nadu,Chennai,General,,2026
25,Mylapore,14,Vinu Pradha. A,Independent,107,2,109,0.07,21,21,Tamil Nadu,Chennai,General,,2026
25,Mylapore,15,Vijayalakshmi. P,Independent,224,3,227,0.15,21,21,Tamil Nadu,Chennai,General,,2026
25,Mylapore,16,Vijaya Krishna. V,Independent,141,1,142,0.09,21,21,Tamil Nadu,Chennai,General,,2026
25,Mylapore,17,Venkataraman. B,Independent,107,0,107,0.07,21,21,Tamil Nadu,Chennai,General,,2026
25,Mylapore,18,Velu. K,Independent,46,4,50,0.03,21,21,Tamil Nadu,Chennai,General,,2026
25,Mylapore,19,Jayagopi. M,Independent,51,1,52,0.03,21,21,Tamil Nadu,Chennai,General,,2026
25,Mylapore,20,Nota,None of the Above,762,8,770,0.51,21,21,Tamil Nadu,Chennai,General,,2026
26,Velachery,1,Aassan Maulaana J.M.H,Indian National Congress,45416,512,45928,24.85,23,23,Tamil Nadu,Chennai,General,SPA,2026
26,Velachery,2,Ashok. M.K,All India Anna Dravida Munnetra Kazhagam,46505,620,47125,25.5,23,23,Tamil Nadu,Chennai,General,NDA,2026
26,Velachery,3,Keerthana. M,Naam Tamilar Katchi,7656,41,7697,4.16,23,23,Tamil Nadu,Chennai,General,,2026
26,Velachery,4,Mohanraj. K,Bahujan Samaj Party,237,2,239,0.13,23,23,Tamil Nadu,Chennai,General,,2026
26,Velachery,5,Kanchana. R,Tamizhaga Murpokku Makkal Katchi,203,2,205,0.11,23,23,Tamil Nadu,Chennai,General,,2026
26,Velachery,6,Kumar. R,Tamilaga Vettri Kazhagam,80057,373,80430,43.52,23,23,Tamil Nadu,Chennai,General,,2026
26,Velachery,7,Poyyamozhi. M,Proutist Sarva Samaj,127,3,130,0.07,23,23,Tamil Nadu,Chennai,General,,2026
26,Velachery,8,Mani. M,Veerath Thiyagi Viswanathadoss Thozhilalarkal Katchi,132,1,133,0.07,23,23,Tamil Nadu,Chennai,General,,2026
26,Velachery,9,Mohamed Yaseen. I,Thakkam Katchi,47,4,51,0.03,23,23,Tamil Nadu,Chennai,General,,2026
26,Velachery,10,Rokesh Kumar. V,Tamizhaga Vaazhvurimai Katchi,114,3,117,0.06,23,23,Tamil Nadu,Chennai,General,,2026
26,Velachery,11,Ashok. M,Independent,83,5,88,0.05,23,23,Tamil Nadu,Chennai,General,,2026
26,Velachery,12,Azarutheen. M,Independent,60,3,63,0.03,23,23,Tamil Nadu,Chennai,General,,2026
26,Velachery,13,Ahammed Nazeer Khan,Independent,23,1,24,0.01,23,23,Tamil Nadu,Chennai,General,,2026
26,Velachery,14,Kannan. K,Independent,82,3,85,0.05,23,23,Tamil Nadu,Chennai,General,,2026
26,Velachery,15,Kala Pethachi,Independent,229,4,233,0.13,23,23,Tamil Nadu,Chennai,General,,2026
26,Velachery,16,Sarabeshwar Sisu. P,Independent,128,1,129,0.07,23,23,Tamil Nadu,Chennai,General,,2026
26,Velachery,17,Suresh K,Independent,134,3,137,0.07,23,23,Tamil Nadu,Chennai,General,,2026
26,Velachery,18,Diwakar. R,Independent,129,1,130,0.07,23,23,Tamil Nadu,Chennai,General,,2026
26,Velachery,19,Deepak Ravi,Independent,27,0,27,0.01,23,23,Tamil Nadu,Chennai,General,,2026
26,Velachery,20,Bhaskar. G,Independent,45,2,47,0.03,23,23,Tamil Nadu,Chennai,General,,2026
26,Velachery,21,Mohan. R,Independent,32,0,32,0.02,23,23,Tamil Nadu,Chennai,General,,2026
26,Velachery,22,Radhakrishnan. D.R,Independent,143,0,143,0.08,23,23,Tamil Nadu,Chennai,General,,2026
26,Velachery,23,Rajasekar. S,Independent,58,3,61,0.03,23,23,Tamil Nadu,Chennai,General,,2026
26,Velachery,24,Ritish,Independent,12,0,12,0.01,23,23,Tamil Nadu,Chennai,General,,2026
26,Velachery,25,Vignesh. M,Independent,69,1,70,0.04,23,23,Tamil Nadu,Chennai,General,,2026
26,Velachery,26,Vignesh. R,Independent,65,1,66,0.04,23,23,Tamil Nadu,Chennai,General,,2026
26,Velachery,27,Janagaraj Ravi Gunaseelan,Independent,76,1,77,0.04,23,23,Tamil Nadu,Chennai,General,,2026
26,Velachery,28,Nota,None of the Above,1318,18,1336,0.72,23,23,Tamil Nadu,Chennai,General,,2026
27,Shozhinganallur,1,S. Aravind Ramesh,Dravida Munnetra Kazhagam,122813,789,123602,27.63,33,33,Tamil Nadu,Chennai,General,SPA,2026
27,Shozhinganallur,2,K.P.Kandan,All India Anna Dravida Munnetra Kazhagam,73604,508,74112,16.57,33,33,Tamil Nadu,Chennai,General,NDA,2026
27,Shozhinganallur,3,S.Pushna Kumar,Bahujan Samaj Party,521,3,524,0.12,33,33,Tamil Nadu,Chennai,General,,2026
27,Shozhinganallur,4,R Jayalakshmi,Naam Tamilar Katchi,21844,75,21919,4.9,33,33,Tamil Nadu,Chennai,General,,2026
27,Shozhinganallur,5,M. Alexandar,Naam Indiar Party,123,0,123,0.03,33,33,Tamil Nadu,Chennai,General,,2026
27,Shozhinganallur,6,M. Christhu Dass,Dravida Jananayaga Makkal Katchi,485,1,486,0.11,33,33,Tamil Nadu,Chennai,General,,2026
27,Shozhinganallur,7,Ecr P Saravanan,Tamilaga Vettri Kazhagam,219807,575,220382,49.27,33,33,Tamil Nadu,Chennai,General,,2026
27,Shozhinganallur,8,M.G.Ramu,Jebamani Janata,320,1,321,0.07,33,33,Tamil Nadu,Chennai,General,,2026
27,Shozhinganallur,9,K. Vishwanathan,All India Puratchi Thalaivar Makkal Munnettra Kazhagam,245,6,251,0.06,33,33,Tamil Nadu,Chennai,General,,2026
27,Shozhinganallur,10,R Ravichandran,Independent,189,0,189,0.04,33,33,Tamil Nadu,Chennai,General,,2026
27,Shozhinganallur,11,V. Kandhan,Independent,100,3,103,0.02,33,33,Tamil Nadu,Chennai,General,,2026
27,Shozhinganallur,12,S. Karthik,Independent,214,0,214,0.05,33,33,Tamil Nadu,Chennai,General,,2026
27,Shozhinganallur,13,S.Govindhan,Independent,149,0,149,0.03,33,33,Tamil Nadu,Chennai,General,,2026
27,Shozhinganallur,14,P.Chandra Kanth,Independent,114,1,115,0.03,33,33,Tamil Nadu,Chennai,General,,2026
27,Shozhinganallur,15,Chandrasekaran,Independent,170,7,177,0.04,33,33,Tamil Nadu,Chennai,General,,2026
27,Shozhinganallur,16,D. Srinivasan,Independent,249,5,254,0.06,33,33,Tamil Nadu,Chennai,General,,2026
27,Shozhinganallur,17,G Suresh Kumar,Independent,414,0,414,0.09,33,33,Tamil Nadu,Chennai,General,,2026
27,Shozhinganallur,18,N.Prashantha Rao,Independent,525,2,527,0.12,33,33,Tamil Nadu,Chennai,General,,2026
27,Shozhinganallur,19,A.Mohammed Gani,Independent,98,0,98,0.02,33,33,Tamil Nadu,Chennai,General,,2026
27,Shozhinganallur,20,Mutharasan,Independent,66,1,67,0.01,33,33,Tamil Nadu,Chennai,General,,2026
27,Shozhinganallur,21,E. Murali B.A,Independent,153,3,156,0.03,33,33,Tamil Nadu,Chennai,General,,2026
27,Shozhinganallur,22,R.Yogeshwaran,Independent,115,0,115,0.03,33,33,Tamil Nadu,Chennai,General,,2026
27,Shozhinganallur,23,Ramanathan M,Independent,263,0,263,0.06,33,33,Tamil Nadu,Chennai,General,,2026
27,Shozhinganallur,24,Rajesh,Independent,159,1,160,0.04,33,33,Tamil Nadu,Chennai,General,,2026
27,Shozhinganallur,25,E. Vijay,Independent,253,4,257,0.06,33,33,Tamil Nadu,Chennai,General,,2026
27,Shozhinganallur,26,Farmer Jayaraman S K J,Independent,113,2,115,0.03,33,33,Tamil Nadu,Chennai,General,,2026
27,Shozhinganallur,27,Jaikumar Balachandran,Independent,123,0,123,0.03,33,33,Tamil Nadu,Chennai,General,,2026
27,Shozhinganallur,28,Nota,None of the Above,2063,16,2079,0.46,33,33,Tamil Nadu,Chennai,General,,2026
28,Alandur,1,T.M.Anbarasan,Dravida Munnetra Kazhagam,81642,954,82596,31.58,31,31,Tamil Nadu,Chennai,General,SPA,2026
28,Alandur,2,S.Saravanan,All India Anna Dravida Munnetra Kazhagam,51652,591,52243,19.97,31,31,Tamil Nadu,Chennai,General,NDA,2026
28,Alandur,3,Y.G.Mahalakshmi,Naam Tamilar Katchi,10346,59,10405,3.98,31,31,Tamil Nadu,Chennai,General,,2026
28,Alandur,4,J.Agni Selvarasu,Naadaalum Makkal Katchi,230,3,233,0.09,31,31,Tamil Nadu,Chennai,General,,2026
28,Alandur,5,Aravind Chandrasekar,Indhu Dravida Makkal Katchi,76,1,77,0.03,31,31,Tamil Nadu,Chennai,General,,2026
28,Alandur,6,B. Kalyanaramkumar,Naam Indiar Party,59,1,60,0.02,31,31,Tamil Nadu,Chennai,General,,2026
28,Alandur,7,S.Royappan,Tamizhaga Vaazhvurimai Katchi,89,0,89,0.03,31,31,Tamil Nadu,Chennai,General,,2026
28,Alandur,8,A.Velusamy,Puthiya Tamilagam,92,1,93,0.04,31,31,Tamil Nadu,Chennai,General,,2026
28,Alandur,9,N.Hari Krishnan,All India Puratchi Thalaivar Makkal Munnettra Kazhagam,315,2,317,0.12,31,31,Tamil Nadu,Chennai,General,,2026
28,Alandur,10,M.Harish,Tamilaga Vettri Kazhagam,111572,633,112205,42.9,31,31,Tamil Nadu,Chennai,General,,2026
28,Alandur,11,V.Anbarasan,Independent,119,1,120,0.05,31,31,Tamil Nadu,Chennai,General,,2026
28,Alandur,12,A.Saravanan,Independent,77,1,78,0.03,31,31,Tamil Nadu,Chennai,General,,2026
28,Alandur,13,S.Saravanan,Independent,64,12,76,0.03,31,31,Tamil Nadu,Chennai,General,,2026
28,Alandur,14,D.Saravanan,Independent,38,12,50,0.02,31,31,Tamil Nadu,Chennai,General,,2026
28,Alandur,15,R.Saravanan,Independent,148,2,150,0.06,31,31,Tamil Nadu,Chennai,General,,2026
28,Alandur,16,R.Suresh,Independent,166,2,168,0.06,31,31,Tamil Nadu,Chennai,General,,2026
28,Alandur,17,Senkodi Vijayalakshmi,Independent,231,2,233,0.09,31,31,Tamil Nadu,Chennai,General,,2026
28,Alandur,18,R.Selvakumar,Independent,69,0,69,0.03,31,31,Tamil Nadu,Chennai,General,,2026
28,Alandur,19,G.Daniel Antonyraj,Independent,19,0,19,0.01,31,31,Tamil Nadu,Chennai,General,,2026
28,Alandur,20,Mahesh Kumar,Independent,103,2,105,0.04,31,31,Tamil Nadu,Chennai,General,,2026
28,Alandur,21,G.Ramanan,Independent,17,0,17,0.01,31,31,Tamil Nadu,Chennai,General,,2026
28,Alandur,22,K.Velayudham,Independent,50,1,51,0.02,31,31,Tamil Nadu,Chennai,General,,2026
28,Alandur,23,M.Harish,Independent,845,8,853,0.33,31,31,Tamil Nadu,Chennai,General,,2026
28,Alandur,24,Nota,None of the Above,1252,11,1263,0.48,31,31,Tamil Nadu,Chennai,General,,2026
29,Sriperumbudur,1,M. Sindhu Ezhilarasan,Naam Tamilar Katchi,13075,75,13150,3.97,33,33,Tamil Nadu,Kanchipuram,SC,,2026
29,Sriperumbudur,2,K. Selvaperunthagai,Indian National Congress,92498,867,93365,28.2,33,33,Tamil Nadu,Kanchipuram,SC,SPA,2026
29,Sriperumbudur,3,K. Palani,All India Anna Dravida Munnetra Kazhagam,72440,742,73182,22.1,33,33,Tamil Nadu,Kanchipuram,SC,NDA,2026
29,Sriperumbudur,4,A. Guruanandhan,Anaithinthiya Anna Dravida Makkal Seyal katchi,476,3,479,0.14,33,33,Tamil Nadu,Kanchipuram,SC,,2026
29,Sriperumbudur,5,A.Gnanasekaran,Tamizhaga Vaazhvurimai Katchi,269,2,271,0.08,33,33,Tamil Nadu,Kanchipuram,SC,,2026
29,Sriperumbudur,6,M.Tamilarasan,Communist Party of India (Marxist-Leninist) (Liberation),507,4,511,0.15,33,33,Tamil Nadu,Kanchipuram,SC,,2026
29,Sriperumbudur,7,Thennarasu.K,Tamilaga Vettri Kazhagam,146950,661,147611,44.58,33,33,Tamil Nadu,Kanchipuram,SC,,2026
29,Sriperumbudur,8,D.Purushothaman,All India Puratchi Thalaivar Makkal Munnettra Kazhagam,484,5,489,0.15,33,33,Tamil Nadu,Kanchipuram,SC,,2026
29,Sriperumbudur,9,Elangovan Sivakumar,Independent,110,2,112,0.03,33,33,Tamil Nadu,Kanchipuram,SC,,2026
29,Sriperumbudur,10,J. Nithya,Independent,147,29,176,0.05,33,33,Tamil Nadu,Kanchipuram,SC,,2026
29,Sriperumbudur,11,E. Murugan,Independent,93,19,112,0.03,33,33,Tamil Nadu,Kanchipuram,SC,,2026
29,Sriperumbudur,12,G. Rajathi,Independent,211,0,211,0.06,33,33,Tamil Nadu,Kanchipuram,SC,,2026
29,Sriperumbudur,13,P. Vedhagiri,Independent,257,1,258,0.08,33,33,Tamil Nadu,Kanchipuram,SC,,2026
29,Sriperumbudur,14,Nota,None of the Above,1158,3,1161,0.35,33,33,Tamil Nadu,Kanchipuram,SC,,2026
30,Pallavaram,1,Dr.R.Karthikeyan,Naam Tamilar Katchi,13961,104,14065,4.96,35,35,Tamil Nadu,Chengalpattu,General,,2026
30,Pallavaram,2,N.Bharathi,Bahujan Samaj Party,554,8,562,0.2,35,35,Tamil Nadu,Chengalpattu,General,,2026
30,Pallavaram,3,D.Murugesan,Desiya Murpokku Dravida Kazhagam,78342,576,78918,27.82,35,35,Tamil Nadu,Chengalpattu,General,SPA,2026
30,Pallavaram,4,V.Venkatesan,All India Anna Dravida Munnetra Kazhagam,48309,612,48921,17.25,35,35,Tamil Nadu,Chengalpattu,General,NDA,2026
30,Pallavaram,5,T.Amirtha Kanthan,Naam Indiar Party,346,3,349,0.12,35,35,Tamil Nadu,Chengalpattu,General,,2026
30,Pallavaram,6,M.L.Ravi,Desiya Makkal Sakthi Katchi,375,2,377,0.13,35,35,Tamil Nadu,Chengalpattu,General,,2026
30,Pallavaram,7,J.Kamatchi,Tamilaga Vettri Kazhagam,133119,492,133611,47.1,35,35,Tamil Nadu,Chengalpattu,General,,2026
30,Pallavaram,8,A.Thangaraj,Puthiya Tamilagam,548,7,555,0.2,35,35,Tamil Nadu,Chengalpattu,General,,2026
30,Pallavaram,9,G.Rameshbabu,Indhu Dravida Makkal Katchi,275,8,283,0.1,35,35,Tamil Nadu,Chengalpattu,General,,2026
30,Pallavaram,10,S.Rahamathulla,Tamizhaga Vaazhvurimai Katchi,294,0,294,0.1,35,35,Tamil Nadu,Chengalpattu,General,,2026
30,Pallavaram,11,B.Rajeswari,Naadaalum Makkal Katchi,437,6,443,0.16,35,35,Tamil Nadu,Chengalpattu,General,,2026
30,Pallavaram,12,R.Rajkumar,All India Puratchi Thalaivar Makkal Munnettra Kazhagam,230,1,231,0.08,35,35,Tamil Nadu,Chengalpattu,General,,2026
30,Pallavaram,13,M.Sankar,Independent,77,1,78,0.03,35,35,Tamil Nadu,Chengalpattu,General,,2026
30,Pallavaram,14,S.Sathiyaraj,Independent,235,0,235,0.08,35,35,Tamil Nadu,Chengalpattu,General,,2026
30,Pallavaram,15,M.Sivakumar,Independent,319,3,322,0.11,35,35,Tamil Nadu,Chengalpattu,General,,2026
30,Pallavaram,16,S.Sundaramoorthy Pandiyar,Independent,179,1,180,0.06,35,35,Tamil Nadu,Chengalpattu,General,,2026
30,Pallavaram,17,R.Muthukumar,Independent,298,0,298,0.11,35,35,Tamil Nadu,Chengalpattu,General,,2026
30,Pallavaram,18,P.Ravichandran,Independent,102,1,103,0.04,35,35,Tamil Nadu,Chengalpattu,General,,2026
30,Pallavaram,19,N.Ramkumar,Independent,427,2,429,0.15,35,35,Tamil Nadu,Chengalpattu,General,,2026
30,Pallavaram,20,Rajesh T R,Independent,1271,6,1277,0.45,35,35,Tamil Nadu,Chengalpattu,General,,2026
30,Pallavaram,21,S.Vetri Vel,Independent,98,1,99,0.03,35,35,Tamil Nadu,Chengalpattu,General,,2026
30,Pallavaram,22,R.Jawahar,Independent,232,1,233,0.08,35,35,Tamil Nadu,Chengalpattu,General,,2026
30,Pallavaram,23,G.John Pandian,Independent,208,4,212,0.07,35,35,Tamil Nadu,Chengalpattu,General,,2026
30,Pallavaram,24,Nota,None of the Above,1580,22,1602,0.56,35,35,Tamil Nadu,Chengalpattu,General,,2026
31,Tambaram,1,C.Rajendran,All India Anna Dravida Munnetra Kazhagam,61381,610,61991,22.23,39,39,Tamil Nadu,Chengalpattu,General,NDA,2026
31,Tambaram,2,R.S.Kiruthika Devi,Dravida Munnetra Kazhagam,82642,704,83346,29.89,39,39,Tamil Nadu,Chengalpattu,General,SPA,2026
31,Tambaram,3,S.Tamilchelvi,Naam Tamilar Katchi,11554,73,11627,4.17,39,39,Tamil Nadu,Chengalpattu,General,,2026
31,Tambaram,4,M.Raja,Bahujan Samaj Party,287,3,290,0.1,39,39,Tamil Nadu,Chengalpattu,General,,2026
31,Tambaram,5,D.Sarathkumar,Tamilaga Vettri Kazhagam,118577,390,118967,42.67,39,39,Tamil Nadu,Chengalpattu,General,,2026
31,Tambaram,6,Sivaraman.S,Veerath Thiyagi Viswanathadoss Thozhilalarkal Katchi,157,1,158,0.06,39,39,Tamil Nadu,Chengalpattu,General,,2026
31,Tambaram,7,Thambiraj.E,Naam Indiar Party,69,0,69,0.02,39,39,Tamil Nadu,Chengalpattu,General,,2026
31,Tambaram,8,S.Parthiban,Democratic National Allegiance,49,1,50,0.02,39,39,Tamil Nadu,Chengalpattu,General,,2026
31,Tambaram,9,P.Pon Raja,Tamizhaga Vaazhvurimai Katchi,82,6,88,0.03,39,39,Tamil Nadu,Chengalpattu,General,,2026
31,Tambaram,10,S.Karthik,Independent,112,3,115,0.04,39,39,Tamil Nadu,Chengalpattu,General,,2026
31,Tambaram,11,Sarathkumar. R,Independent,158,4,162,0.06,39,39,Tamil Nadu,Chengalpattu,General,,2026
31,Tambaram,12,T.Dhivakaran,Independent,97,1,98,0.04,39,39,Tamil Nadu,Chengalpattu,General,,2026
31,Tambaram,13,S.Balasubramanian,Independent,62,0,62,0.02,39,39,Tamil Nadu,Chengalpattu,General,,2026
31,Tambaram,14,R.Ravikumar,Independent,93,1,94,0.03,39,39,Tamil Nadu,Chengalpattu,General,,2026
31,Tambaram,15,M. Jacob,Independent,180,0,180,0.06,39,39,Tamil Nadu,Chengalpattu,General,,2026
31,Tambaram,16,Nota,None of the Above,1497,15,1512,0.54,39,39,Tamil Nadu,Chengalpattu,General,,2026
32,Chengalpattu,1,Amutha.N,Naam Tamilar Katchi,11942,90,12032,3.71,40,40,Tamil Nadu,Chengalpattu,General,,2026
32,Chengalpattu,2,M.Gajendran,All India Anna Dravida Munnetra Kazhagam,69280,483,69763,21.53,40,40,Tamil Nadu,Chengalpattu,General,NDA,2026
32,Chengalpattu,3,Karthikdhandapani,Dravida Munnetra Kazhagam,100715,780,101495,31.32,40,40,Tamil Nadu,Chengalpattu,General,SPA,2026
32,Chengalpattu,4,S. Saravanan,Bahujan Samaj Party,373,1,374,0.12,40,40,Tamil Nadu,Chengalpattu,General,,2026
32,Chengalpattu,5,S.Selvam (A) Chella,Tamizhaga Vaazhvurimai Katchi,380,1,381,0.12,40,40,Tamil Nadu,Chengalpattu,General,,2026
32,Chengalpattu,6,S. Thiyagarajan,Tamilaga Vettri Kazhagam,136578,558,137136,42.32,40,40,Tamil Nadu,Chengalpattu,General,,2026
32,Chengalpattu,7,M.Anandan,Independent,296,3,299,0.09,40,40,Tamil Nadu,Chengalpattu,General,,2026
32,Chengalpattu,8,A.Esakkiappan,Independent,121,1,122,0.04,40,40,Tamil Nadu,Chengalpattu,General,,2026
32,Chengalpattu,9,Karthick.A,Independent,105,2,107,0.03,40,40,Tamil Nadu,Chengalpattu,General,,2026
32,Chengalpattu,10,G. Christopher,Independent,62,6,68,0.02,40,40,Tamil Nadu,Chengalpattu,General,,2026
32,Chengalpattu,11,S.Delhi Babu,Independent,119,8,127,0.04,40,40,Tamil Nadu,Chengalpattu,General,,2026
32,Chengalpattu,12,T. Prem Balaji,Independent,69,2,71,0.02,40,40,Tamil Nadu,Chengalpattu,General,,2026
32,Chengalpattu,13,V. Ramakrishnan,Independent,166,0,166,0.05,40,40,Tamil Nadu,Chengalpattu,General,,2026
32,Chengalpattu,14,C.Vimalraj,Independent,288,2,290,0.09,40,40,Tamil Nadu,Chengalpattu,General,,2026
32,Chengalpattu,15,P.George Devadoss,Independent,184,0,184,0.06,40,40,Tamil Nadu,Chengalpattu,General,,2026
32,Chengalpattu,16,Nota,None of the Above,1376,19,1395,0.43,40,40,Tamil Nadu,Chengalpattu,General,,2026
33,Thiruporur,1,Ambeth Rajan,Naam Tamilar Katchi,9538,78,9616,3.66,33,33,Tamil Nadu,Chengalpattu,General,,2026
33,Thiruporur,2,R. Panneerdoss,Viduthalai Chiruthaigal Katchi,70266,478,70744,26.96,33,33,Tamil Nadu,Chengalpattu,General,SPA,2026
33,Thiruporur,3,Dr.D.Vinoth Kumar,Bahujan Samaj Party,528,7,535,0.2,33,33,Tamil Nadu,Chengalpattu,General,,2026
33,Thiruporur,4,A.Selvaraj,Mannin Maithargal Kazhagam,515,9,524,0.2,33,33,Tamil Nadu,Chengalpattu,General,,2026
33,Thiruporur,5,V. Desappan,Samata Party,303,5,308,0.12,33,33,Tamil Nadu,Chengalpattu,General,,2026
33,Thiruporur,6,K. Balu,Pattali Makkal Katchi,66845,547,67392,25.68,33,33,Tamil Nadu,Chengalpattu,General,NDA,2026
33,Thiruporur,7,B.Vijayaraj,Tamilaga Vettri Kazhagam,109642,453,110095,41.96,33,33,Tamil Nadu,Chengalpattu,General,,2026
33,Thiruporur,8,V M Chandiran,Independent,325,1,326,0.12,33,33,Tamil Nadu,Chengalpattu,General,,2026
33,Thiruporur,9,S. Gnanasekaran,Independent,203,2,205,0.08,33,33,Tamil Nadu,Chengalpattu,General,,2026
33,Thiruporur,10,D. Panneerselvam,Independent,772,12,784,0.3,33,33,Tamil Nadu,Chengalpattu,General,,2026
33,Thiruporur,11,S. Meshak,Independent,628,4,632,0.24,33,33,Tamil Nadu,Chengalpattu,General,,2026
33,Thiruporur,12,Nota,None of the Above,1237,11,1248,0.48,33,33,Tamil Nadu,Chengalpattu,General,,2026
34,Cheyyur,1,Sinthanai Selvan,Viduthalai Chiruthaigal Katchi,57257,652,57909,30.87,22,22,Tamil Nadu,Chengalpattu,SC,SPA,2026
34,Cheyyur,2,Swathilakshmi Sekar,Naam Tamilar Katchi,4802,51,4853,2.59,22,22,Tamil Nadu,Chengalpattu,SC,,2026
34,Cheyyur,3,Rajasekar. E,All India Anna Dravida Munnetra Kazhagam,62909,900,63809,34.02,22,22,Tamil Nadu,Chengalpattu,SC,NDA,2026
34,Cheyyur,4,Gangadurai. K,Tamizhaga Vaazhvurimai Katchi,374,1,375,0.2,22,22,Tamil Nadu,Chengalpattu,SC,,2026
34,Cheyyur,5,Murugavel. A,All India Puratchi Thalaivar Makkal Munnettra Kazhagam,408,0,408,0.22,22,22,Tamil Nadu,Chengalpattu,SC,,2026
34,Cheyyur,6,Mohan Raja.M.G.K,Tamilaga Vettri Kazhagam,57828,313,58141,30.99,22,22,Tamil Nadu,Chengalpattu,SC,,2026
34,Cheyyur,7,Ambethkar. S,Independent,317,2,319,0.17,22,22,Tamil Nadu,Chengalpattu,SC,,2026
34,Cheyyur,8,Arun. C,Independent,78,1,79,0.04,22,22,Tamil Nadu,Chengalpattu,SC,,2026
34,Cheyyur,9,Ezhil. E,Independent,117,18,135,0.07,22,22,Tamil Nadu,Chengalpattu,SC,,2026
34,Cheyyur,10,Krishnakanth. E,Independent,103,0,103,0.05,22,22,Tamil Nadu,Chengalpattu,SC,,2026
34,Cheyyur,11,Gopikrishna. D,Independent,153,15,168,0.09,22,22,Tamil Nadu,Chengalpattu,SC,,2026
34,Cheyyur,12,Raja. K,Independent,345,0,345,0.18,22,22,Tamil Nadu,Chengalpattu,SC,,2026
34,Cheyyur,13,Jegan. M,Independent,157,0,157,0.08,22,22,Tamil Nadu,Chengalpattu,SC,,2026
34,Cheyyur,14,Nota,None of the Above,775,8,783,0.42,22,22,Tamil Nadu,Chengalpattu,SC,,2026
35,Madurantakam,1,S.Amulu Ponmalar,Dravida Munnetra Kazhagam,59048,790,59838,30.18,22,22,Tamil Nadu,Chengalpattu,SC,SPA,2026
35,Madurantakam,2,Maragatham Kumaravel.K,All India Anna Dravida Munnetra Kazhagam,68544,740,69284,34.95,22,22,Tamil Nadu,Chengalpattu,SC,NDA,2026
35,Madurantakam,3,Neelam E.Ramkumar,Bahujan Samaj Party,372,2,374,0.19,22,22,Tamil Nadu,Chengalpattu,SC,,2026
35,Madurantakam,4,G.Janakiraman,Naam Tamilar Katchi,4897,53,4950,2.5,22,22,Tamil Nadu,Chengalpattu,SC,,2026
35,Madurantakam,5,Ezhil Katharine Ezhilmalai,Tamilaga Vettri Kazhagam,61738,352,62090,31.32,22,22,Tamil Nadu,Chengalpattu,SC,,2026
35,Madurantakam,6,R.Sugan,All India Puratchi Thalaivar Makkal Munnettra Kazhagam,235,2,237,0.12,22,22,Tamil Nadu,Chengalpattu,SC,,2026
35,Madurantakam,7,S.Punniyakotti,Tamizhaga Vaazhvurimai Katchi,200,6,206,0.1,22,22,Tamil Nadu,Chengalpattu,SC,,2026
35,Madurantakam,8,M.Kadirvel,Independent,108,10,118,0.06,22,22,Tamil Nadu,Chengalpattu,SC,,2026
35,Madurantakam,9,Ranjitham.M,Independent,356,1,357,0.18,22,22,Tamil Nadu,Chengalpattu,SC,,2026
35,Madurantakam,10,Nota,None of the Above,791,6,797,0.4,22,22,Tamil Nadu,Chengalpattu,SC,,2026
36,Uthiramerur,1,Sundar.K,Dravida Munnetra Kazhagam,69426,1268,70694,31.04,24,24,Tamil Nadu,Kanchipuram,General,SPA,2026
36,Uthiramerur,2,Maram Masilamani.B.S,Naam Tamilar Katchi,5667,116,5783,2.54,24,24,Tamil Nadu,Kanchipuram,General,,2026
36,Uthiramerur,3,Sivakumar.A,Desiya Makkal Sakthi Katchi,339,3,342,0.15,24,24,Tamil Nadu,Kanchipuram,General,,2026
36,Uthiramerur,4,Mageshkumar.P,Pattali Makkal Katchi,61785,1024,62809,27.58,24,24,Tamil Nadu,Kanchipuram,General,NDA,2026
36,Uthiramerur,5,Munirathinam.J,Tamilaga Vettri Kazhagam,83909,1008,84917,37.28,24,24,Tamil Nadu,Kanchipuram,General,,2026
36,Uthiramerur,6,Jakirusan.D,Tamizhaga Vaazhvurimai Katchi,234,1,235,0.1,24,24,Tamil Nadu,Kanchipuram,General,,2026
36,Uthiramerur,7,Anbu.V,Independent,221,0,221,0.1,24,24,Tamil Nadu,Kanchipuram,General,,2026
36,Uthiramerur,8,Kamalakannan.K,Independent,68,2,70,0.03,24,24,Tamil Nadu,Kanchipuram,General,,2026
36,Uthiramerur,9,Gunasekar.V,Independent,103,22,125,0.05,24,24,Tamil Nadu,Kanchipuram,General,,2026
36,Uthiramerur,10,Cittibabu.R,Independent,91,4,95,0.04,24,24,Tamil Nadu,Kanchipuram,General,,2026
36,Uthiramerur,11,Devarajan.C,Independent,549,2,551,0.24,24,24,Tamil Nadu,Kanchipuram,General,,2026
36,Uthiramerur,12,Deventhiramoorthy.S,Independent,363,27,390,0.17,24,24,Tamil Nadu,Kanchipuram,General,,2026
36,Uthiramerur,13,Magesh Kumar.T,Independent,193,14,207,0.09,24,24,Tamil Nadu,Kanchipuram,General,,2026
36,Uthiramerur,14,Maheswari.J,Independent,210,2,212,0.09,24,24,Tamil Nadu,Kanchipuram,General,,2026
36,Uthiramerur,15,Nota,None of the Above,1085,29,1114,0.49,24,24,Tamil Nadu,Kanchipuram,General,,2026
37,Kancheepuram,1,V. Somasundaram,All India Anna Dravida Munnetra Kazhagam,74717,1145,75862,30.8,26,26,Tamil Nadu,Kanchipuram,General,NDA,2026
37,Kancheepuram,2,Nithya Sugumar,Dravida Munnetra Kazhagam,68204,1140,69344,28.15,26,26,Tamil Nadu,Kanchipuram,General,SPA,2026
37,Kancheepuram,3,Vetriselvi,Naam Tamilar Katchi,6807,143,6950,2.82,26,26,Tamil Nadu,Kanchipuram,General,,2026
37,Kancheepuram,4,R.V. Ranjithkumar,Tamilaga Vettri Kazhagam,90321,1029,91350,37.09,26,26,Tamil Nadu,Kanchipuram,General,,2026
37,Kancheepuram,5,M. Nandhakumar,Anti Corruption Dynamic Party,215,2,217,0.09,26,26,Tamil Nadu,Kanchipuram,General,,2026
37,Kancheepuram,6,V. Naresh,Tamizhaga Vaazhvurimai Katchi,177,1,178,0.07,26,26,Tamil Nadu,Kanchipuram,General,,2026
37,Kancheepuram,7,P. Venkatesan,All India Puratchi Thalaivar Makkal Munnettra Kazhagam,104,6,110,0.04,26,26,Tamil Nadu,Kanchipuram,General,,2026
37,Kancheepuram,8,M. Somasundaram,Independent,68,0,68,0.03,26,26,Tamil Nadu,Kanchipuram,General,,2026
37,Kancheepuram,9,V. Somasundaram,Independent,62,16,78,0.03,26,26,Tamil Nadu,Kanchipuram,General,,2026
37,Kancheepuram,10,Gnanamoorthy,Independent,51,23,74,0.03,26,26,Tamil Nadu,Kanchipuram,General,,2026
37,Kancheepuram,11,C. Dillibabu,Independent,40,2,42,0.02,26,26,Tamil Nadu,Kanchipuram,General,,2026
37,Kancheepuram,12,E. Dhakshnamoorthy,Independent,169,9,178,0.07,26,26,Tamil Nadu,Kanchipuram,General,,2026
37,Kancheepuram,13,G. Babu,Independent,361,3,364,0.15,26,26,Tamil Nadu,Kanchipuram,General,,2026
37,Kancheepuram,14,M. Balaji,Independent,135,3,138,0.06,26,26,Tamil Nadu,Kanchipuram,General,,2026
37,Kancheepuram,15,M. Meganathan,Independent,283,3,286,0.12,26,26,Tamil Nadu,Kanchipuram,General,,2026
37,Kancheepuram,16,Nota,None of the Above,1047,31,1078,0.44,26,26,Tamil Nadu,Kanchipuram,General,,2026
38,Arakkonam,1,Ezhil Caroline,Viduthalai Chiruthaigal Katchi,50255,400,50655,27.78,22,22,Tamil Nadu,Ranipet,SC,SPA,2026
38,Arakkonam,2,P. Sudhakar,Bahujan Samaj Party,441,10,451,0.25,22,22,Tamil Nadu,Ranipet,SC,,2026
38,Arakkonam,3,S. Ravi,All India Anna Dravida Munnetra Kazhagam,49638,414,50052,27.45,22,22,Tamil Nadu,Ranipet,SC,NDA,2026
38,Arakkonam,4,K. Rajkumar,Naam Tamilar Katchi,5134,57,5191,2.85,22,22,Tamil Nadu,Ranipet,SC,,2026
38,Arakkonam,5,V. Gandhiraj,Tamilaga Vettri Kazhagam,73358,418,73776,40.46,22,22,Tamil Nadu,Ranipet,SC,,2026
38,Arakkonam,6,N. Lakshmipathy,Tamizhaga Vaazhvurimai Katchi,228,1,229,0.13,22,22,Tamil Nadu,Ranipet,SC,,2026
38,Arakkonam,7,Vetrivel. M,Aanaithinthiya Jananayaka Pathukappu Kazhagam,249,2,251,0.14,22,22,Tamil Nadu,Ranipet,SC,,2026
38,Arakkonam,8,P. Govindaraj,Independent,69,1,70,0.04,22,22,Tamil Nadu,Ranipet,SC,,2026
38,Arakkonam,9,M. Santhanam,Independent,148,2,150,0.08,22,22,Tamil Nadu,Ranipet,SC,,2026
38,Arakkonam,10,N. Praveenkumar,Independent,238,0,238,0.13,22,22,Tamil Nadu,Ranipet,SC,,2026
38,Arakkonam,11,M. Manikandan,Independent,75,0,75,0.04,22,22,Tamil Nadu,Ranipet,SC,,2026
38,Arakkonam,12,T. Muralidharan,Independent,195,2,197,0.11,22,22,Tamil Nadu,Ranipet,SC,,2026
38,Arakkonam,13,G. Mohan,Independent,106,0,106,0.06,22,22,Tamil Nadu,Ranipet,SC,,2026
38,Arakkonam,14,Nota,None of the Above,889,10,899,0.49,22,22,Tamil Nadu,Ranipet,SC,,2026
39,Sholingur,1,A.Ashok Kumar,Naam Tamilar Katchi,6362,106,6468,2.77,26,26,Tamil Nadu,Ranipet,General,,2026
39,Sholingur,2,M.Giridharan,Bahujan Samaj Party,376,2,378,0.16,26,26,Tamil Nadu,Ranipet,General,,2026
39,Sholingur,3,A.M.Munirathinam,Indian National Congress,57422,575,57997,24.82,26,26,Tamil Nadu,Ranipet,General,SPA,2026
39,Sholingur,4,G.Kapil,Tamilaga Vettri Kazhagam,83856,650,84506,36.16,26,26,Tamil Nadu,Ranipet,General,,2026
39,Sholingur,5,K.Saravanan,Pattali Makkal Katchi,78205,615,78820,33.73,26,26,Tamil Nadu,Ranipet,General,NDA,2026
39,Sholingur,6,Sudhakar.K,Tamizhaga Vaazhvurimai Katchi,485,5,490,0.21,26,26,Tamil Nadu,Ranipet,General,,2026
39,Sholingur,7,S.Senthilkumar,Vanchit Bahujan Aaghadi,196,1,197,0.08,26,26,Tamil Nadu,Ranipet,General,,2026
39,Sholingur,8,R.Vinoth,Veerath Thiyagi Viswanathadoss Thozhilalarkal Katchi,133,0,133,0.06,26,26,Tamil Nadu,Ranipet,General,,2026
39,Sholingur,9,A.Anandan,Independent,132,1,133,0.06,26,26,Tamil Nadu,Ranipet,General,,2026
39,Sholingur,10,S.Ilayaraja,Independent,124,0,124,0.05,26,26,Tamil Nadu,Ranipet,General,,2026
39,Sholingur,11,Kaviyarasan.Subiramani,Independent,249,0,249,0.11,26,26,Tamil Nadu,Ranipet,General,,2026
39,Sholingur,12,N.Gopalakrishnan,Independent,310,0,310,0.13,26,26,Tamil Nadu,Ranipet,General,,2026
39,Sholingur,13,V.Sadhasivam,Independent,233,1,234,0.1,26,26,Tamil Nadu,Ranipet,General,,2026
39,Sholingur,14,Santhanam.R,Independent,275,2,277,0.12,26,26,Tamil Nadu,Ranipet,General,,2026
39,Sholingur,15,R.Sethupathi,Independent,102,1,103,0.04,26,26,Tamil Nadu,Ranipet,General,,2026
39,Sholingur,16,M.Dinesh,Independent,349,0,349,0.15,26,26,Tamil Nadu,Ranipet,General,,2026
39,Sholingur,17,A.Palani,Independent,183,0,183,0.08,26,26,Tamil Nadu,Ranipet,General,,2026
39,Sholingur,18,N.Mani,Independent,284,0,284,0.12,26,26,Tamil Nadu,Ranipet,General,,2026
39,Sholingur,19,K.Munisamy,Independent,532,0,532,0.23,26,26,Tamil Nadu,Ranipet,General,,2026
39,Sholingur,20,V.Munirathinam,Independent,342,3,345,0.15,26,26,Tamil Nadu,Ranipet,General,,2026
39,Sholingur,21,T.Rajendran,Independent,314,2,316,0.14,26,26,Tamil Nadu,Ranipet,General,,2026
39,Sholingur,22,M.Vijayan,Independent,546,2,548,0.23,26,26,Tamil Nadu,Ranipet,General,,2026
39,Sholingur,23,V.Hemachandiran,Independent,134,2,136,0.06,26,26,Tamil Nadu,Ranipet,General,,2026
39,Sholingur,24,Nota,None of the Above,557,15,572,0.24,26,26,Tamil Nadu,Ranipet,General,,2026
40,Katpadi,1,S. Thirukkumaran,Naam Tamilar Katchi,4538,87,4625,2.27,21,21,Tamil Nadu,Vellore,General,,2026
40,Katpadi,2,Duraimurugan,Dravida Munnetra Kazhagam,61622,603,62225,30.58,21,21,Tamil Nadu,Vellore,General,SPA,2026
40,Katpadi,3,J. Ramesh,Bahujan Samaj Party,403,4,407,0.2,21,21,Tamil Nadu,Vellore,General,,2026
40,Katpadi,4,V. Ramu,All India Anna Dravida Munnetra Kazhagam,63321,677,63998,31.45,21,21,Tamil Nadu,Vellore,General,NDA,2026
40,Katpadi,5,Indu .W,Tamil Manila Murpokku Dravida Kazhagam,314,5,319,0.16,21,21,Tamil Nadu,Vellore,General,,2026
40,Katpadi,6,Ganesan .P,Indhu Dravida Makkal Katchi,79,0,79,0.04,21,21,Tamil Nadu,Vellore,General,,2026
40,Katpadi,7,V. Chandran,All India Puratchi Thalaivar Makkal Munnettra Kazhagam,185,2,187,0.09,21,21,Tamil Nadu,Vellore,General,,2026
40,Katpadi,8,Dr M Sudhakar,Tamilaga Vettri Kazhagam,69284,584,69868,34.33,21,21,Tamil Nadu,Vellore,General,,2026
40,Katpadi,9,S. Balaji,Tamil Nadu Ilangyar Katchi,140,0,140,0.07,21,21,Tamil Nadu,Vellore,General,,2026
40,Katpadi,10,S. Raman,Independent,41,4,45,0.02,21,21,Tamil Nadu,Vellore,General,,2026
40,Katpadi,11,Saravanan .D,Independent,54,0,54,0.03,21,21,Tamil Nadu,Vellore,General,,2026
40,Katpadi,12,M. Suthakar,Independent,140,5,145,0.07,21,21,Tamil Nadu,Vellore,General,,2026
40,Katpadi,13,Dhanasekar,Independent,122,0,122,0.06,21,21,Tamil Nadu,Vellore,General,,2026
40,Katpadi,14,Dhananchezhiyan,Independent,215,0,215,0.11,21,21,Tamil Nadu,Vellore,General,,2026
40,Katpadi,15,D. Ramu,Independent,321,2,323,0.16,21,21,Tamil Nadu,Vellore,General,,2026
40,Katpadi,16,Nota,None of the Above,726,19,745,0.37,21,21,Tamil Nadu,Vellore,General,,2026
41,Ranipet,1,R. Gandhi,Dravida Munnetra Kazhagam,84856,506,85362,38.62,22,22,Tamil Nadu,Ranipet,General,SPA,2026
41,Ranipet,2,V.M. Karthikeyan,Bharatiya Janata Party,31790,270,32060,14.5,22,22,Tamil Nadu,Ranipet,General,NDA,2026
41,Ranipet,3,Thaarikha Salman,Naam Tamilar Katchi,7147,89,7236,3.27,22,22,Tamil Nadu,Ranipet,General,,2026
41,Ranipet,4,J.Jeniferjanet,Bahujan Samaj Party,615,5,620,0.28,22,22,Tamil Nadu,Ranipet,General,,2026
41,Ranipet,5,Thahira,Tamilaga Vettri Kazhagam,90728,421,91149,41.24,22,22,Tamil Nadu,Ranipet,General,,2026
41,Ranipet,6,S.Munisamy,Anti Corruption Dynamic Party,228,1,229,0.1,22,22,Tamil Nadu,Ranipet,General,,2026
41,Ranipet,7,N.Viswanathan,Tamizhaga Vaazhvurimai Katchi,366,4,370,0.17,22,22,Tamil Nadu,Ranipet,General,,2026
41,Ranipet,8,J. Hassain,Independent,513,4,517,0.23,22,22,Tamil Nadu,Ranipet,General,,2026
41,Ranipet,9,K. Sakthivel Nathan,Independent,532,1,533,0.24,22,22,Tamil Nadu,Ranipet,General,,2026
41,Ranipet,10,N. Sugumar,Independent,89,5,94,0.04,22,22,Tamil Nadu,Ranipet,General,,2026
41,Ranipet,11,V. Suresh,Independent,164,2,166,0.08,22,22,Tamil Nadu,Ranipet,General,,2026
41,Ranipet,12,V. Dharmendiran,Independent,354,2,356,0.16,22,22,Tamil Nadu,Ranipet,General,,2026
41,Ranipet,13,A. Nareshkumar,Independent,744,10,754,0.34,22,22,Tamil Nadu,Ranipet,General,,2026
41,Ranipet,14,J. Mohan,Independent,153,2,155,0.07,22,22,Tamil Nadu,Ranipet,General,,2026
41,Ranipet,15,S.Jayaprakash,Independent,228,0,228,0.1,22,22,Tamil Nadu,Ranipet,General,,2026
41,Ranipet,16,Nota,None of the Above,1202,7,1209,0.55,22,22,Tamil Nadu,Ranipet,General,,2026
42,Arcot,1,Archana Narasimman,Naam Tamilar Katchi,5381,137,5518,2.44,23,23,Tamil Nadu,Ranipet,General,,2026
42,Arcot,2,J.L.Eswarappan,Dravida Munnetra Kazhagam,48306,534,48840,21.63,23,23,Tamil Nadu,Ranipet,General,SPA,2026
42,Arcot,3,S.M.Sukumar,All India Anna Dravida Munnetra Kazhagam,104696,912,105608,46.77,23,23,Tamil Nadu,Ranipet,General,NDA,2026
42,Arcot,4,M.Vasanthakumar,Bahujan Samaj Party,459,9,468,0.21,23,23,Tamil Nadu,Ranipet,General,,2026
42,Arcot,5,V.Gandhi,Vanchit Bahujan Aaghadi,192,5,197,0.09,23,23,Tamil Nadu,Ranipet,General,,2026
42,Arcot,6,S.P.Shanmugam,Aanaithinthiya Jananayaka Pathukappu Kazhagam,244,8,252,0.11,23,23,Tamil Nadu,Ranipet,General,,2026
42,Arcot,7,V.Seetharaman,Anti Corruption Dynamic Party,161,7,168,0.07,23,23,Tamil Nadu,Ranipet,General,,2026
42,Arcot,8,G.Vijay Mohan,Tamilaga Vettri Kazhagam,62035,853,62888,27.85,23,23,Tamil Nadu,Ranipet,General,,2026
42,Arcot,9,P.Venkatesan,Tamizhaga Vaazhvurimai Katchi,146,5,151,0.07,23,23,Tamil Nadu,Ranipet,General,,2026
42,Arcot,10,R.Indhumathi,Independent,58,0,58,0.03,23,23,Tamil Nadu,Ranipet,General,,2026
42,Arcot,11,Eswarappan.M,Independent,95,8,103,0.05,23,23,Tamil Nadu,Ranipet,General,,2026
42,Arcot,12,V.Shanthi,Independent,105,8,113,0.05,23,23,Tamil Nadu,Ranipet,General,,2026
42,Arcot,13,K.Manikandan,Independent,397,0,397,0.18,23,23,Tamil Nadu,Ranipet,General,,2026
42,Arcot,14,A.Vijay,Independent,365,4,369,0.16,23,23,Tamil Nadu,Ranipet,General,,2026
42,Arcot,15,Nota,None of the Above,644,12,656,0.29,23,23,Tamil Nadu,Ranipet,General,,2026
43,Vellore,1,S R K Appu,All India Anna Dravida Munnetra Kazhagam,44934,524,45458,23.86,22,22,Tamil Nadu,Vellore,General,NDA,2026
43,Vellore,2,P.Karthikeyan,Dravida Munnetra Kazhagam,65587,668,66255,34.77,22,22,Tamil Nadu,Vellore,General,SPA,2026
43,Vellore,3,A.Soniya,Naam Tamilar Katchi,3731,62,3793,1.99,22,22,Tamil Nadu,Vellore,General,,2026
43,Vellore,4,S.M.Irshad,Tamizhaga Vaazhvurimai Katchi,130,5,135,0.07,22,22,Tamil Nadu,Vellore,General,,2026
43,Vellore,5,S.Giridhara Prasad,Party for the Rights of Other backward Classes,103,0,103,0.05,22,22,Tamil Nadu,Vellore,General,,2026
43,Vellore,6,K.Muniyappan,ALL PENSIONER'S PARTY,54,1,55,0.03,22,22,Tamil Nadu,Vellore,General,,2026
43,Vellore,7,K.M.Vinaayagam,Viro Ke Vir Indian Party,87,1,88,0.05,22,22,Tamil Nadu,Vellore,General,,2026
43,Vellore,8,K.Vimala,Naam Indiar Party,195,0,195,0.1,22,22,Tamil Nadu,Vellore,General,,2026
43,Vellore,9,M.M.Vinoth Kannan,Tamilaga Vettri Kazhagam,72563,469,73032,38.33,22,22,Tamil Nadu,Vellore,General,,2026
43,Vellore,10,M.Vinothkumar,Anna MGR Dravida Makkal Kalgam,125,6,131,0.07,22,22,Tamil Nadu,Vellore,General,,2026
43,Vellore,11,S.Appu,Independent,102,1,103,0.05,22,22,Tamil Nadu,Vellore,General,,2026
43,Vellore,12,S.Madhan Kumar,Independent,122,1,123,0.06,22,22,Tamil Nadu,Vellore,General,,2026
43,Vellore,13,S.Rajkamal,Independent,49,0,49,0.03,22,22,Tamil Nadu,Vellore,General,,2026
43,Vellore,14,M.Loganathan,Independent,59,0,59,0.03,22,22,Tamil Nadu,Vellore,General,,2026
43,Vellore,15,U.Vijaya Kumar,Independent,191,0,191,0.1,22,22,Tamil Nadu,Vellore,General,,2026
43,Vellore,16,Nota,None of the Above,745,12,757,0.4,22,22,Tamil Nadu,Vellore,General,,2026
44,Anaikattu,1,A.P.Nandakumar,Dravida Munnetra Kazhagam,68468,753,69221,32,23,23,Tamil Nadu,Vellore,General,SPA,2026
44,Anaikattu,2,M.Ravikumar,Naam Tamilar Katchi,4630,116,4746,2.19,23,23,Tamil Nadu,Vellore,General,,2026
44,Anaikattu,3,D.Velazhagan,All India Anna Dravida Munnetra Kazhagam,75629,673,76302,35.27,23,23,Tamil Nadu,Vellore,General,NDA,2026
44,Anaikattu,4,R.Saravanan,Namadhu Makkal Katchi,346,5,351,0.16,23,23,Tamil Nadu,Vellore,General,,2026
44,Anaikattu,5,V.Vinothkanna,Tamizhaga Vaazhvurimai Katchi,172,20,192,0.09,23,23,Tamil Nadu,Vellore,General,,2026
44,Anaikattu,6,V.S.Venkatesh,Aanaithinthiya Jananayaka Pathukappu Kazhagam,216,1,217,0.1,23,23,Tamil Nadu,Vellore,General,,2026
44,Anaikattu,7,R.Velmurugan,Tamilaga Vettri Kazhagam,62602,685,63287,29.26,23,23,Tamil Nadu,Vellore,General,,2026
44,Anaikattu,8,P.Jayaseelan,Puthiya Tamilagam,163,3,166,0.08,23,23,Tamil Nadu,Vellore,General,,2026
44,Anaikattu,9,E.Suresh,Independent,75,2,77,0.04,23,23,Tamil Nadu,Vellore,General,,2026
44,Anaikattu,10,S.Selvamoorthy,Independent,87,3,90,0.04,23,23,Tamil Nadu,Vellore,General,,2026
44,Anaikattu,11,M.Nandha Kumar,Independent,91,4,95,0.04,23,23,Tamil Nadu,Vellore,General,,2026
44,Anaikattu,12,K.Manoharan,Independent,318,1,319,0.15,23,23,Tamil Nadu,Vellore,General,,2026
44,Anaikattu,13,R.Ramesh,Independent,150,2,152,0.07,23,23,Tamil Nadu,Vellore,General,,2026
44,Anaikattu,14,Nota,None of the Above,1092,11,1103,0.51,23,23,Tamil Nadu,Vellore,General,,2026
45,Kilvaithinankuppam,1,Dr. Rajeswari. R,Dravida Munnetra Kazhagam,53216,682,53898,28.38,19,19,Tamil Nadu,Vellore,SC,SPA,2026
45,Kilvaithinankuppam,2,Kalaiyenthiri. R,Naam Tamilar Katchi,5088,95,5183,2.73,19,19,Tamil Nadu,Vellore,SC,,2026
45,Kilvaithinankuppam,3,Jegan Moorthy. M,All India Anna Dravida Munnetra Kazhagam,53465,585,54050,28.46,19,19,Tamil Nadu,Vellore,SC,NDA,2026
45,Kilvaithinankuppam,4,Anandalai Thangaraj. M,All India Puratchi Thalaivar Makkal Munnettra Kazhagam,477,5,482,0.25,19,19,Tamil Nadu,Vellore,SC,,2026
45,Kilvaithinankuppam,5,Thenral Kumar. E,Tamilaga Vettri Kazhagam,73649,656,74305,39.13,19,19,Tamil Nadu,Vellore,SC,,2026
45,Kilvaithinankuppam,6,Raja. M,Tamizhaga Vaazhvurimai Katchi,200,2,202,0.11,19,19,Tamil Nadu,Vellore,SC,,2026
45,Kilvaithinankuppam,7,Kumaresan. L,Independent,107,6,113,0.06,19,19,Tamil Nadu,Vellore,SC,,2026
45,Kilvaithinankuppam,8,Sathish. A,Independent,156,1,157,0.08,19,19,Tamil Nadu,Vellore,SC,,2026
45,Kilvaithinankuppam,9,Murugan. K.P,Independent,143,3,146,0.08,19,19,Tamil Nadu,Vellore,SC,,2026
45,Kilvaithinankuppam,10,Jayashankar. J,Independent,227,0,227,0.12,19,19,Tamil Nadu,Vellore,SC,,2026
45,Kilvaithinankuppam,11,Jaya Bharath. J,Independent,156,1,157,0.08,19,19,Tamil Nadu,Vellore,SC,,2026
45,Kilvaithinankuppam,12,Nota,None of the Above,959,13,972,0.51,19,19,Tamil Nadu,Vellore,SC,,2026
46,Gudiyattam,1,J.Emalan,Naam Tamilar Katchi,5735,67,5802,2.53,23,23,Tamil Nadu,Vellore,SC,,2026
46,Gudiyattam,2,Paritha Purushothaman.G,All India Anna Dravida Munnetra Kazhagam,63635,487,64122,27.99,23,23,Tamil Nadu,Vellore,SC,NDA,2026
46,Gudiyattam,3,K.B.Pradap,Desiya Murpokku Dravida Kazhagam,72351,410,72761,31.76,23,23,Tamil Nadu,Vellore,SC,SPA,2026
46,Gudiyattam,4,T.Poovarasan,Bahujan Samaj Party,692,5,697,0.3,23,23,Tamil Nadu,Vellore,SC,,2026
46,Gudiyattam,5,K.Asha,Puthiya Tamilagam,383,0,383,0.17,23,23,Tamil Nadu,Vellore,SC,,2026
46,Gudiyattam,6,K.Sindu,Tamilaga Vettri Kazhagam,82474,384,82858,36.17,23,23,Tamil Nadu,Vellore,SC,,2026
46,Gudiyattam,7,K.Thabithal,All India Puratchi Thalaivar Makkal Munnettra Kazhagam,349,2,351,0.15,23,23,Tamil Nadu,Vellore,SC,,2026
46,Gudiyattam,8,Subakaran.A,Independent,515,4,519,0.23,23,23,Tamil Nadu,Vellore,SC,,2026
46,Gudiyattam,9,M.Sumathi,Independent,151,6,157,0.07,23,23,Tamil Nadu,Vellore,SC,,2026
46,Gudiyattam,10,Bharath Mathiruban,Independent,400,0,400,0.17,23,23,Tamil Nadu,Vellore,SC,,2026
46,Gudiyattam,11,A.Rajesh,Independent,226,1,227,0.1,23,23,Tamil Nadu,Vellore,SC,,2026
46,Gudiyattam,12,Nota,None of the Above,792,7,799,0.35,23,23,Tamil Nadu,Vellore,SC,,2026
47,Vaniyambadi,1,Subramani.P,Bahujan Samaj Party,599,10,609,0.29,24,24,Tamil Nadu,Tirupathur,General,,2026
47,Vaniyambadi,2,Sendhil Kumar.G,All India Anna Dravida Munnetra Kazhagam,60472,583,61055,28.73,24,24,Tamil Nadu,Tirupathur,General,NDA,2026
47,Vaniyambadi,3,Murugesan.G,Naam Tamilar Katchi,4784,65,4849,2.28,24,24,Tamil Nadu,Tirupathur,General,,2026
47,Vaniyambadi,4,Anbarasu.P,Aanaithinthiya Jananayaka Pathukappu Kazhagam,229,2,231,0.11,24,24,Tamil Nadu,Tirupathur,General,,2026
47,Vaniyambadi,5,Sundarammal,Makkal Arasial Katchi,540,4,544,0.26,24,24,Tamil Nadu,Tirupathur,General,,2026
47,Vaniyambadi,6,Syed Farooq Basha Ssb,Indian Union Muslim League,72764,417,73181,34.43,24,24,Tamil Nadu,Tirupathur,General,,2026
47,Vaniyambadi,7,Syed Bhurhanudeen,Tamilaga Vettri Kazhagam,69845,354,70199,33.03,24,24,Tamil Nadu,Tirupathur,General,,2026
47,Vaniyambadi,8,Devendran.J,Tamizhaga Vaazhvurimai Katchi,192,3,195,0.09,24,24,Tamil Nadu,Tirupathur,General,,2026
47,Vaniyambadi,9,Abdul Wahid.A,Independent,109,0,109,0.05,24,24,Tamil Nadu,Tirupathur,General,,2026
47,Vaniyambadi,10,Srinivasan.A,Independent,158,0,158,0.07,24,24,Tamil Nadu,Tirupathur,General,,2026
47,Vaniyambadi,11,Selvaraj.M,Independent,99,3,102,0.05,24,24,Tamil Nadu,Tirupathur,General,,2026
47,Vaniyambadi,12,Naveen.R,Independent,158,1,159,0.07,24,24,Tamil Nadu,Tirupathur,General,,2026
47,Vaniyambadi,13,Manjunath.K,Independent,139,1,140,0.07,24,24,Tamil Nadu,Tirupathur,General,,2026
47,Vaniyambadi,14,Manoj.S,Independent,166,0,166,0.08,24,24,Tamil Nadu,Tirupathur,General,,2026
47,Vaniyambadi,15,Rajesh.T,Independent,211,2,213,0.1,24,24,Tamil Nadu,Tirupathur,General,,2026
47,Vaniyambadi,16,Nota,None of the Above,616,8,624,0.29,24,24,Tamil Nadu,Tirupathur,General,,2026
48,Ambur,1,Afshia Nasrin. S,Naam Tamilar Katchi,4143,42,4185,2.14,24,24,Tamil Nadu,Tirupathur,General,,2026
48,Ambur,2,Wazeer Ahmed. J,Bahujan Samaj Party,381,3,384,0.2,24,24,Tamil Nadu,Tirupathur,General,,2026
48,Ambur,3,Vilwanathan. A.C.,Dravida Munnetra Kazhagam,73543,559,74102,37.89,24,24,Tamil Nadu,Tirupathur,General,SPA,2026
48,Ambur,4,Venkatesan. R,All India Anna Dravida Munnetra Kazhagam,46768,332,47100,24.08,24,24,Tamil Nadu,Tirupathur,General,NDA,2026
48,Ambur,5,Asadullah. B,Indian National League,457,0,457,0.23,24,24,Tamil Nadu,Tirupathur,General,,2026
48,Ambur,6,Imthiyaz Pandarattudu Abdu,Tamilaga Vettri Kazhagam,66689,282,66971,34.24,24,24,Tamil Nadu,Tirupathur,General,,2026
48,Ambur,7,Kareem Basha. A,All India Majlis-E-Inquilab-E-Millat,168,0,168,0.09,24,24,Tamil Nadu,Tirupathur,General,,2026
48,Ambur,8,Govindhan. A,All India Youth Development Party,85,0,85,0.04,24,24,Tamil Nadu,Tirupathur,General,,2026
48,Ambur,9,Sasi Reka. Y,Makkal Arasial Katchi,193,1,194,0.1,24,24,Tamil Nadu,Tirupathur,General,,2026
48,Ambur,10,Haroon Rasheed Badu,All India Puratchi Thalaivar Makkal Munnettra Kazhagam,91,2,93,0.05,24,24,Tamil Nadu,Tirupathur,General,,2026
48,Ambur,11,Kumaravel. P,Independent,193,0,193,0.1,24,24,Tamil Nadu,Tirupathur,General,,2026
48,Ambur,12,Firdose Ahmed. M,Independent,124,6,130,0.07,24,24,Tamil Nadu,Tirupathur,General,,2026
48,Ambur,13,Mushtaq Ahmed Kutlappai,Independent,150,1,151,0.08,24,24,Tamil Nadu,Tirupathur,General,,2026
48,Ambur,14,Viswanathan. J,Independent,486,4,490,0.25,24,24,Tamil Nadu,Tirupathur,General,,2026
48,Ambur,15,Venkatesan. M,Independent,181,1,182,0.09,24,24,Tamil Nadu,Tirupathur,General,,2026
48,Ambur,16,Srinath,Independent,231,0,231,0.12,24,24,Tamil Nadu,Tirupathur,General,,2026
48,Ambur,17,Nota,None of the Above,465,3,468,0.24,24,24,Tamil Nadu,Tirupathur,General,,2026
49,Jolarpet,1,Kavithadhandapani,Dravida Munnetra Kazhagam,61376,601,61977,29.09,22,22,Tamil Nadu,Tirupathur,General,SPA,2026
49,Jolarpet,2,Sasirekha K,Naam Tamilar Katchi,5823,151,5974,2.8,22,22,Tamil Nadu,Tirupathur,General,,2026
49,Jolarpet,3,Sivakumar V C,Bahujan Samaj Party,312,4,316,0.15,22,22,Tamil Nadu,Tirupathur,General,,2026
49,Jolarpet,4,Veeramani K.C.,All India Anna Dravida Munnetra Kazhagam,77814,819,78633,36.91,22,22,Tamil Nadu,Tirupathur,General,NDA,2026
49,Jolarpet,5,Kalasthiri S,All India Uzhavargal Uzhaippalargal Katchi,368,2,370,0.17,22,22,Tamil Nadu,Tirupathur,General,,2026
49,Jolarpet,6,Krishnamoorthy D,Makkal Nala Kazhagam,145,4,149,0.07,22,22,Tamil Nadu,Tirupathur,General,,2026
49,Jolarpet,7,Sankar T.K,Tamizhaga Vaazhvurimai Katchi,98,6,104,0.05,22,22,Tamil Nadu,Tirupathur,General,,2026
49,Jolarpet,8,Sasi Reka Y,Makkal Arasial Katchi,269,1,270,0.13,22,22,Tamil Nadu,Tirupathur,General,,2026
49,Jolarpet,9,Senthamilselvan M,Naadaalum Makkal Katchi,363,0,363,0.17,22,22,Tamil Nadu,Tirupathur,General,,2026
49,Jolarpet,10,Munisamy C,Tamilaga Vettri Kazhagam,61958,592,62550,29.36,22,22,Tamil Nadu,Tirupathur,General,,2026
49,Jolarpet,11,Kavitha C,Independent,155,0,155,0.07,22,22,Tamil Nadu,Tirupathur,General,,2026
49,Jolarpet,12,Kavitha T,Independent,74,2,76,0.04,22,22,Tamil Nadu,Tirupathur,General,,2026
49,Jolarpet,13,Kamatchi S,Independent,123,5,128,0.06,22,22,Tamil Nadu,Tirupathur,General,,2026
49,Jolarpet,14,Chenrayan A,Independent,98,1,99,0.05,22,22,Tamil Nadu,Tirupathur,General,,2026
49,Jolarpet,15,Chenna Kesavan C,Independent,214,2,216,0.1,22,22,Tamil Nadu,Tirupathur,General,,2026
49,Jolarpet,16,Thangaraj P,Independent,356,2,358,0.17,22,22,Tamil Nadu,Tirupathur,General,,2026
49,Jolarpet,17,Priya K,Independent,452,2,454,0.21,22,22,Tamil Nadu,Tirupathur,General,,2026
49,Jolarpet,18,Mohanraj R,Independent,68,1,69,0.03,22,22,Tamil Nadu,Tirupathur,General,,2026
49,Jolarpet,19,Veeramani H,Independent,84,2,86,0.04,22,22,Tamil Nadu,Tirupathur,General,,2026
49,Jolarpet,20,Nota,None of the Above,684,11,695,0.33,22,22,Tamil Nadu,Tirupathur,General,,2026
50,Tiruppattur,1,Arumugam. V,Naam Tamilar Katchi,5360,122,5482,2.7,23,23,Tamil Nadu,Tirupathur,General,,2026
50,Tiruppattur,2,Nallathambi. A,Dravida Munnetra Kazhagam,56264,571,56835,28.01,23,23,Tamil Nadu,Tirupathur,General,SPA,2026
50,Tiruppattur,3,Rajiv Gandhi. S,Bahujan Samaj Party,359,2,361,0.18,23,23,Tamil Nadu,Tirupathur,General,,2026
50,Tiruppattur,4,Kalasthiri. S,All India Uzhavargal Uzhaippalargal Katchi,203,5,208,0.1,23,23,Tamil Nadu,Tirupathur,General,,2026
50,Tiruppattur,5,Sathiyamoorthy. S,Makkal Nala Kazhagam,135,1,136,0.07,23,23,Tamil Nadu,Tirupathur,General,,2026
50,Tiruppattur,6,Sekar. N,All India Youth Development Party,385,2,387,0.19,23,23,Tamil Nadu,Tirupathur,General,,2026
50,Tiruppattur,7,Gnanasekar. A,Amma Makkal Munnettra Kazagam,29817,186,30003,14.79,23,23,Tamil Nadu,Tirupathur,General,,2026
50,Tiruppattur,8,Dr.Thirupathi. N,Tamilaga Vettri Kazhagam,104203,895,105098,51.79,23,23,Tamil Nadu,Tirupathur,General,,2026
50,Tiruppattur,9,Rajesh. S,Tamizhaga Vaazhvurimai Katchi,485,1,486,0.24,23,23,Tamil Nadu,Tirupathur,General,,2026
50,Tiruppattur,10,Vijayakumar. G,Aanaithinthiya Jananayaka Pathukappu Kazhagam,343,2,345,0.17,23,23,Tamil Nadu,Tirupathur,General,,2026
50,Tiruppattur,11,Anjali. M,Independent,110,5,115,0.06,23,23,Tamil Nadu,Tirupathur,General,,2026
50,Tiruppattur,12,Govind. T.G,Independent,55,0,55,0.03,23,23,Tamil Nadu,Tirupathur,General,,2026
50,Tiruppattur,13,Sankar. S,Independent,181,1,182,0.09,23,23,Tamil Nadu,Tirupathur,General,,2026
50,Tiruppattur,14,Gnanasekaran. M,Independent,126,1,127,0.06,23,23,Tamil Nadu,Tirupathur,General,,2026
50,Tiruppattur,15,Gnanasekaran. R,Independent,206,0,206,0.1,23,23,Tamil Nadu,Tirupathur,General,,2026
50,Tiruppattur,16,Thirupathi. C,Independent,349,6,355,0.17,23,23,Tamil Nadu,Tirupathur,General,,2026
50,Tiruppattur,17,Thirupathi. S,Independent,331,8,339,0.17,23,23,Tamil Nadu,Tirupathur,General,,2026
50,Tiruppattur,18,Thirupathi. N,Independent,447,0,447,0.22,23,23,Tamil Nadu,Tirupathur,General,,2026
50,Tiruppattur,19,Nallathambi. R,Independent,191,1,192,0.09,23,23,Tamil Nadu,Tirupathur,General,,2026
50,Tiruppattur,20,Balabharathi. S.V,Independent,127,1,128,0.06,23,23,Tamil Nadu,Tirupathur,General,,2026
50,Tiruppattur,21,Dr.Poovalagi. P,Independent,138,1,139,0.07,23,23,Tamil Nadu,Tirupathur,General,,2026
50,Tiruppattur,22,Mohan Raj. R,Independent,119,0,119,0.06,23,23,Tamil Nadu,Tirupathur,General,,2026
50,Tiruppattur,23,Ragujoseph. J,Independent,308,0,308,0.15,23,23,Tamil Nadu,Tirupathur,General,,2026
50,Tiruppattur,24,Venkatesan. K,Independent,407,1,408,0.2,23,23,Tamil Nadu,Tirupathur,General,,2026
50,Tiruppattur,25,Nota,None of the Above,456,8,464,0.23,23,23,Tamil Nadu,Tirupathur,General,,2026
51,Uthangarai,1,R Kuppusamy,Indian National Congress,59877,1116,60993,29.68,25,25,Tamil Nadu,Krishnagiri,SC,SPA,2026
51,Uthangarai,2,T M Tamilselvam,All India Anna Dravida Munnetra Kazhagam,64081,922,65003,31.63,25,25,Tamil Nadu,Krishnagiri,SC,NDA,2026
51,Uthangarai,3,Mekala,Naam Tamilar Katchi,6486,143,6629,3.23,25,25,Tamil Nadu,Krishnagiri,SC,,2026
51,Uthangarai,4,N Elaiyaraja,Tamilaga Vettri Kazhagam,69448,753,70201,34.16,25,25,Tamil Nadu,Krishnagiri,SC,,2026
51,Uthangarai,5,K Thavaraj,Tamizhaga Vaazhvurimai Katchi,288,3,291,0.14,25,25,Tamil Nadu,Krishnagiri,SC,,2026
51,Uthangarai,6,Palani R,Thakkam Katchi,135,0,135,0.07,25,25,Tamil Nadu,Krishnagiri,SC,,2026
51,Uthangarai,7,Rameshwari,Bharat Jan Chikitsa Party,115,0,115,0.06,25,25,Tamil Nadu,Krishnagiri,SC,,2026
51,Uthangarai,8,Vijiyal,Aanaithinthiya Jananayaka Pathukappu Kazhagam,203,3,206,0.1,25,25,Tamil Nadu,Krishnagiri,SC,,2026
51,Uthangarai,9,Kumaravel,Independent,245,2,247,0.12,25,25,Tamil Nadu,Krishnagiri,SC,,2026
51,Uthangarai,10,A Samraj,Independent,151,4,155,0.08,25,25,Tamil Nadu,Krishnagiri,SC,,2026
51,Uthangarai,11,Tamilmani,Independent,234,7,241,0.12,25,25,Tamil Nadu,Krishnagiri,SC,,2026
51,Uthangarai,12,Bakkiyaraj R,Independent,173,3,176,0.09,25,25,Tamil Nadu,Krishnagiri,SC,,2026
51,Uthangarai,13,Muniraj,Independent,255,2,257,0.13,25,25,Tamil Nadu,Krishnagiri,SC,,2026
51,Uthangarai,14,Nota,None of the Above,867,14,881,0.43,25,25,Tamil Nadu,Krishnagiri,SC,,2026
52,Bargur,1,Kavinkumar. S,Naam Tamilar Katchi,5321,141,5462,2.55,24,24,Tamil Nadu,Krishnagiri,General,,2026
52,Bargur,2,E.C. Govindarasan,All India Anna Dravida Munnetra Kazhagam,70298,942,71240,33.3,24,24,Tamil Nadu,Krishnagiri,General,NDA,2026
52,Bargur,3,D. Sivasankaran,Bahujan Samaj Party,695,13,708,0.33,24,24,Tamil Nadu,Krishnagiri,General,,2026
52,Bargur,4,D. Mathiazhagan,Dravida Munnetra Kazhagam,63874,1354,65228,30.49,24,24,Tamil Nadu,Krishnagiri,General,SPA,2026
52,Bargur,5,S. Albert Francis Xavier,Tamizhaga Vaazhvurimai Katchi,591,16,607,0.28,24,24,Tamil Nadu,Krishnagiri,General,,2026
52,Bargur,6,A. Sudhakar,Republican Party of India (Athawale),680,18,698,0.33,24,24,Tamil Nadu,Krishnagiri,General,,2026
52,Bargur,7,M. Nedunchezlian,Periyar Ambedkar Munnetra Kazhagam (PAMK),273,1,274,0.13,24,24,Tamil Nadu,Krishnagiri,General,,2026
52,Bargur,8,Mani. K,All India Youth Development Party,522,2,524,0.24,24,24,Tamil Nadu,Krishnagiri,General,,2026
52,Bargur,9,E. Muralidharan,Tamilaga Vettri Kazhagam,66044,955,66999,31.31,24,24,Tamil Nadu,Krishnagiri,General,,2026
52,Bargur,10,K. Annadurai,Independent,156,3,159,0.07,24,24,Tamil Nadu,Krishnagiri,General,,2026
52,Bargur,11,Anitha Mayaperumal,Independent,130,13,143,0.07,24,24,Tamil Nadu,Krishnagiri,General,,2026
52,Bargur,12,D. Govindarajan,Independent,208,2,210,0.1,24,24,Tamil Nadu,Krishnagiri,General,,2026
52,Bargur,13,E.C. Govindaraje,Independent,340,5,345,0.16,24,24,Tamil Nadu,Krishnagiri,General,,2026
52,Bargur,14,S. Sasikumar,Independent,255,0,255,0.12,24,24,Tamil Nadu,Krishnagiri,General,,2026
52,Bargur,15,Mathesh. R,Independent,473,4,477,0.22,24,24,Tamil Nadu,Krishnagiri,General,,2026
52,Bargur,16,Nota,None of the Above,607,24,631,0.29,24,24,Tamil Nadu,Krishnagiri,General,,2026
53,Krishnagiri,1,Ashokkumar.K,All India Anna Dravida Munnetra Kazhagam,69487,1043,70530,30.64,25,25,Tamil Nadu,Krishnagiri,General,NDA,2026
53,Krishnagiri,2,Sivakumar.S,Bahujan Samaj Party,594,14,608,0.26,25,25,Tamil Nadu,Krishnagiri,General,,2026
53,Krishnagiri,3,Suganthi,Naam Tamilar Katchi,6223,175,6398,2.78,25,25,Tamil Nadu,Krishnagiri,General,,2026
53,Krishnagiri,4,Chellakumar.A,Indian National Congress,58552,1045,59597,25.89,25,25,Tamil Nadu,Krishnagiri,General,SPA,2026
53,Krishnagiri,5,Singaravelan Viswanathan,Vishwa Tamil Kazhagam,530,5,535,0.23,25,25,Tamil Nadu,Krishnagiri,General,,2026
53,Krishnagiri,6,Mangammal,Tamilar Makkal Katchi,335,1,336,0.15,25,25,Tamil Nadu,Krishnagiri,General,,2026
53,Krishnagiri,7,Mukundhan.P,Tamilaga Vettri Kazhagam,88252,1122,89374,38.83,25,25,Tamil Nadu,Krishnagiri,General,,2026
53,Krishnagiri,8,Muthulakshmi Veerappan,Tamizhaga Vaazhvurimai Katchi,352,14,366,0.16,25,25,Tamil Nadu,Krishnagiri,General,,2026
53,Krishnagiri,9,Advocate.Muthaiah.S.,Thakkam Katchi,146,13,159,0.07,25,25,Tamil Nadu,Krishnagiri,General,,2026
53,Krishnagiri,10,Kumaresan.M,Independent,151,3,154,0.07,25,25,Tamil Nadu,Krishnagiri,General,,2026
53,Krishnagiri,11,Chandramohan.K.M.,Independent,151,3,154,0.07,25,25,Tamil Nadu,Krishnagiri,General,,2026
53,Krishnagiri,12,Sivan.C,Independent,281,4,285,0.12,25,25,Tamil Nadu,Krishnagiri,General,,2026
53,Krishnagiri,13,Srinivasan.K,Independent,230,1,231,0.1,25,25,Tamil Nadu,Krishnagiri,General,,2026
53,Krishnagiri,14,Nanjundan.M,Independent,149,1,150,0.07,25,25,Tamil Nadu,Krishnagiri,General,,2026
53,Krishnagiri,15,Venkateshraja.E,Independent,168,0,168,0.07,25,25,Tamil Nadu,Krishnagiri,General,,2026
53,Krishnagiri,16,Nota,None of the Above,1094,42,1136,0.49,25,25,Tamil Nadu,Krishnagiri,General,,2026
54,Veppanahalli,1,Srinivasan.P.S,Dravida Munnetra Kazhagam,74147,544,74691,33.55,27,27,Tamil Nadu,Krishnagiri,General,SPA,2026
54,Veppanahalli,2,Nagaraj.R,Naam Tamilar Katchi,4471,48,4519,2.03,27,27,Tamil Nadu,Krishnagiri,General,,2026
54,Veppanahalli,3,Munusamy.K.P,All India Anna Dravida Munnetra Kazhagam,74020,533,74553,33.49,27,27,Tamil Nadu,Krishnagiri,General,NDA,2026
54,Veppanahalli,4,Iyappan.L,Tamizhaga Vaazhvurimai Katchi,867,4,871,0.39,27,27,Tamil Nadu,Krishnagiri,General,,2026
54,Veppanahalli,5,Sampangi.S.R,Tamilaga Vettri Kazhagam,63487,420,63907,28.71,27,27,Tamil Nadu,Krishnagiri,General,,2026
54,Veppanahalli,6,Senthilkumar.R,Tamil Nadu Ilangyar Katchi,215,0,215,0.1,27,27,Tamil Nadu,Krishnagiri,General,,2026
54,Veppanahalli,7,Prajapathi Vijay.C,Tamilar Makkal Katchi,154,2,156,0.07,27,27,Tamil Nadu,Krishnagiri,General,,2026
54,Veppanahalli,8,Eshwaran.C,Independent,151,1,152,0.07,27,27,Tamil Nadu,Krishnagiri,General,,2026
54,Veppanahalli,9,Govindaraj.G.J,Independent,183,2,185,0.08,27,27,Tamil Nadu,Krishnagiri,General,,2026
54,Veppanahalli,10,Manoharan.K.A,Independent,345,0,345,0.15,27,27,Tamil Nadu,Krishnagiri,General,,2026
54,Veppanahalli,11,Yuvaraj.K.P.U,Independent,262,3,265,0.12,27,27,Tamil Nadu,Krishnagiri,General,,2026
54,Veppanahalli,12,Ramasamy.G.C,Independent,487,0,487,0.22,27,27,Tamil Nadu,Krishnagiri,General,,2026
54,Veppanahalli,13,Venkatesan.C,Independent,690,2,692,0.31,27,27,Tamil Nadu,Krishnagiri,General,,2026
54,Veppanahalli,14,Nota,None of the Above,1559,11,1570,0.71,27,27,Tamil Nadu,Krishnagiri,General,,2026
55,Hosur,1,Sathya.S.A.,Dravida Munnetra Kazhagam,72966,807,73773,26.56,32,32,Tamil Nadu,Krishnagiri,General,SPA,2026
55,Hosur,2,Balakrishnareddy. P,All India Anna Dravida Munnetra Kazhagam,109047,820,109867,39.55,32,32,Tamil Nadu,Krishnagiri,General,NDA,2026
55,Hosur,3,Stalin.R,Naam Tamilar Katchi,7573,59,7632,2.75,32,32,Tamil Nadu,Krishnagiri,General,,2026
55,Hosur,4,Surya. Y,Republican Party of India (Athawale),1154,21,1175,0.42,32,32,Tamil Nadu,Krishnagiri,General,,2026
55,Hosur,5,Ponnumani.R,Tamilar Makkal Katchi,238,2,240,0.09,32,32,Tamil Nadu,Krishnagiri,General,,2026
55,Hosur,6,Vendarkarasan.S,Tamilaga Vettri Kazhagam,81604,460,82064,29.54,32,32,Tamil Nadu,Krishnagiri,General,,2026
55,Hosur,7,Ganesh.M,Independent,189,1,190,0.07,32,32,Tamil Nadu,Krishnagiri,General,,2026
55,Hosur,8,Dr.Shanmugam.A.R.,Independent,102,1,103,0.04,32,32,Tamil Nadu,Krishnagiri,General,,2026
55,Hosur,9,Devappa.Y,Independent,134,1,135,0.05,32,32,Tamil Nadu,Krishnagiri,General,,2026
55,Hosur,10,Pattabirama. C,Independent,174,2,176,0.06,32,32,Tamil Nadu,Krishnagiri,General,,2026
55,Hosur,11,Masood.S,Independent,290,2,292,0.11,32,32,Tamil Nadu,Krishnagiri,General,,2026
55,Hosur,12,Mariya Francis.S,Independent,235,3,238,0.09,32,32,Tamil Nadu,Krishnagiri,General,,2026
55,Hosur,13,Rajendran.P,Independent,270,1,271,0.1,32,32,Tamil Nadu,Krishnagiri,General,,2026
55,Hosur,14,Nota,None of the Above,1585,29,1614,0.58,32,32,Tamil Nadu,Krishnagiri,General,,2026
56,Thalli,1,Ramachandran. T,Communist Party of India,77470,813,78283,38.02,24,24,Tamil Nadu,Krishnagiri,General,SPA,2026
56,Thalli,2,Narasimma Reddy Alias Narasimman. R,Naam Tamilar Katchi,4078,29,4107,1.99,24,24,Tamil Nadu,Krishnagiri,General,,2026
56,Thalli,3,Dr.Nagesh Kumar. C,Bharatiya Janata Party,72587,456,73043,35.48,24,24,Tamil Nadu,Krishnagiri,General,NDA,2026
56,Thalli,4,Ajith. G,Tamizhaga Vaazhvurimai Katchi,1007,10,1017,0.49,24,24,Tamil Nadu,Krishnagiri,General,,2026
56,Thalli,5,Suresh. G,Tamilaga Vettri Kazhagam,44977,268,45245,21.98,24,24,Tamil Nadu,Krishnagiri,General,,2026
56,Thalli,6,Jayaram. N,Anna Makkal Katchi,420,4,424,0.21,24,24,Tamil Nadu,Krishnagiri,General,,2026
56,Thalli,7,Asanraja. K,Independent,698,3,701,0.34,24,24,Tamil Nadu,Krishnagiri,General,,2026
56,Thalli,8,Kumar. D.J,Independent,380,0,380,0.18,24,24,Tamil Nadu,Krishnagiri,General,,2026
56,Thalli,9,Devappa. Y,Independent,506,0,506,0.25,24,24,Tamil Nadu,Krishnagiri,General,,2026
56,Thalli,10,Jagan. M,Independent,621,1,622,0.3,24,24,Tamil Nadu,Krishnagiri,General,,2026
56,Thalli,11,Nota,None of the Above,1544,6,1550,0.75,24,24,Tamil Nadu,Krishnagiri,General,,2026
57,Palacodu,1,Anbalagan. K.P.,All India Anna Dravida Munnetra Kazhagam,101533,1274,102807,45.64,23,23,Tamil Nadu,Dharmapuri,General,NDA,2026
57,Palacodu,2,Dr. Dnv Senthilkumar. S.,Dravida Munnetra Kazhagam,49220,823,50043,22.22,23,23,Tamil Nadu,Dharmapuri,General,SPA,2026
57,Palacodu,3,Boopathi. R.,Naam Tamilar Katchi,5492,106,5598,2.49,23,23,Tamil Nadu,Dharmapuri,General,,2026
57,Palacodu,4,Gopi. R.,Tamilaga Vettri Kazhagam,63211,554,63765,28.31,23,23,Tamil Nadu,Dharmapuri,General,,2026
57,Palacodu,5,Palaniyammal. M.,Tamilar Makkal Katchi,153,2,155,0.07,23,23,Tamil Nadu,Dharmapuri,General,,2026
57,Palacodu,6,Ramesh. P.,Naadaalum Makkal Katchi,176,3,179,0.08,23,23,Tamil Nadu,Dharmapuri,General,,2026
57,Palacodu,7,Jayaraman Perumal. P.,Tamizhaga Vaazhvurimai Katchi,115,3,118,0.05,23,23,Tamil Nadu,Dharmapuri,General,,2026
57,Palacodu,8,Krishnan. L.,Independent,61,0,61,0.03,23,23,Tamil Nadu,Dharmapuri,General,,2026
57,Palacodu,9,Chinnasamy. N.,Independent,114,0,114,0.05,23,23,Tamil Nadu,Dharmapuri,General,,2026
57,Palacodu,10,Senthilkumar. G.,Independent,140,5,145,0.06,23,23,Tamil Nadu,Dharmapuri,General,,2026
57,Palacodu,11,Senthilkumar. K,Independent,109,7,116,0.05,23,23,Tamil Nadu,Dharmapuri,General,,2026
57,Palacodu,12,Perumal Munusamy. M.,Independent,222,1,223,0.1,23,23,Tamil Nadu,Dharmapuri,General,,2026
57,Palacodu,13,Madhappan. P.,Independent,281,2,283,0.13,23,23,Tamil Nadu,Dharmapuri,General,,2026
57,Palacodu,14,Raman. M.,Independent,358,0,358,0.16,23,23,Tamil Nadu,Dharmapuri,General,,2026
57,Palacodu,15,Nota,None of the Above,1285,7,1292,0.57,23,23,Tamil Nadu,Dharmapuri,General,,2026
58,Pennagaram,1,Ajith Kumar. S.,Bahujan Samaj Party,550,7,557,0.24,23,23,Tamil Nadu,Dharmapuri,General,,2026
58,Pennagaram,2,G. K. M. Tamilkumaran,Indian National Congress,52934,967,53901,23.57,23,23,Tamil Nadu,Dharmapuri,General,SPA,2026
58,Pennagaram,3,Palaniyammal. T.,Naam Tamilar Katchi,7234,124,7358,3.22,23,23,Tamil Nadu,Dharmapuri,General,,2026
58,Pennagaram,4,Kannan. K.,Tamilar Makkal Katchi,544,2,546,0.24,23,23,Tamil Nadu,Dharmapuri,General,,2026
58,Pennagaram,5,Gajendran. S.,Tamilaga Vettri Kazhagam,80473,767,81240,35.53,23,23,Tamil Nadu,Dharmapuri,General,,2026
58,Pennagaram,6,Selvam. V.,Pattali Makkal Katchi,76737,1338,78075,34.14,23,23,Tamil Nadu,Dharmapuri,General,NDA,2026
58,Pennagaram,7,Thavamani. C.,Tamizhaga Vaazhvurimai Katchi,620,8,628,0.27,23,23,Tamil Nadu,Dharmapuri,General,,2026
58,Pennagaram,8,Thirumurugan. P.,Naadaalum Makkal Katchi,423,6,429,0.19,23,23,Tamil Nadu,Dharmapuri,General,,2026
58,Pennagaram,9,Annamalai. M.,Independent,477,3,480,0.21,23,23,Tamil Nadu,Dharmapuri,General,,2026
58,Pennagaram,10,Arunkumar. G.,Independent,499,2,501,0.22,23,23,Tamil Nadu,Dharmapuri,General,,2026
58,Pennagaram,11,Elavarsan. A.,Independent,366,1,367,0.16,23,23,Tamil Nadu,Dharmapuri,General,,2026
58,Pennagaram,12,Sakthivel. M.,Independent,478,2,480,0.21,23,23,Tamil Nadu,Dharmapuri,General,,2026
58,Pennagaram,13,Selvam. V.,Independent,202,0,202,0.09,23,23,Tamil Nadu,Dharmapuri,General,,2026
58,Pennagaram,14,Sendrayan. G.,Independent,287,6,293,0.13,23,23,Tamil Nadu,Dharmapuri,General,,2026
58,Pennagaram,15,Gnanaselvam. S.,Independent,462,1,463,0.2,23,23,Tamil Nadu,Dharmapuri,General,,2026
58,Pennagaram,16,Tamilarasan. M.,Independent,395,5,400,0.17,23,23,Tamil Nadu,Dharmapuri,General,,2026
58,Pennagaram,17,Tamilselvi. S.,Independent,259,4,263,0.12,23,23,Tamil Nadu,Dharmapuri,General,,2026
58,Pennagaram,18,Poomani. P.,Independent,532,1,533,0.23,23,23,Tamil Nadu,Dharmapuri,General,,2026
58,Pennagaram,19,Manivannan. S.,Independent,208,1,209,0.09,23,23,Tamil Nadu,Dharmapuri,General,,2026
58,Pennagaram,20,Manoharan. K. A.,Independent,362,2,364,0.16,23,23,Tamil Nadu,Dharmapuri,General,,2026
58,Pennagaram,21,Vilkrishnan. R.,Independent,356,0,356,0.16,23,23,Tamil Nadu,Dharmapuri,General,,2026
58,Pennagaram,22,Veerappan. M.,Independent,347,0,347,0.15,23,23,Tamil Nadu,Dharmapuri,General,,2026
58,Pennagaram,23,Nota,None of the Above,656,18,674,0.29,23,23,Tamil Nadu,Dharmapuri,General,,2026
59,Dharmapuri,1,Dr. Elangovan. V.,Desiya Murpokku Dravida Kazhagam,55457,1448,56905,23.85,23,23,Tamil Nadu,Dharmapuri,General,SPA,2026
59,Dharmapuri,2,Shanthalakshmi. K.,Naam Tamilar Katchi,6558,200,6758,2.83,23,23,Tamil Nadu,Dharmapuri,General,,2026
59,Dharmapuri,3,Saravanan. A.,Aanaithinthiya Jananayaka Pathukappu Kazhagam,1059,19,1078,0.45,23,23,Tamil Nadu,Dharmapuri,General,,2026
59,Dharmapuri,4,Sivagami. G.,Tamilar Makkal Katchi,377,5,382,0.16,23,23,Tamil Nadu,Dharmapuri,General,,2026
59,Dharmapuri,5,Sivan. M.,Tamilaga Vettri Kazhagam,71487,1330,72817,30.52,23,23,Tamil Nadu,Dharmapuri,General,,2026
59,Dharmapuri,6,Sowmiya Anbumani,Pattali Makkal Katchi,91469,2244,93713,39.28,23,23,Tamil Nadu,Dharmapuri,General,NDA,2026
59,Dharmapuri,7,Prasanth. Dbj.,Tamizhaga Vaazhvurimai Katchi,813,8,821,0.34,23,23,Tamil Nadu,Dharmapuri,General,,2026
59,Dharmapuri,8,Manikandan. S.,Vishwa Tamil Kazhagam,705,5,710,0.3,23,23,Tamil Nadu,Dharmapuri,General,,2026
59,Dharmapuri,9,Madhu. P.,Naadaalum Makkal Katchi,496,9,505,0.21,23,23,Tamil Nadu,Dharmapuri,General,,2026
59,Dharmapuri,10,Arumugam. Muni.,Independent,210,5,215,0.09,23,23,Tamil Nadu,Dharmapuri,General,,2026
59,Dharmapuri,11,Kumar. V.,Independent,348,5,353,0.15,23,23,Tamil Nadu,Dharmapuri,General,,2026
59,Dharmapuri,12,Saravanan. G.,Independent,969,14,983,0.41,23,23,Tamil Nadu,Dharmapuri,General,,2026
59,Dharmapuri,13,Sivam. R.,Independent,161,5,166,0.07,23,23,Tamil Nadu,Dharmapuri,General,,2026
59,Dharmapuri,14,Sivan. A.,Independent,362,10,372,0.16,23,23,Tamil Nadu,Dharmapuri,General,,2026
59,Dharmapuri,15,Sundaramoorthy. M.,Independent,190,2,192,0.08,23,23,Tamil Nadu,Dharmapuri,General,,2026
59,Dharmapuri,16,Thirupathi. M.,Independent,763,0,763,0.32,23,23,Tamil Nadu,Dharmapuri,General,,2026
59,Dharmapuri,17,Nagarajan. D.,Independent,615,4,619,0.26,23,23,Tamil Nadu,Dharmapuri,General,,2026
59,Dharmapuri,18,Palani. K.,Independent,171,7,178,0.07,23,23,Tamil Nadu,Dharmapuri,General,,2026
59,Dharmapuri,19,Prabhakaran. M.,Independent,106,2,108,0.05,23,23,Tamil Nadu,Dharmapuri,General,,2026
59,Dharmapuri,20,Nota,None of the Above,889,52,941,0.39,23,23,Tamil Nadu,Dharmapuri,General,,2026
60,Pappireddipatti,1,Archana Tamilaruvi,Naam Tamilar Katchi,5060,156,5216,2.2,25,25,Tamil Nadu,Dharmapuri,General,,2026
60,Pappireddipatti,2,Palaniappan. P,Dravida Munnetra Kazhagam,66830,1885,68715,29.04,25,25,Tamil Nadu,Dharmapuri,General,SPA,2026
60,Pappireddipatti,3,Maragatham Vetrivel,All India Anna Dravida Munnetra Kazhagam,100096,1733,101829,43.03,25,25,Tamil Nadu,Dharmapuri,General,NDA,2026
60,Pappireddipatti,4,Ganesan. S,Vishwa Tamil Kazhagam,761,9,770,0.33,25,25,Tamil Nadu,Dharmapuri,General,,2026
60,Pappireddipatti,5,Chennakrishnan. V,All India Puratchi Thalaivar Makkal Munnettra Kazhagam,238,5,243,0.1,25,25,Tamil Nadu,Dharmapuri,General,,2026
60,Pappireddipatti,6,Thilagavathi. S,Tamilaga Vettri Kazhagam,56666,953,57619,24.35,25,25,Tamil Nadu,Dharmapuri,General,,2026
60,Pappireddipatti,7,Poovarasu,Tamilar Makkal Katchi,121,0,121,0.05,25,25,Tamil Nadu,Dharmapuri,General,,2026
60,Pappireddipatti,8,Jamunarani. M,Naadaalum Makkal Katchi,186,1,187,0.08,25,25,Tamil Nadu,Dharmapuri,General,,2026
60,Pappireddipatti,9,Sathish. S,Independent,75,1,76,0.03,25,25,Tamil Nadu,Dharmapuri,General,,2026
60,Pappireddipatti,10,Chinnasamy. P,Independent,78,0,78,0.03,25,25,Tamil Nadu,Dharmapuri,General,,2026
60,Pappireddipatti,11,Tamilraj. K,Independent,143,3,146,0.06,25,25,Tamil Nadu,Dharmapuri,General,,2026
60,Pappireddipatti,12,Palaniappan. R,Independent,309,6,315,0.13,25,25,Tamil Nadu,Dharmapuri,General,,2026
60,Pappireddipatti,13,Murugan. S,Independent,326,1,327,0.14,25,25,Tamil Nadu,Dharmapuri,General,,2026
60,Pappireddipatti,14,Moorthi. P,Independent,301,1,302,0.13,25,25,Tamil Nadu,Dharmapuri,General,,2026
60,Pappireddipatti,15,Nota,None of the Above,661,16,677,0.29,25,25,Tamil Nadu,Dharmapuri,General,,2026
61,Harur,1,Anitha. A,Naam Tamilar Katchi,5055,190,5245,2.38,23,23,Tamil Nadu,Dharmapuri,SC,,2026
61,Harur,2,Shanmugam. A,Dravida Munnetra Kazhagam,70263,1931,72194,32.81,23,23,Tamil Nadu,Dharmapuri,SC,SPA,2026
61,Harur,3,Sampathkumar. V,All India Anna Dravida Munnetra Kazhagam,74063,1460,75523,34.32,23,23,Tamil Nadu,Dharmapuri,SC,NDA,2026
61,Harur,4,Nehru. G,Bahujan Samaj Party,690,6,696,0.32,23,23,Tamil Nadu,Dharmapuri,SC,,2026
61,Harur,5,Karuthammal. S,Naadaalum Makkal Katchi,481,6,487,0.22,23,23,Tamil Nadu,Dharmapuri,SC,,2026
61,Harur,6,Kuppuraj. K,Tamilar Makkal Katchi,119,1,120,0.05,23,23,Tamil Nadu,Dharmapuri,SC,,2026
61,Harur,7,Manila. S,Tamizhaga Vaazhvurimai Katchi,209,4,213,0.1,23,23,Tamil Nadu,Dharmapuri,SC,,2026
61,Harur,8,Marikannu. C,Republican Party of India (Athawale),622,30,652,0.3,23,23,Tamil Nadu,Dharmapuri,SC,,2026
61,Harur,9,Rakesh. K,Tamilaga Vettri Kazhagam,61685,1071,62756,28.52,23,23,Tamil Nadu,Dharmapuri,SC,,2026
61,Harur,10,Venkatesh (A) Dr. V.K. Swamy,Bharat Jan Chikitsa Party,158,3,161,0.07,23,23,Tamil Nadu,Dharmapuri,SC,,2026
61,Harur,11,Sampath. K,Independent,107,3,110,0.05,23,23,Tamil Nadu,Dharmapuri,SC,,2026
61,Harur,12,Sampath. C,Independent,215,2,217,0.1,23,23,Tamil Nadu,Dharmapuri,SC,,2026
61,Harur,13,Thangavel. K,Independent,437,4,441,0.2,23,23,Tamil Nadu,Dharmapuri,SC,,2026
61,Harur,14,Parthipan. P,Independent,444,1,445,0.2,23,23,Tamil Nadu,Dharmapuri,SC,,2026
61,Harur,15,Nota,None of the Above,758,24,782,0.36,23,23,Tamil Nadu,Dharmapuri,SC,,2026
62,Chengam,1,M.P.Giri,Dravida Munnetra Kazhagam,69497,849,70346,28.96,25,25,Tamil Nadu,Tiruvannamalai,SC,SPA,2026
62,Chengam,2,S.Velu,All India Anna Dravida Munnetra Kazhagam,86953,849,87802,36.15,25,25,Tamil Nadu,Tiruvannamalai,SC,NDA,2026
62,Chengam,3,J.Shoba,Naam Tamilar Katchi,6249,86,6335,2.61,25,25,Tamil Nadu,Tiruvannamalai,SC,,2026
62,Chengam,4,C Selvan,Republican Party of India (Athawale),871,24,895,0.37,25,25,Tamil Nadu,Tiruvannamalai,SC,,2026
62,Chengam,5,K Bharathidhasan,Tamilaga Vettri Kazhagam,73985,539,74524,30.68,25,25,Tamil Nadu,Tiruvannamalai,SC,,2026
62,Chengam,6,K Manikandan,Makkal Sananayaga Kudiyarasu Katchi,149,0,149,0.06,25,25,Tamil Nadu,Tiruvannamalai,SC,,2026
62,Chengam,7,C.Malathi,Tamizhaga Vaazhvurimai Katchi,82,2,84,0.03,25,25,Tamil Nadu,Tiruvannamalai,SC,,2026
62,Chengam,8,A.Chidambaram,Independent,172,1,173,0.07,25,25,Tamil Nadu,Tiruvannamalai,SC,,2026
62,Chengam,9,P.Selvam,Independent,93,27,120,0.05,25,25,Tamil Nadu,Tiruvannamalai,SC,,2026
62,Chengam,10,D Dhilipkumar,Independent,58,13,71,0.03,25,25,Tamil Nadu,Tiruvannamalai,SC,,2026
62,Chengam,11,A.Bharathi,Independent,399,1,400,0.16,25,25,Tamil Nadu,Tiruvannamalai,SC,,2026
62,Chengam,12,A Poongodi,Independent,197,0,197,0.08,25,25,Tamil Nadu,Tiruvannamalai,SC,,2026
62,Chengam,13,M.Mugilarasan,Independent,133,4,137,0.06,25,25,Tamil Nadu,Tiruvannamalai,SC,,2026
62,Chengam,14,M.Raman Masilamani,Independent,156,0,156,0.06,25,25,Tamil Nadu,Tiruvannamalai,SC,,2026
62,Chengam,15,K.Velu,Independent,393,1,394,0.16,25,25,Tamil Nadu,Tiruvannamalai,SC,,2026
62,Chengam,16,Nota,None of the Above,1103,11,1114,0.46,25,25,Tamil Nadu,Tiruvannamalai,SC,,2026
63,Tiruvannamalai,1,Elumalai. C,Bharatiya Janata Party,33809,471,34280,15.58,23,23,Tamil Nadu,Tiruvannamalai,General,NDA,2026
63,Tiruvannamalai,2,Raj. S,Bahujan Samaj Party,281,0,281,0.13,23,23,Tamil Nadu,Tiruvannamalai,General,,2026
63,Tiruvannamalai,3,Vignesh. S,Naam Tamilar Katchi,5930,81,6011,2.73,23,23,Tamil Nadu,Tiruvannamalai,General,,2026
63,Tiruvannamalai,4,Velu. E.V,Dravida Munnetra Kazhagam,87271,1002,88273,40.11,23,23,Tamil Nadu,Tiruvannamalai,General,SPA,2026
63,Tiruvannamalai,5,Arul Arumugam,Tamilaga Vettri Kazhagam,85172,646,85818,39,23,23,Tamil Nadu,Tiruvannamalai,General,,2026
63,Tiruvannamalai,6,Kannan. P,Veerath Thiyagi Viswanathadoss Thozhilalarkal Katchi,256,0,256,0.12,23,23,Tamil Nadu,Tiruvannamalai,General,,2026
63,Tiruvannamalai,7,Nakkiran. A,Thamizhaka Padaippalar Makkal Katchi,134,1,135,0.06,23,23,Tamil Nadu,Tiruvannamalai,General,,2026
63,Tiruvannamalai,8,Benny Rajan. C.J,Republican Party of India (Athawale),611,16,627,0.28,23,23,Tamil Nadu,Tiruvannamalai,General,,2026
63,Tiruvannamalai,9,Malli. S,Tamizhaga Vaazhvurimai Katchi,121,1,122,0.06,23,23,Tamil Nadu,Tiruvannamalai,General,,2026
63,Tiruvannamalai,10,Vijayakumar. S,Naadaalum Makkal Katchi,276,1,277,0.13,23,23,Tamil Nadu,Tiruvannamalai,General,,2026
63,Tiruvannamalai,11,Velu. V,Anti Corruption Dynamic Party,80,1,81,0.04,23,23,Tamil Nadu,Tiruvannamalai,General,,2026
63,Tiruvannamalai,12,Arul. K,Independent,323,2,325,0.15,23,23,Tamil Nadu,Tiruvannamalai,General,,2026
63,Tiruvannamalai,13,Arul Anand. V,Independent,168,1,169,0.08,23,23,Tamil Nadu,Tiruvannamalai,General,,2026
63,Tiruvannamalai,14,Anbalagan. M,Independent,58,1,59,0.03,23,23,Tamil Nadu,Tiruvannamalai,General,,2026
63,Tiruvannamalai,15,Adhithya Palanisamy. A,Independent,188,0,188,0.09,23,23,Tamil Nadu,Tiruvannamalai,General,,2026
63,Tiruvannamalai,16,Ananth. A. M,Independent,212,0,212,0.1,23,23,Tamil Nadu,Tiruvannamalai,General,,2026
63,Tiruvannamalai,17,Elumalai. A S/O Arumugam,Independent,356,0,356,0.16,23,23,Tamil Nadu,Tiruvannamalai,General,,2026
63,Tiruvannamalai,18,Elumalai. C S/O Chinnakuzhanthai,Independent,130,0,130,0.06,23,23,Tamil Nadu,Tiruvannamalai,General,,2026
63,Tiruvannamalai,19,Elumalai. C S/O Chinnarasu,Independent,87,0,87,0.04,23,23,Tamil Nadu,Tiruvannamalai,General,,2026
63,Tiruvannamalai,20,Kothandapani. B,Independent,284,0,284,0.13,23,23,Tamil Nadu,Tiruvannamalai,General,,2026
63,Tiruvannamalai,21,Salam .M,Independent,474,0,474,0.22,23,23,Tamil Nadu,Tiruvannamalai,General,,2026
63,Tiruvannamalai,22,Palani. N,Independent,219,0,219,0.1,23,23,Tamil Nadu,Tiruvannamalai,General,,2026
63,Tiruvannamalai,23,Maheswari. R,Independent,76,1,77,0.03,23,23,Tamil Nadu,Tiruvannamalai,General,,2026
63,Tiruvannamalai,24,Marikkannu. E,Independent,61,0,61,0.03,23,23,Tamil Nadu,Tiruvannamalai,General,,2026
63,Tiruvannamalai,25,Moorthy. P,Independent,42,0,42,0.02,23,23,Tamil Nadu,Tiruvannamalai,General,,2026
63,Tiruvannamalai,26,Ramesh. V,Independent,129,0,129,0.06,23,23,Tamil Nadu,Tiruvannamalai,General,,2026
63,Tiruvannamalai,27,Raja. V,Independent,90,1,91,0.04,23,23,Tamil Nadu,Tiruvannamalai,General,,2026
63,Tiruvannamalai,28,Vignesh. M,Independent,93,0,93,0.04,23,23,Tamil Nadu,Tiruvannamalai,General,,2026
63,Tiruvannamalai,29,Venkatesan. M,Independent,66,0,66,0.03,23,23,Tamil Nadu,Tiruvannamalai,General,,2026
63,Tiruvannamalai,30,Velu. K,Independent,57,1,58,0.03,23,23,Tamil Nadu,Tiruvannamalai,General,,2026
63,Tiruvannamalai,31,Nota,None of the Above,758,27,785,0.36,23,23,Tamil Nadu,Tiruvannamalai,General,,2026
64,Kilpennathur,1,Ramachandran.S,All India Anna Dravida Munnetra Kazhagam,89434,1069,90503,41.18,23,23,Tamil Nadu,Tiruvannamalai,General,NDA,2026
64,Kilpennathur,2,Pitchandi.K,Dravida Munnetra Kazhagam,59157,881,60038,27.32,23,23,Tamil Nadu,Tiruvannamalai,General,SPA,2026
64,Kilpennathur,3,Loganathan.V,Naam Tamilar Katchi,6092,92,6184,2.81,23,23,Tamil Nadu,Tiruvannamalai,General,,2026
64,Kilpennathur,4,Shanmugam.A,Thamizhaka Padaippalar Makkal Katchi,164,1,165,0.08,23,23,Tamil Nadu,Tiruvannamalai,General,,2026
64,Kilpennathur,5,Rajasekar.P,Tamizhaga Vaazhvurimai Katchi,294,1,295,0.13,23,23,Tamil Nadu,Tiruvannamalai,General,,2026
64,Kilpennathur,6,Raja.D,Tamilaga Vettri Kazhagam,58767,363,59130,26.9,23,23,Tamil Nadu,Tiruvannamalai,General,,2026
64,Kilpennathur,7,Lokeshwaran.R,Anti Corruption Dynamic Party,129,1,130,0.06,23,23,Tamil Nadu,Tiruvannamalai,General,,2026
64,Kilpennathur,8,Janakiraman.R,Aanaithinthiya Jananayaka Pathukappu Kazhagam,226,2,228,0.1,23,23,Tamil Nadu,Tiruvannamalai,General,,2026
64,Kilpennathur,9,Athiyamaan.M,Independent,44,1,45,0.02,23,23,Tamil Nadu,Tiruvannamalai,General,,2026
64,Kilpennathur,10,Ramachandran.K,Independent,56,9,65,0.03,23,23,Tamil Nadu,Tiruvannamalai,General,,2026
64,Kilpennathur,11,Sasikumar.S,Independent,52,10,62,0.03,23,23,Tamil Nadu,Tiruvannamalai,General,,2026
64,Kilpennathur,12,Santhoshkumar.E,Independent,75,1,76,0.03,23,23,Tamil Nadu,Tiruvannamalai,General,,2026
64,Kilpennathur,13,Sampathraj.M,Independent,151,4,155,0.07,23,23,Tamil Nadu,Tiruvannamalai,General,,2026
64,Kilpennathur,14,Suryaprakash.S,Independent,144,2,146,0.07,23,23,Tamil Nadu,Tiruvannamalai,General,,2026
64,Kilpennathur,15,Dhilipkumar.D,Independent,257,3,260,0.12,23,23,Tamil Nadu,Tiruvannamalai,General,,2026
64,Kilpennathur,16,Pichandi.D,Independent,533,0,533,0.24,23,23,Tamil Nadu,Tiruvannamalai,General,,2026
64,Kilpennathur,17,Pichandi.R,Independent,603,1,604,0.27,23,23,Tamil Nadu,Tiruvannamalai,General,,2026
64,Kilpennathur,18,Pichandi.V,Independent,302,0,302,0.14,23,23,Tamil Nadu,Tiruvannamalai,General,,2026
64,Kilpennathur,19,Murugan.M,Independent,47,0,47,0.02,23,23,Tamil Nadu,Tiruvannamalai,General,,2026
64,Kilpennathur,20,Ramachandran.K,Independent,33,0,33,0.02,23,23,Tamil Nadu,Tiruvannamalai,General,,2026
64,Kilpennathur,21,Ramachandiran.R,Independent,27,0,27,0.01,23,23,Tamil Nadu,Tiruvannamalai,General,,2026
64,Kilpennathur,22,Rajasekar.I,Independent,143,0,143,0.07,23,23,Tamil Nadu,Tiruvannamalai,General,,2026
64,Kilpennathur,23,Rajkumar.R,Independent,179,0,179,0.08,23,23,Tamil Nadu,Tiruvannamalai,General,,2026
64,Kilpennathur,24,Nota,None of the Above,434,6,440,0.2,23,23,Tamil Nadu,Tiruvannamalai,General,,2026
65,Kalasapakkam,1,Agri Krishnamurthy. S S,All India Anna Dravida Munnetra Kazhagam,88576,1053,89629,41.86,24,24,Tamil Nadu,Tiruvannamalai,General,NDA,2026
65,Kalasapakkam,2,Saravanan. P.S.T,Dravida Munnetra Kazhagam,62130,759,62889,29.37,24,24,Tamil Nadu,Tiruvannamalai,General,SPA,2026
65,Kalasapakkam,3,Seetha Sivanandam. P,Naam Tamilar Katchi,5173,139,5312,2.48,24,24,Tamil Nadu,Tiruvannamalai,General,,2026
65,Kalasapakkam,4,Elumalai. P,Tamilaga Vettri Kazhagam,51091,575,51666,24.13,24,24,Tamil Nadu,Tiruvannamalai,General,,2026
65,Kalasapakkam,5,Sathya. V,Naadaalum Makkal Katchi,242,3,245,0.11,24,24,Tamil Nadu,Tiruvannamalai,General,,2026
65,Kalasapakkam,6,Saravanan. V,Tamizhaga Vaazhvurimai Katchi,91,11,102,0.05,24,24,Tamil Nadu,Tiruvannamalai,General,,2026
65,Kalasapakkam,7,Suman. M,Aanaithinthiya Jananayaka Pathukappu Kazhagam,87,4,91,0.04,24,24,Tamil Nadu,Tiruvannamalai,General,,2026
65,Kalasapakkam,8,Elumalai. S,Independent,45,1,46,0.02,24,24,Tamil Nadu,Tiruvannamalai,General,,2026
65,Kalasapakkam,9,Elumalai. T,Independent,37,0,37,0.02,24,24,Tamil Nadu,Tiruvannamalai,General,,2026
65,Kalasapakkam,10,Kamaraj. G,Independent,184,14,198,0.09,24,24,Tamil Nadu,Tiruvannamalai,General,,2026
65,Kalasapakkam,11,Krishnamurthy. S,Independent,60,6,66,0.03,24,24,Tamil Nadu,Tiruvannamalai,General,,2026
65,Kalasapakkam,12,Krishnamurthy. M,Independent,105,0,105,0.05,24,24,Tamil Nadu,Tiruvannamalai,General,,2026
65,Kalasapakkam,13,Krishnamurthy. R,Independent,575,1,576,0.27,24,24,Tamil Nadu,Tiruvannamalai,General,,2026
65,Kalasapakkam,14,Kothandapani. B,Independent,173,2,175,0.08,24,24,Tamil Nadu,Tiruvannamalai,General,,2026
65,Kalasapakkam,15,Saravanan. K,Independent,404,1,405,0.19,24,24,Tamil Nadu,Tiruvannamalai,General,,2026
65,Kalasapakkam,16,Santhakumaran. A,Independent,686,11,697,0.33,24,24,Tamil Nadu,Tiruvannamalai,General,,2026
65,Kalasapakkam,17,Deiveegan. P,Independent,654,0,654,0.31,24,24,Tamil Nadu,Tiruvannamalai,General,,2026
65,Kalasapakkam,18,Balaji. P,Independent,433,0,433,0.2,24,24,Tamil Nadu,Tiruvannamalai,General,,2026
65,Kalasapakkam,19,Baskaran. R,Independent,75,0,75,0.04,24,24,Tamil Nadu,Tiruvannamalai,General,,2026
65,Kalasapakkam,20,Manikandan. K,Independent,145,2,147,0.07,24,24,Tamil Nadu,Tiruvannamalai,General,,2026
65,Kalasapakkam,21,Raja. N,Independent,152,4,156,0.07,24,24,Tamil Nadu,Tiruvannamalai,General,,2026
65,Kalasapakkam,22,Nota,None of the Above,410,13,423,0.2,24,24,Tamil Nadu,Tiruvannamalai,General,,2026
66,Polur,1,Umadevi. A,Naam Tamilar Katchi,6270,155,6425,3.03,22,22,Tamil Nadu,Tiruvannamalai,General,,2026
66,Polur,2,Saravanan. P,Desiya Murpokku Dravida Kazhagam,66907,827,67734,31.99,22,22,Tamil Nadu,Tiruvannamalai,General,SPA,2026
66,Polur,3,Abishek. R,Tamilaga Vettri Kazhagam,67203,758,67961,32.1,22,22,Tamil Nadu,Tiruvannamalai,General,,2026
66,Polur,4,Shanmugavelu. A,Veerath Thiyagi Viswanathadoss Thozhilalarkal Katchi,962,8,970,0.46,22,22,Tamil Nadu,Tiruvannamalai,General,,2026
66,Polur,5,Syed Mukram. R. N,Tamizhaga Vaazhvurimai Katchi,244,7,251,0.12,22,22,Tamil Nadu,Tiruvannamalai,General,,2026
66,Polur,6,Dhavamani. P,Anti Corruption Dynamic Party,1322,6,1328,0.63,22,22,Tamil Nadu,Tiruvannamalai,General,,2026
66,Polur,7,Banupriya. D,Republican Party of India (Athawale),847,22,869,0.41,22,22,Tamil Nadu,Tiruvannamalai,General,,2026
66,Polur,8,Baskaran. C. R,Pattali Makkal Katchi,60516,928,61444,29.02,22,22,Tamil Nadu,Tiruvannamalai,General,NDA,2026
66,Polur,9,Manikandan. R,Aanaithinthiya Jananayaka Pathukappu Kazhagam,317,2,319,0.15,22,22,Tamil Nadu,Tiruvannamalai,General,,2026
66,Polur,10,Ezhil Arasu. M M.A. L.L.M.,Independent,143,7,150,0.07,22,22,Tamil Nadu,Tiruvannamalai,General,,2026
66,Polur,11,Saravanan. P,Independent,327,22,349,0.16,22,22,Tamil Nadu,Tiruvannamalai,General,,2026
66,Polur,12,Saravanan. M,Independent,135,3,138,0.07,22,22,Tamil Nadu,Tiruvannamalai,General,,2026
66,Polur,13,Subha. A,Independent,422,3,425,0.2,22,22,Tamil Nadu,Tiruvannamalai,General,,2026
66,Polur,14,Baskaran. C,Independent,905,3,908,0.43,22,22,Tamil Nadu,Tiruvannamalai,General,,2026
66,Polur,15,Purusothaman. M,Independent,1674,0,1674,0.79,22,22,Tamil Nadu,Tiruvannamalai,General,,2026
66,Polur,16,Nota,None of the Above,781,17,798,0.38,22,22,Tamil Nadu,Tiruvannamalai,General,,2026
67,Arani,1,Dhavamani. R,Naam Tamilar Katchi,6722,166,6888,2.99,25,25,Tamil Nadu,Tiruvannamalai,General,,2026
67,Arani,2,Mahalakshmi Govarthanan,Dravida Munnetra Kazhagam,70213,891,71104,30.89,25,25,Tamil Nadu,Tiruvannamalai,General,SPA,2026
67,Arani,3,Jayasudha. L,All India Anna Dravida Munnetra Kazhagam,75881,854,76735,33.34,25,25,Tamil Nadu,Tiruvannamalai,General,NDA,2026
67,Arani,4,Ganapathy. S,Thamizhaka Padaippalar Makkal Katchi,355,3,358,0.16,25,25,Tamil Nadu,Tiruvannamalai,General,,2026
67,Arani,5,Kalaimani. V,Aanaithinthiya Jananayaka Pathukappu Kazhagam,288,4,292,0.13,25,25,Tamil Nadu,Tiruvannamalai,General,,2026
67,Arani,6,Suresh. S,Tamizhaga Vaazhvurimai Katchi,131,12,143,0.06,25,25,Tamil Nadu,Tiruvannamalai,General,,2026
67,Arani,7,Selvakotti. E,Veerath Thiyagi Viswanathadoss Thozhilalarkal Katchi,68,0,68,0.03,25,25,Tamil Nadu,Tiruvannamalai,General,,2026
67,Arani,8,Tamilmannan. D,Samaniya Makkal Nala Katchi,164,0,164,0.07,25,25,Tamil Nadu,Tiruvannamalai,General,,2026
67,Arani,9,Venkatesh Kumar. D,Tamilaga Vettri Kazhagam,70191,666,70857,30.79,25,25,Tamil Nadu,Tiruvannamalai,General,,2026
67,Arani,10,Ammu. V,Independent,100,4,104,0.05,25,25,Tamil Nadu,Tiruvannamalai,General,,2026
67,Arani,11,Ekambaram. V,Independent,122,32,154,0.07,25,25,Tamil Nadu,Tiruvannamalai,General,,2026
67,Arani,12,Sakthivel. S,Independent,171,13,184,0.08,25,25,Tamil Nadu,Tiruvannamalai,General,,2026
67,Arani,13,Saravanan. S,Independent,228,1,229,0.1,25,25,Tamil Nadu,Tiruvannamalai,General,,2026
67,Arani,14,Silambarasan. C,Independent,202,0,202,0.09,25,25,Tamil Nadu,Tiruvannamalai,General,,2026
67,Arani,15,Sudha. S,Independent,257,0,257,0.11,25,25,Tamil Nadu,Tiruvannamalai,General,,2026
67,Arani,16,Sethurama Sasthri. G,Independent,178,0,178,0.08,25,25,Tamil Nadu,Tiruvannamalai,General,,2026
67,Arani,17,Dhamotharan. M,Independent,387,0,387,0.17,25,25,Tamil Nadu,Tiruvannamalai,General,,2026
67,Arani,18,Baskaran. S,Independent,423,1,424,0.18,25,25,Tamil Nadu,Tiruvannamalai,General,,2026
67,Arani,19,Mahalakshmi. G,Independent,357,2,359,0.16,25,25,Tamil Nadu,Tiruvannamalai,General,,2026
67,Arani,20,Mahalakshmi. G,Independent,115,2,117,0.05,25,25,Tamil Nadu,Tiruvannamalai,General,,2026
67,Arani,21,Vinoth. A,Independent,47,1,48,0.02,25,25,Tamil Nadu,Tiruvannamalai,General,,2026
67,Arani,22,Venkatesan. P,Independent,53,0,53,0.02,25,25,Tamil Nadu,Tiruvannamalai,General,,2026
67,Arani,23,Jayanthi. E,Independent,59,1,60,0.03,25,25,Tamil Nadu,Tiruvannamalai,General,,2026
67,Arani,24,Jayanthi. M,Independent,89,1,90,0.04,25,25,Tamil Nadu,Tiruvannamalai,General,,2026
67,Arani,25,Nota,None of the Above,694,13,707,0.31,25,25,Tamil Nadu,Tiruvannamalai,General,,2026
68,Cheyyar,1,Tamilselvan. M,Naam Tamilar Katchi,6941,102,7043,3.16,24,24,Tamil Nadu,Tiruvannamalai,General,,2026
68,Cheyyar,2,Mukkur N. Subramanian,All India Anna Dravida Munnetra Kazhagam,85939,741,86680,38.95,24,24,Tamil Nadu,Tiruvannamalai,General,NDA,2026
68,Cheyyar,3,Jothi. O,Dravida Munnetra Kazhagam,59231,663,59894,26.91,24,24,Tamil Nadu,Tiruvannamalai,General,SPA,2026
68,Cheyyar,4,Kuttimani. S,Veerath Thiyagi Viswanathadoss Thozhilalarkal Katchi,397,4,401,0.18,24,24,Tamil Nadu,Tiruvannamalai,General,,2026
68,Cheyyar,5,Chandrasekaran. M,All India Jananayaka Makkal Kazhagam,143,2,145,0.07,24,24,Tamil Nadu,Tiruvannamalai,General,,2026
68,Cheyyar,6,Srinivasan. K,Aanaithinthiya Jananayaka Pathukappu Kazhagam,257,2,259,0.12,24,24,Tamil Nadu,Tiruvannamalai,General,,2026
68,Cheyyar,7,Durugan. M,Vanchit Bahujan Aaghadi,333,1,334,0.15,24,24,Tamil Nadu,Tiruvannamalai,General,,2026
68,Cheyyar,8,Dusi K Mohan,Tamilaga Vettri Kazhagam,65217,382,65599,29.47,24,24,Tamil Nadu,Tiruvannamalai,General,,2026
68,Cheyyar,9,Palani. M,Tamizhaga Vaazhvurimai Katchi,159,23,182,0.08,24,24,Tamil Nadu,Tiruvannamalai,General,,2026
68,Cheyyar,10,Ragupathi. S,Anti Corruption Dynamic Party,124,21,145,0.07,24,24,Tamil Nadu,Tiruvannamalai,General,,2026
68,Cheyyar,11,Venkatesan. V,Anaithindia Samudaya Munnetra Kazhagam,224,0,224,0.1,24,24,Tamil Nadu,Tiruvannamalai,General,,2026
68,Cheyyar,12,Arjunan. M,Independent,320,0,320,0.14,24,24,Tamil Nadu,Tiruvannamalai,General,,2026
68,Cheyyar,13,Mohan. R,Independent,394,0,394,0.18,24,24,Tamil Nadu,Tiruvannamalai,General,,2026
68,Cheyyar,14,Nota,None of the Above,939,11,950,0.43,24,24,Tamil Nadu,Tiruvannamalai,General,,2026
69,Vandavasi,1,Ambethkumar. S,Dravida Munnetra Kazhagam,63011,794,63805,33.37,21,21,Tamil Nadu,Tiruvannamalai,SC,SPA,2026
69,Vandavasi,2,Ganesh. R,Naam Tamilar Katchi,5422,73,5495,2.87,21,21,Tamil Nadu,Tiruvannamalai,SC,,2026
69,Vandavasi,3,Rani. P,All India Anna Dravida Munnetra Kazhagam,59842,630,60472,31.63,21,21,Tamil Nadu,Tiruvannamalai,SC,NDA,2026
69,Vandavasi,4,Udhayakumar. M,Tamilaga Vettri Kazhagam,57810,364,58174,30.43,21,21,Tamil Nadu,Tiruvannamalai,SC,,2026
69,Vandavasi,5,Thamarai Selvi. S,Tamizhaga Vaazhvurimai Katchi,248,4,252,0.13,21,21,Tamil Nadu,Tiruvannamalai,SC,,2026
69,Vandavasi,6,Muthuselvam. V,Anti Corruption Dynamic Party,112,1,113,0.06,21,21,Tamil Nadu,Tiruvannamalai,SC,,2026
69,Vandavasi,7,Muthuperumal. K,Aanaithinthiya Jananayaka Pathukappu Kazhagam,121,3,124,0.06,21,21,Tamil Nadu,Tiruvannamalai,SC,,2026
69,Vandavasi,8,Rakesh Sharma. R,Thakkam Katchi,61,0,61,0.03,21,21,Tamil Nadu,Tiruvannamalai,SC,,2026
69,Vandavasi,9,Ambedkar. T,Independent,65,39,104,0.05,21,21,Tamil Nadu,Tiruvannamalai,SC,,2026
69,Vandavasi,10,Arjunan. M,Independent,41,0,41,0.02,21,21,Tamil Nadu,Tiruvannamalai,SC,,2026
69,Vandavasi,11,Udhayakumar. N,Independent,160,27,187,0.1,21,21,Tamil Nadu,Tiruvannamalai,SC,,2026
69,Vandavasi,12,Kanniyappan. S,Independent,117,4,121,0.06,21,21,Tamil Nadu,Tiruvannamalai,SC,,2026
69,Vandavasi,13,Ponnambalam. P,Independent,262,0,262,0.14,21,21,Tamil Nadu,Tiruvannamalai,SC,,2026
69,Vandavasi,14,Rani. A,Independent,672,2,674,0.35,21,21,Tamil Nadu,Tiruvannamalai,SC,,2026
69,Vandavasi,15,Jaisankar. M,Independent,330,1,331,0.17,21,21,Tamil Nadu,Tiruvannamalai,SC,,2026
69,Vandavasi,16,Nota,None of the Above,981,7,988,0.52,21,21,Tamil Nadu,Tiruvannamalai,SC,,2026
70,Gingee,1,Advocate Krishnan E,Naam Tamilar Katchi,6296,75,6371,2.94,24,24,Tamil Nadu,Viluppuram,General,,2026
70,Gingee,2,Gingee Masthan K S,Dravida Munnetra Kazhagam,64795,761,65556,30.26,24,24,Tamil Nadu,Viluppuram,General,SPA,2026
70,Gingee,3,Rangarajan E,Bahujan Samaj Party,379,2,381,0.18,24,24,Tamil Nadu,Viluppuram,General,,2026
70,Gingee,4,Rasanayagam N,Tamizhaga Vaazhvurimai Katchi,415,5,420,0.19,24,24,Tamil Nadu,Viluppuram,General,,2026
70,Gingee,5,Ganeshkumar A,Pattali Makkal Katchi,77324,877,78201,36.1,24,24,Tamil Nadu,Viluppuram,General,NDA,2026
70,Gingee,6,Sakthivel A,Thakkam Katchi,431,1,432,0.2,24,24,Tamil Nadu,Viluppuram,General,,2026
70,Gingee,7,Chandrasekaran B,Tamilaga Vettri Kazhagam,61209,400,61609,28.44,24,24,Tamil Nadu,Viluppuram,General,,2026
70,Gingee,8,Thanigaimalai R,Anti Corruption Dynamic Party,174,0,174,0.08,24,24,Tamil Nadu,Viluppuram,General,,2026
70,Gingee,9,Perumal N,Aanaithinthiya Jananayaka Pathukappu Kazhagam,280,5,285,0.13,24,24,Tamil Nadu,Viluppuram,General,,2026
70,Gingee,10,Mohammad Siddiq M H,Veerath Thiyagi Viswanathadoss Thozhilalarkal Katchi,127,1,128,0.06,24,24,Tamil Nadu,Viluppuram,General,,2026
70,Gingee,11,Gokulraj S,Independent,105,8,113,0.05,24,24,Tamil Nadu,Viluppuram,General,,2026
70,Gingee,12,Devendiran M,Independent,319,0,319,0.15,24,24,Tamil Nadu,Viluppuram,General,,2026
70,Gingee,13,Banukumar R,Independent,82,0,82,0.04,24,24,Tamil Nadu,Viluppuram,General,,2026
70,Gingee,14,Prabakaran M,Independent,431,0,431,0.2,24,24,Tamil Nadu,Viluppuram,General,,2026
70,Gingee,15,Poyyathappan K,Independent,411,0,411,0.19,24,24,Tamil Nadu,Viluppuram,General,,2026
70,Gingee,16,Munusamy A,Independent,435,0,435,0.2,24,24,Tamil Nadu,Viluppuram,General,,2026
70,Gingee,17,Mohan A,Independent,153,0,153,0.07,24,24,Tamil Nadu,Viluppuram,General,,2026
70,Gingee,18,Ramesh R,Independent,483,0,483,0.22,24,24,Tamil Nadu,Viluppuram,General,,2026
70,Gingee,19,Sridhar G,Independent,160,0,160,0.07,24,24,Tamil Nadu,Viluppuram,General,,2026
70,Gingee,20,Nota,None of the Above,495,13,508,0.23,24,24,Tamil Nadu,Viluppuram,General,,2026
71,Mailam,1,Shanmugam C Ve,All India Anna Dravida Munnetra Kazhagam,81436,917,82353,43.52,21,21,Tamil Nadu,Viluppuram,General,NDA,2026
71,Mailam,2,Ranjith Kumar M,Bahujan Samaj Party,361,4,365,0.19,21,21,Tamil Nadu,Viluppuram,General,,2026
71,Mailam,3,Vidjaivikram S,Naam Tamilar Katchi,4341,42,4383,2.32,21,21,Tamil Nadu,Viluppuram,General,,2026
71,Mailam,4,Venkatesan L,Desiya Murpokku Dravida Kazhagam,45726,541,46267,24.45,21,21,Tamil Nadu,Viluppuram,General,SPA,2026
71,Mailam,5,Ayyanar N,Anti Corruption Dynamic Party,263,1,264,0.14,21,21,Tamil Nadu,Viluppuram,General,,2026
71,Mailam,6,Anandhababu M,Tamizhaga Vaazhvurimai Katchi,120,1,121,0.06,21,21,Tamil Nadu,Viluppuram,General,,2026
71,Mailam,7,Suresh Kumar S,Indhia Kudiarasu Katchi,81,1,82,0.04,21,21,Tamil Nadu,Viluppuram,General,,2026
71,Mailam,8,Sekar Nayakar I M,All India Puratchi Thalaivar Makkal Munnettra Kazhagam,57,2,59,0.03,21,21,Tamil Nadu,Viluppuram,General,,2026
71,Mailam,9,Divya P,Naam Indiar Party,26,0,26,0.01,21,21,Tamil Nadu,Viluppuram,General,,2026
71,Mailam,10,Purushothaman K,Desiya Makkal Sakthi Katchi,46,1,47,0.02,21,21,Tamil Nadu,Viluppuram,General,,2026
71,Mailam,11,Manavalan A,Anna MGR Dravida Makkal Kalgam,92,1,93,0.05,21,21,Tamil Nadu,Viluppuram,General,,2026
71,Mailam,12,Vinoth R,Thakkam Katchi,332,0,332,0.18,21,21,Tamil Nadu,Viluppuram,General,,2026
71,Mailam,13,Vijay Niranjan A,Tamilaga Vettri Kazhagam,51983,329,52312,27.65,21,21,Tamil Nadu,Viluppuram,General,,2026
71,Mailam,14,Karvannan K,Independent,91,1,92,0.05,21,21,Tamil Nadu,Viluppuram,General,,2026
71,Mailam,15,Krishnamurthy K,Independent,198,0,198,0.1,21,21,Tamil Nadu,Viluppuram,General,,2026
71,Mailam,16,Gopu V S,Independent,536,1,537,0.28,21,21,Tamil Nadu,Viluppuram,General,,2026
71,Mailam,17,Siva S,Independent,551,1,552,0.29,21,21,Tamil Nadu,Viluppuram,General,,2026
71,Mailam,18,Sundar C,Independent,133,0,133,0.07,21,21,Tamil Nadu,Viluppuram,General,,2026
71,Mailam,19,Tamizharasan M,Independent,250,2,252,0.13,21,21,Tamil Nadu,Viluppuram,General,,2026
71,Mailam,20,Ranjitha V,Independent,356,1,357,0.19,21,21,Tamil Nadu,Viluppuram,General,,2026
71,Mailam,21,Vijayaganth K,Independent,97,0,97,0.05,21,21,Tamil Nadu,Viluppuram,General,,2026
71,Mailam,22,Nota,None of the Above,289,10,299,0.16,21,21,Tamil Nadu,Viluppuram,General,,2026
72,Tindivanam,1,Arjunan. P,All India Anna Dravida Munnetra Kazhagam,62325,774,63099,32.19,23,23,Tamil Nadu,Viluppuram,SC,NDA,2026
72,Tindivanam,2,Pachimuthu. P,Naam Tamilar Katchi,5205,37,5242,2.67,23,23,Tamil Nadu,Viluppuram,SC,,2026
72,Tindivanam,3,Vanni Arasu,Viduthalai Chiruthaigal Katchi,63094,739,63833,32.56,23,23,Tamil Nadu,Viluppuram,SC,SPA,2026
72,Tindivanam,4,Venkatachalapathy. A,Bahujan Samaj Party,420,2,422,0.22,23,23,Tamil Nadu,Viluppuram,SC,,2026
72,Tindivanam,5,Sakthivel. S,Tamilaga Vettri Kazhagam,60836,323,61159,31.2,23,23,Tamil Nadu,Viluppuram,SC,,2026
72,Tindivanam,6,Mohan. A,MAKKAL SAKTHI KATCHI,198,3,201,0.1,23,23,Tamil Nadu,Viluppuram,SC,,2026
72,Tindivanam,7,Ramneshwaran. V,Thakkam Katchi,65,0,65,0.03,23,23,Tamil Nadu,Viluppuram,SC,,2026
72,Tindivanam,8,Vanjinathan. C,Tamizhaga Vaazhvurimai Katchi,72,2,74,0.04,23,23,Tamil Nadu,Viluppuram,SC,,2026
72,Tindivanam,9,Chandaran. A,Independent,99,0,99,0.05,23,23,Tamil Nadu,Viluppuram,SC,,2026
72,Tindivanam,10,Durkali. N,Independent,69,9,78,0.04,23,23,Tamil Nadu,Viluppuram,SC,,2026
72,Tindivanam,11,Devakumaran. E,Independent,197,1,198,0.1,23,23,Tamil Nadu,Viluppuram,SC,,2026
72,Tindivanam,12,Pon.Sivakumar,Independent,196,3,199,0.1,23,23,Tamil Nadu,Viluppuram,SC,,2026
72,Tindivanam,13,Vinoth. S,Independent,433,2,435,0.22,23,23,Tamil Nadu,Viluppuram,SC,,2026
72,Tindivanam,14,Viswanathan. S.A,Independent,208,0,208,0.11,23,23,Tamil Nadu,Viluppuram,SC,,2026
72,Tindivanam,15,Nota,None of the Above,704,10,714,0.36,23,23,Tamil Nadu,Viluppuram,SC,,2026
73,Vanur,1,Karikalan B,Naam Tamilar Katchi,4654,43,4697,2.44,23,23,Tamil Nadu,Viluppuram,SC,,2026
73,Vanur,2,Gowtham D,Dravida Munnetra Kazhagam,68418,455,68873,35.85,23,23,Tamil Nadu,Viluppuram,SC,SPA,2026
73,Vanur,3,Murugan P,All India Anna Dravida Munnetra Kazhagam,53839,354,54193,28.21,23,23,Tamil Nadu,Viluppuram,SC,NDA,2026
73,Vanur,4,Vinayagamoorthy M,Bahujan Samaj Party,265,0,265,0.14,23,23,Tamil Nadu,Viluppuram,SC,,2026
73,Vanur,5,Anandakumar P M,Thakkam Katchi,95,0,95,0.05,23,23,Tamil Nadu,Viluppuram,SC,,2026
73,Vanur,6,Sakthivel S,Tamizhaga Vaazhvurimai Katchi,283,2,285,0.15,23,23,Tamil Nadu,Viluppuram,SC,,2026
73,Vanur,7,Suresh P,Tamilaga Vettri Kazhagam,61589,250,61839,32.19,23,23,Tamil Nadu,Viluppuram,SC,,2026
73,Vanur,8,Ayyanar E,Independent,93,0,93,0.05,23,23,Tamil Nadu,Viluppuram,SC,,2026
73,Vanur,9,Sathyaraman P,Independent,172,0,172,0.09,23,23,Tamil Nadu,Viluppuram,SC,,2026
73,Vanur,10,Sivakumar R,Independent,111,1,112,0.06,23,23,Tamil Nadu,Viluppuram,SC,,2026
73,Vanur,11,Suresh C V,Independent,67,1,68,0.04,23,23,Tamil Nadu,Viluppuram,SC,,2026
73,Vanur,12,Thangarasu N,Independent,56,0,56,0.03,23,23,Tamil Nadu,Viluppuram,SC,,2026
73,Vanur,13,Murali M,Independent,83,0,83,0.04,23,23,Tamil Nadu,Viluppuram,SC,,2026
73,Vanur,14,Radhika S,Independent,197,0,197,0.1,23,23,Tamil Nadu,Viluppuram,SC,,2026
73,Vanur,15,Vetrivel G,Independent,571,1,572,0.3,23,23,Tamil Nadu,Viluppuram,SC,,2026
73,Vanur,16,Nota,None of the Above,510,9,519,0.27,23,23,Tamil Nadu,Viluppuram,SC,,2026
74,Viluppuram,1,Abinaya Ponnivalavan,Naam Tamilar Katchi,5690,96,5786,2.69,24,24,Tamil Nadu,Viluppuram,General,,2026
74,Viluppuram,2,Lakshmanan R,Dravida Munnetra Kazhagam,72041,941,72982,33.88,24,24,Tamil Nadu,Viluppuram,General,SPA,2026
74,Viluppuram,3,Murugan S,Bahujan Samaj Party,386,4,390,0.18,24,24,Tamil Nadu,Viluppuram,General,,2026
74,Viluppuram,4,Vijayasureshbabu,All India Anna Dravida Munnetra Kazhagam,63118,690,63808,29.62,24,24,Tamil Nadu,Viluppuram,General,NDA,2026
74,Viluppuram,5,Kumaran R,Tamizhaga Vaazhvurimai Katchi,437,3,440,0.2,24,24,Tamil Nadu,Viluppuram,General,,2026
74,Viluppuram,6,Nagarajan P,Veerath Thiyagi Viswanathadoss Thozhilalarkal Katchi,230,1,231,0.11,24,24,Tamil Nadu,Viluppuram,General,,2026
74,Viluppuram,7,Mohanraj N,Tamilaga Vettri Kazhagam,68287,576,68863,31.97,24,24,Tamil Nadu,Viluppuram,General,,2026
74,Viluppuram,8,Akbar Ali P,Independent,63,0,63,0.03,24,24,Tamil Nadu,Viluppuram,General,,2026
74,Viluppuram,9,Arumugam M,Independent,150,0,150,0.07,24,24,Tamil Nadu,Viluppuram,General,,2026
74,Viluppuram,10,Raman K,Independent,94,0,94,0.04,24,24,Tamil Nadu,Viluppuram,General,,2026
74,Viluppuram,11,Balamurugan N,Independent,75,2,77,0.04,24,24,Tamil Nadu,Viluppuram,General,,2026
74,Viluppuram,12,Praveen Kumar R,Independent,84,0,84,0.04,24,24,Tamil Nadu,Viluppuram,General,,2026
74,Viluppuram,13,Mohamed Ali Jinna M,Independent,282,0,282,0.13,24,24,Tamil Nadu,Viluppuram,General,,2026
74,Viluppuram,14,Mohan C,Independent,62,0,62,0.03,24,24,Tamil Nadu,Viluppuram,General,,2026
74,Viluppuram,15,Raghul R,Independent,277,0,277,0.13,24,24,Tamil Nadu,Viluppuram,General,,2026
74,Viluppuram,16,Rayar K,Independent,141,1,142,0.07,24,24,Tamil Nadu,Viluppuram,General,,2026
74,Viluppuram,17,Rajkumar S,Independent,172,0,172,0.08,24,24,Tamil Nadu,Viluppuram,General,,2026
74,Viluppuram,18,Lakshmanan R,Independent,243,0,243,0.11,24,24,Tamil Nadu,Viluppuram,General,,2026
74,Viluppuram,19,Lakshmanan K,Independent,148,0,148,0.07,24,24,Tamil Nadu,Viluppuram,General,,2026
74,Viluppuram,20,Lakshmanan R,Independent,175,0,175,0.08,24,24,Tamil Nadu,Viluppuram,General,,2026
74,Viluppuram,21,Vijaya K,Independent,46,0,46,0.02,24,24,Tamil Nadu,Viluppuram,General,,2026
74,Viluppuram,22,Vijaya D,Independent,99,1,100,0.05,24,24,Tamil Nadu,Viluppuram,General,,2026
74,Viluppuram,23,Vijaya M,Independent,141,0,141,0.07,24,24,Tamil Nadu,Viluppuram,General,,2026
74,Viluppuram,24,Vijaya M,Independent,92,1,93,0.04,24,24,Tamil Nadu,Viluppuram,General,,2026
74,Viluppuram,25,Nota,None of the Above,564,9,573,0.27,24,24,Tamil Nadu,Viluppuram,General,,2026
75,Vikravandi,1,Inbarasan G,Bahujan Samaj Party,442,0,442,0.21,23,23,Tamil Nadu,Viluppuram,General,,2026
75,Vikravandi,2,Anniyur Siva @ Sivashanmugam A,Dravida Munnetra Kazhagam,60292,649,60941,29.13,23,23,Tamil Nadu,Viluppuram,General,SPA,2026
75,Vikravandi,3,Subha Chandrasekaran A,Naam Tamilar Katchi,4895,84,4979,2.38,23,23,Tamil Nadu,Viluppuram,General,,2026
75,Vikravandi,4,Sivakumar C,Pattali Makkal Katchi,69028,699,69727,33.33,23,23,Tamil Nadu,Viluppuram,General,NDA,2026
75,Vikravandi,5,Settu C,Tamizhaga Vaazhvurimai Katchi,585,7,592,0.28,23,23,Tamil Nadu,Viluppuram,General,,2026
75,Vikravandi,6,Thamizhvengai Ka,Desiya Makkal Sakthi Katchi,103,0,103,0.05,23,23,Tamil Nadu,Viluppuram,General,,2026
75,Vikravandi,7,Backiyalakshmi C,Thakkam Katchi,141,0,141,0.07,23,23,Tamil Nadu,Viluppuram,General,,2026
75,Vikravandi,8,Mohammad Siddiq M H,Veerath Thiyagi Viswanathadoss Thozhilalarkal Katchi,71,0,71,0.03,23,23,Tamil Nadu,Viluppuram,General,,2026
75,Vikravandi,9,Ramachandran P,Anti Corruption Dynamic Party,342,0,342,0.16,23,23,Tamil Nadu,Viluppuram,General,,2026
75,Vikravandi,10,Vijai Vadivel A,Tamilaga Vettri Kazhagam,68088,729,68817,32.89,23,23,Tamil Nadu,Viluppuram,General,,2026
75,Vikravandi,11,Stalin D,Aanaithinthiya Jananayaka Pathukappu Kazhagam,190,4,194,0.09,23,23,Tamil Nadu,Viluppuram,General,,2026
75,Vikravandi,12,Yeasuraja M,Independent,115,0,115,0.05,23,23,Tamil Nadu,Viluppuram,General,,2026
75,Vikravandi,13,Gokul Raj B,Independent,204,1,205,0.1,23,23,Tamil Nadu,Viluppuram,General,,2026
75,Vikravandi,14,Sakthivel A,Independent,104,0,104,0.05,23,23,Tamil Nadu,Viluppuram,General,,2026
75,Vikravandi,15,Sanmugam B,Independent,432,0,432,0.21,23,23,Tamil Nadu,Viluppuram,General,,2026
75,Vikravandi,16,Shanmugam P,Independent,244,0,244,0.12,23,23,Tamil Nadu,Viluppuram,General,,2026
75,Vikravandi,17,Shanmugam R,Independent,157,1,158,0.08,23,23,Tamil Nadu,Viluppuram,General,,2026
75,Vikravandi,18,Sivakumar S,Independent,454,1,455,0.22,23,23,Tamil Nadu,Viluppuram,General,,2026
75,Vikravandi,19,Selvakumar S,Independent,152,2,154,0.07,23,23,Tamil Nadu,Viluppuram,General,,2026
75,Vikravandi,20,Tamilselvan D,Independent,287,1,288,0.14,23,23,Tamil Nadu,Viluppuram,General,,2026
75,Vikravandi,21,Prabhakaran D,Independent,55,0,55,0.03,23,23,Tamil Nadu,Viluppuram,General,,2026
75,Vikravandi,22,Murugan C,Independent,75,1,76,0.04,23,23,Tamil Nadu,Viluppuram,General,,2026
75,Vikravandi,23,Ramachandran A,Independent,67,1,68,0.03,23,23,Tamil Nadu,Viluppuram,General,,2026
75,Vikravandi,24,Rajaram M,Independent,127,0,127,0.06,23,23,Tamil Nadu,Viluppuram,General,,2026
75,Vikravandi,25,Nota,None of the Above,393,8,401,0.19,23,23,Tamil Nadu,Viluppuram,General,,2026
76,Tirukkoyilur,1,Govindhakannan M,Bahujan Samaj Party,373,1,374,0.17,24,24,Tamil Nadu,Viluppuram,General,,2026
76,Tirukkoyilur,2,Dr Pon Gauthamsigamani,Dravida Munnetra Kazhagam,61525,927,62452,28.74,24,24,Tamil Nadu,Viluppuram,General,SPA,2026
76,Tirukkoyilur,3,Palanisamy S,All India Anna Dravida Munnetra Kazhagam,72347,686,73033,33.61,24,24,Tamil Nadu,Viluppuram,General,NDA,2026
76,Tirukkoyilur,4,Hemarajan K,Naam Tamilar Katchi,5703,88,5791,2.66,24,24,Tamil Nadu,Viluppuram,General,,2026
76,Tirukkoyilur,5,Selvam K,Veerath Thiyagi Viswanathadoss Thozhilalarkal Katchi,108,0,108,0.05,24,24,Tamil Nadu,Viluppuram,General,,2026
76,Tirukkoyilur,6,Tamilselvam R,Tamizhaga Vaazhvurimai Katchi,303,9,312,0.14,24,24,Tamil Nadu,Viluppuram,General,,2026
76,Tirukkoyilur,7,Vijay R Baranibalaaji,Tamilaga Vettri Kazhagam,72247,501,72748,33.48,24,24,Tamil Nadu,Viluppuram,General,,2026
76,Tirukkoyilur,8,Edwin Abinesh A,Independent,136,0,136,0.06,24,24,Tamil Nadu,Viluppuram,General,,2026
76,Tirukkoyilur,9,Karthick S,Independent,81,0,81,0.04,24,24,Tamil Nadu,Viluppuram,General,,2026
76,Tirukkoyilur,10,Gowtham S,Independent,192,0,192,0.09,24,24,Tamil Nadu,Viluppuram,General,,2026
76,Tirukkoyilur,11,Palanisamy E,Independent,92,2,94,0.04,24,24,Tamil Nadu,Viluppuram,General,,2026
76,Tirukkoyilur,12,Prabhakaran V J,Independent,127,5,132,0.06,24,24,Tamil Nadu,Viluppuram,General,,2026
76,Tirukkoyilur,13,Ravichandran G,Independent,205,0,205,0.09,24,24,Tamil Nadu,Viluppuram,General,,2026
76,Tirukkoyilur,14,Ramakrishnan M,Independent,588,1,589,0.27,24,24,Tamil Nadu,Viluppuram,General,,2026
76,Tirukkoyilur,15,Vijayamoorthi E,Independent,570,1,571,0.26,24,24,Tamil Nadu,Viluppuram,General,,2026
76,Tirukkoyilur,16,Nota,None of the Above,491,9,500,0.23,24,24,Tamil Nadu,Viluppuram,General,,2026
77,Ulundurpettai,1,Kumaraguru R,All India Anna Dravida Munnetra Kazhagam,95014,1180,96194,35.5,29,29,Tamil Nadu,Kallakurichi,General,NDA,2026
77,Ulundurpettai,2,Logeshwari S,Naam Tamilar Katchi,6449,76,6525,2.41,29,29,Tamil Nadu,Kallakurichi,General,,2026
77,Ulundurpettai,3,Vasanthavel G R,Dravida Munnetra Kazhagam,97584,887,98471,36.34,29,29,Tamil Nadu,Kallakurichi,General,SPA,2026
77,Ulundurpettai,4,Udhayakumar R,All India Puratchi Thalaivar Makkal Munnettra Kazhagam,590,0,590,0.22,29,29,Tamil Nadu,Kallakurichi,General,,2026
77,Ulundurpettai,5,Sudhakar M,Tamilaga Vettri Kazhagam,65739,469,66208,24.43,29,29,Tamil Nadu,Kallakurichi,General,,2026
77,Ulundurpettai,6,Balakrishnan K,Anna Makkal Katchi,138,2,140,0.05,29,29,Tamil Nadu,Kallakurichi,General,,2026
77,Ulundurpettai,7,Arasan K,Independent,73,0,73,0.03,29,29,Tamil Nadu,Kallakurichi,General,,2026
77,Ulundurpettai,8,Krishnamoorthy V,Independent,281,1,282,0.1,29,29,Tamil Nadu,Kallakurichi,General,,2026
77,Ulundurpettai,9,Sankar S,Independent,78,0,78,0.03,29,29,Tamil Nadu,Kallakurichi,General,,2026
77,Ulundurpettai,10,Sasikumar N,Independent,102,8,110,0.04,29,29,Tamil Nadu,Kallakurichi,General,,2026
77,Ulundurpettai,11,Senthil P,Independent,215,2,217,0.08,29,29,Tamil Nadu,Kallakurichi,General,,2026
77,Ulundurpettai,12,Parthiban V,Independent,166,4,170,0.06,29,29,Tamil Nadu,Kallakurichi,General,,2026
77,Ulundurpettai,13,Manikandan P,Independent,642,0,642,0.24,29,29,Tamil Nadu,Kallakurichi,General,,2026
77,Ulundurpettai,14,Ramakrishnan R,Independent,250,1,251,0.09,29,29,Tamil Nadu,Kallakurichi,General,,2026
77,Ulundurpettai,15,Nota,None of the Above,1047,4,1051,0.39,29,29,Tamil Nadu,Kallakurichi,General,,2026
78,Rishivandiyam,1,Karthikeyan K,Dravida Munnetra Kazhagam,88871,840,89711,36.65,25,25,Tamil Nadu,Kallakurichi,General,SPA,2026
78,Rishivandiyam,2,Balakrishnan A,Bahujan Samaj Party,575,3,578,0.24,25,25,Tamil Nadu,Kallakurichi,General,,2026
78,Rishivandiyam,3,Radhika P,Naam Tamilar Katchi,7193,54,7247,2.96,25,25,Tamil Nadu,Kallakurichi,General,,2026
78,Rishivandiyam,4,Ashok Kumar G,Tamilaga Vettri Kazhagam,84465,384,84849,34.66,25,25,Tamil Nadu,Kallakurichi,General,,2026
78,Rishivandiyam,5,Arumugam G,Parivartan Rajniti Party,291,0,291,0.12,25,25,Tamil Nadu,Kallakurichi,General,,2026
78,Rishivandiyam,6,Sankar R,Tamizhaga Vaazhvurimai Katchi,161,0,161,0.07,25,25,Tamil Nadu,Kallakurichi,General,,2026
78,Rishivandiyam,7,Sevvantha G K,Anna Makkal Katchi,322,0,322,0.13,25,25,Tamil Nadu,Kallakurichi,General,,2026
78,Rishivandiyam,8,Chezhiyan P,Pattali Makkal Katchi,56135,353,56488,23.08,25,25,Tamil Nadu,Kallakurichi,General,NDA,2026
78,Rishivandiyam,9,Ranganathan N,All India Puratchi Thalaivar Makkal Munnettra Kazhagam,302,0,302,0.12,25,25,Tamil Nadu,Kallakurichi,General,,2026
78,Rishivandiyam,10,Venkatraman J,Naadaalum Makkal Katchi,248,3,251,0.1,25,25,Tamil Nadu,Kallakurichi,General,,2026
78,Rishivandiyam,11,Anbu D,Independent,90,0,90,0.04,25,25,Tamil Nadu,Kallakurichi,General,,2026
78,Rishivandiyam,12,Anbumurugan S,Independent,458,0,458,0.19,25,25,Tamil Nadu,Kallakurichi,General,,2026
78,Rishivandiyam,13,Karthikeyan A,Independent,243,1,244,0.1,25,25,Tamil Nadu,Kallakurichi,General,,2026
78,Rishivandiyam,14,Karthikeyan V,Independent,125,0,125,0.05,25,25,Tamil Nadu,Kallakurichi,General,,2026
78,Rishivandiyam,15,Gowtham C,Independent,136,0,136,0.06,25,25,Tamil Nadu,Kallakurichi,General,,2026
78,Rishivandiyam,16,Senthikumar V N,Independent,1071,0,1071,0.44,25,25,Tamil Nadu,Kallakurichi,General,,2026
78,Rishivandiyam,17,Selvaraj P,Independent,800,0,800,0.33,25,25,Tamil Nadu,Kallakurichi,General,,2026
78,Rishivandiyam,18,Sezhiyan K,Independent,173,0,173,0.07,25,25,Tamil Nadu,Kallakurichi,General,,2026
78,Rishivandiyam,19,Narayanan L,Independent,83,0,83,0.03,25,25,Tamil Nadu,Kallakurichi,General,,2026
78,Rishivandiyam,20,Manikandan C,Independent,241,0,241,0.1,25,25,Tamil Nadu,Kallakurichi,General,,2026
78,Rishivandiyam,21,Marikkannu A,Independent,63,1,64,0.03,25,25,Tamil Nadu,Kallakurichi,General,,2026
78,Rishivandiyam,22,Raja K,Independent,97,0,97,0.04,25,25,Tamil Nadu,Kallakurichi,General,,2026
78,Rishivandiyam,23,Raja S,Independent,130,0,130,0.05,25,25,Tamil Nadu,Kallakurichi,General,,2026
78,Rishivandiyam,24,Vinoth S,Independent,208,0,208,0.08,25,25,Tamil Nadu,Kallakurichi,General,,2026
78,Rishivandiyam,25,Vijayakumar G,Independent,141,0,141,0.06,25,25,Tamil Nadu,Kallakurichi,General,,2026
78,Rishivandiyam,26,Nota,None of the Above,528,6,534,0.22,25,25,Tamil Nadu,Kallakurichi,General,,2026
79,Sankarapuram,1,Udhayasuriyan T,Dravida Munnetra Kazhagam,75641,1169,76810,32.61,25,25,Tamil Nadu,Kallakurichi,General,SPA,2026
79,Sankarapuram,2,Sudha M,Bahujan Samaj Party,541,3,544,0.23,25,25,Tamil Nadu,Kallakurichi,General,,2026
79,Sankarapuram,3,Ramesh K,Naam Tamilar Katchi,5509,58,5567,2.36,25,25,Tamil Nadu,Kallakurichi,General,,2026
79,Sankarapuram,4,Rakesh R,All India Anna Dravida Munnetra Kazhagam,79369,881,80250,34.07,25,25,Tamil Nadu,Kallakurichi,General,NDA,2026
79,Sankarapuram,5,Ramachandiran M,Tamizhaga Vaazhvurimai Katchi,674,3,677,0.29,25,25,Tamil Nadu,Kallakurichi,General,,2026
79,Sankarapuram,6,Gangasekar A,MAKKAL SAKTHI KATCHI,223,0,223,0.09,25,25,Tamil Nadu,Kallakurichi,General,,2026
79,Sankarapuram,7,Sanniyasi N,Veerath Thiyagi Viswanathadoss Thozhilalarkal Katchi,100,0,100,0.04,25,25,Tamil Nadu,Kallakurichi,General,,2026
79,Sankarapuram,8,Nadarajan K,All India Puratchi Thalaivar Makkal Munnettra Kazhagam,328,0,328,0.14,25,25,Tamil Nadu,Kallakurichi,General,,2026
79,Sankarapuram,9,Jagadesan A,Tamilaga Vettri Kazhagam,67107,517,67624,28.71,25,25,Tamil Nadu,Kallakurichi,General,,2026
79,Sankarapuram,10,Anbazhagan S,Independent,103,2,105,0.04,25,25,Tamil Nadu,Kallakurichi,General,,2026
79,Sankarapuram,11,Kavikuil V,Independent,97,0,97,0.04,25,25,Tamil Nadu,Kallakurichi,General,,2026
79,Sankarapuram,12,Samikkannu M,Independent,112,0,112,0.05,25,25,Tamil Nadu,Kallakurichi,General,,2026
79,Sankarapuram,13,Durai Ezhilan P,Independent,293,2,295,0.13,25,25,Tamil Nadu,Kallakurichi,General,,2026
79,Sankarapuram,14,Pachaiyappan K,Independent,350,1,351,0.15,25,25,Tamil Nadu,Kallakurichi,General,,2026
79,Sankarapuram,15,Mani G,Independent,166,0,166,0.07,25,25,Tamil Nadu,Kallakurichi,General,,2026
79,Sankarapuram,16,Manikandan P,Independent,579,0,579,0.25,25,25,Tamil Nadu,Kallakurichi,General,,2026
79,Sankarapuram,17,Mayilamparai Mari A,Independent,512,0,512,0.22,25,25,Tamil Nadu,Kallakurichi,General,,2026
79,Sankarapuram,18,Dr.Murugu K,Independent,111,2,113,0.05,25,25,Tamil Nadu,Kallakurichi,General,,2026
79,Sankarapuram,19,Vignesh R,Independent,85,0,85,0.04,25,25,Tamil Nadu,Kallakurichi,General,,2026
79,Sankarapuram,20,Vijay J,Independent,409,0,409,0.17,25,25,Tamil Nadu,Kallakurichi,General,,2026
79,Sankarapuram,21,Jayaprakash K,Independent,111,0,111,0.05,25,25,Tamil Nadu,Kallakurichi,General,,2026
79,Sankarapuram,22,Harun Rasheeth J,Independent,84,3,87,0.04,25,25,Tamil Nadu,Kallakurichi,General,,2026
79,Sankarapuram,23,Nota,None of the Above,371,12,383,0.16,25,25,Tamil Nadu,Kallakurichi,General,,2026
80,Kallakurichi,1,Nagammal Rajkodi,Naam Tamilar Katchi,7379,115,7494,3,27,27,Tamil Nadu,Kallakurichi,SC,,2026
80,Kallakurichi,2,Malathi K,Viduthalai Chiruthaigal Katchi,76696,970,77666,31.11,27,27,Tamil Nadu,Kallakurichi,SC,SPA,2026
80,Kallakurichi,3,Rajeevgandhi S,All India Anna Dravida Munnetra Kazhagam,79562,772,80334,32.18,27,27,Tamil Nadu,Kallakurichi,SC,NDA,2026
80,Kallakurichi,4,Arul Vignesh C,Tamilaga Vettri Kazhagam,80572,560,81132,32.5,27,27,Tamil Nadu,Kallakurichi,SC,,2026
80,Kallakurichi,5,Selvaraj M,Independent,219,0,219,0.09,27,27,Tamil Nadu,Kallakurichi,SC,,2026
80,Kallakurichi,6,Prabu C,Independent,145,0,145,0.06,27,27,Tamil Nadu,Kallakurichi,SC,,2026
80,Kallakurichi,7,Malathi K,Independent,177,2,179,0.07,27,27,Tamil Nadu,Kallakurichi,SC,,2026
80,Kallakurichi,8,Rajivgandhi S,Independent,196,0,196,0.08,27,27,Tamil Nadu,Kallakurichi,SC,,2026
80,Kallakurichi,9,Rajivgandhi P,Independent,306,2,308,0.12,27,27,Tamil Nadu,Kallakurichi,SC,,2026
80,Kallakurichi,10,Vasanthakumar S,Independent,412,5,417,0.17,27,27,Tamil Nadu,Kallakurichi,SC,,2026
80,Kallakurichi,11,Vignesh G,Independent,649,4,653,0.26,27,27,Tamil Nadu,Kallakurichi,SC,,2026
80,Kallakurichi,12,Nota,None of the Above,847,36,883,0.35,27,27,Tamil Nadu,Kallakurichi,SC,,2026
81,Gangavalli,1,Abirami. A,Naam Tamilar Katchi,6134,108,6242,3.17,22,22,Tamil Nadu,Salem,SC,,2026
81,Gangavalli,2,Chinnadurai. K,Dravida Munnetra Kazhagam,57619,1144,58763,29.88,22,22,Tamil Nadu,Salem,SC,SPA,2026
81,Gangavalli,3,Nallathambi. A,All India Anna Dravida Munnetra Kazhagam,72152,1015,73167,37.2,22,22,Tamil Nadu,Salem,SC,NDA,2026
81,Gangavalli,4,Balakrishnan. P,Bahujan Samaj Party,530,3,533,0.27,22,22,Tamil Nadu,Salem,SC,,2026
81,Gangavalli,5,Anbazhagan. S,Anna Makkal Katchi,149,2,151,0.08,22,22,Tamil Nadu,Salem,SC,,2026
81,Gangavalli,6,Kaviarasan. T.T,Tamizhaga Vaazhvurimai Katchi,230,4,234,0.12,22,22,Tamil Nadu,Salem,SC,,2026
81,Gangavalli,7,Sujatha. V,Tamilaga Vettri Kazhagam,54756,535,55291,28.11,22,22,Tamil Nadu,Salem,SC,,2026
81,Gangavalli,8,Marimuthu. S,Puthiya Tamilagam,218,2,220,0.11,22,22,Tamil Nadu,Salem,SC,,2026
81,Gangavalli,9,Kannan. S,Independent,212,0,212,0.11,22,22,Tamil Nadu,Salem,SC,,2026
81,Gangavalli,10,Gunaprakash. D,Independent,105,0,105,0.05,22,22,Tamil Nadu,Salem,SC,,2026
81,Gangavalli,11,Tamilarasan. T,Independent,189,7,196,0.1,22,22,Tamil Nadu,Salem,SC,,2026
81,Gangavalli,12,Dhanapal. S,Independent,439,5,444,0.23,22,22,Tamil Nadu,Salem,SC,,2026
81,Gangavalli,13,Ramesh. S,Independent,389,1,390,0.2,22,22,Tamil Nadu,Salem,SC,,2026
81,Gangavalli,14,Nota,None of the Above,712,19,731,0.37,22,22,Tamil Nadu,Salem,SC,,2026
82,Attur,1,Arthanari. S.K.,Indian National Congress,51100,796,51896,24.91,23,23,Tamil Nadu,Salem,SC,SPA,2026
82,Attur,2,Sellammal. V.M.,Bahujan Samaj Party,409,3,412,0.2,23,23,Tamil Nadu,Salem,SC,,2026
82,Attur,3,Monisha Chinnadurai.,Naam Tamilar Katchi,6395,137,6532,3.14,23,23,Tamil Nadu,Salem,SC,,2026
82,Attur,4,Jayasankaran. A.P.,All India Anna Dravida Munnetra Kazhagam,79825,1018,80843,38.81,23,23,Tamil Nadu,Salem,SC,NDA,2026
82,Attur,5,Selvabharathi. R.,Tamilaga Vettri Kazhagam,64980,545,65525,31.46,23,23,Tamil Nadu,Salem,SC,,2026
82,Attur,6,Palaniyammal. S.,Desiya Makkal Sakthi Katchi,211,4,215,0.1,23,23,Tamil Nadu,Salem,SC,,2026
82,Attur,7,Ramesh. G.,Tamizhaga Vaazhvurimai Katchi,171,1,172,0.08,23,23,Tamil Nadu,Salem,SC,,2026
82,Attur,8,Selvakannan. L.,Independent,172,1,173,0.08,23,23,Tamil Nadu,Salem,SC,,2026
82,Attur,9,Poomalai. C.,Independent,235,0,235,0.11,23,23,Tamil Nadu,Salem,SC,,2026
82,Attur,10,Manikandan. M.,Independent,82,7,89,0.04,23,23,Tamil Nadu,Salem,SC,,2026
82,Attur,11,Manimaran. A.,Independent,107,0,107,0.05,23,23,Tamil Nadu,Salem,SC,,2026
82,Attur,12,Manickam. K.,Independent,255,1,256,0.12,23,23,Tamil Nadu,Salem,SC,,2026
82,Attur,13,Rajeshkannan. K.,Independent,505,6,511,0.25,23,23,Tamil Nadu,Salem,SC,,2026
82,Attur,14,Varatharaj. G.,Independent,140,1,141,0.07,23,23,Tamil Nadu,Salem,SC,,2026
82,Attur,15,Jagan. T.,Independent,156,2,158,0.08,23,23,Tamil Nadu,Salem,SC,,2026
82,Attur,16,Nota,None of the Above,1021,10,1031,0.49,23,23,Tamil Nadu,Salem,SC,,2026
83,Yercaud,1,Usharani. P,All India Anna Dravida Munnetra Kazhagam,86895,877,87772,34.61,25,25,Tamil Nadu,Salem,ST,NDA,2026
83,Yercaud,2,Palanisamy. K,Bahujan Samaj Party,900,10,910,0.36,25,25,Tamil Nadu,Salem,ST,,2026
83,Yercaud,3,Palanisamy. M,Naam Tamilar Katchi,7472,129,7601,3,25,25,Tamil Nadu,Salem,ST,,2026
83,Yercaud,4,Revathi. T.M,Dravida Munnetra Kazhagam,67152,893,68045,26.83,25,25,Tamil Nadu,Salem,ST,SPA,2026
83,Yercaud,5,Gopi. C,Communist Party of India (Marxist-Leninist) (Liberation),653,5,658,0.26,25,25,Tamil Nadu,Salem,ST,,2026
83,Yercaud,6,Lakshmi Janarthanan. J,Tamilaga Vettri Kazhagam,84951,632,85583,33.75,25,25,Tamil Nadu,Salem,ST,,2026
83,Yercaud,7,Vengateshsan. T,Tamizhaga Vaazhvurimai Katchi,234,1,235,0.09,25,25,Tamil Nadu,Salem,ST,,2026
83,Yercaud,8,Karthik. N,Independent,93,1,94,0.04,25,25,Tamil Nadu,Salem,ST,,2026
83,Yercaud,9,Kaliyappan. A,Independent,123,0,123,0.05,25,25,Tamil Nadu,Salem,ST,,2026
83,Yercaud,10,Thangadurai. N,Independent,291,3,294,0.12,25,25,Tamil Nadu,Salem,ST,,2026
83,Yercaud,11,Pazhanivel. K,Independent,303,0,303,0.12,25,25,Tamil Nadu,Salem,ST,,2026
83,Yercaud,12,Vijayakumar. N,Independent,210,1,211,0.08,25,25,Tamil Nadu,Salem,ST,,2026
83,Yercaud,13,Venkatesan. S,Independent,510,3,513,0.2,25,25,Tamil Nadu,Salem,ST,,2026
83,Yercaud,14,Nota,None of the Above,1231,19,1250,0.49,25,25,Tamil Nadu,Salem,ST,,2026
84,Omalur,1,Elangovan. A.R,Desiya Murpokku Dravida Kazhagam,45941,976,46917,17.3,26,26,Tamil Nadu,Salem,General,SPA,2026
84,Omalur,2,Sivasakthi. M,Naam Tamilar Katchi,8222,148,8370,3.09,26,26,Tamil Nadu,Salem,General,,2026
84,Omalur,3,Mani. R,All India Anna Dravida Munnetra Kazhagam,110810,1436,112246,41.4,26,26,Tamil Nadu,Salem,General,NDA,2026
84,Omalur,4,Adhiyamaan. R.V,Tamilaga Vettri Kazhagam,97026,681,97707,36.04,26,26,Tamil Nadu,Salem,General,,2026
84,Omalur,5,Krishnamoorthy. D,Tamizhaga Vaazhvurimai Katchi,535,2,537,0.2,26,26,Tamil Nadu,Salem,General,,2026
84,Omalur,6,Sureshkumar. S,Aanaithinthiya Jananayaka Pathukappu Kazhagam,354,9,363,0.13,26,26,Tamil Nadu,Salem,General,,2026
84,Omalur,7,Arul Prakash. T,Independent,144,5,149,0.05,26,26,Tamil Nadu,Salem,General,,2026
84,Omalur,8,Gobinathan. R,Independent,1542,2,1544,0.57,26,26,Tamil Nadu,Salem,General,,2026
84,Omalur,9,Santhalingam. C,Independent,163,1,164,0.06,26,26,Tamil Nadu,Salem,General,,2026
84,Omalur,10,Perumal. S,Independent,132,10,142,0.05,26,26,Tamil Nadu,Salem,General,,2026
84,Omalur,11,Mani. V,Independent,136,0,136,0.05,26,26,Tamil Nadu,Salem,General,,2026
84,Omalur,12,Manokaran. A,Independent,190,7,197,0.07,26,26,Tamil Nadu,Salem,General,,2026
84,Omalur,13,Mayakkannan. R,Independent,629,0,629,0.23,26,26,Tamil Nadu,Salem,General,,2026
84,Omalur,14,Mohanraj. P.M,Independent,378,0,378,0.14,26,26,Tamil Nadu,Salem,General,,2026
84,Omalur,15,Jeganathan. A,Independent,207,0,207,0.08,26,26,Tamil Nadu,Salem,General,,2026
84,Omalur,16,Nota,None of the Above,1417,16,1433,0.53,26,26,Tamil Nadu,Salem,General,,2026
85,Mettur,1,Midhun Chakravarthy. M,Dravida Munnetra Kazhagam,66296,1097,67393,29.16,30,30,Tamil Nadu,Salem,General,SPA,2026
85,Mettur,2,Vidhya Veerappan,Naam Tamilar Katchi,6987,122,7109,3.08,30,30,Tamil Nadu,Salem,General,,2026
85,Mettur,3,Venkatachalam. G,All India Anna Dravida Munnetra Kazhagam,85347,1151,86498,37.43,30,30,Tamil Nadu,Salem,General,NDA,2026
85,Mettur,4,Selvam. K,Tamilaga Vettri Kazhagam,64665,595,65260,28.24,30,30,Tamil Nadu,Salem,General,,2026
85,Mettur,5,Periyaponnu. O,Tamizhaga Vaazhvurimai Katchi,399,4,403,0.17,30,30,Tamil Nadu,Salem,General,,2026
85,Mettur,6,Velu. A,Vada Tamil Nadu Munnetra Katchi,106,1,107,0.05,30,30,Tamil Nadu,Salem,General,,2026
85,Mettur,7,Kannan. M,Independent,98,1,99,0.04,30,30,Tamil Nadu,Salem,General,,2026
85,Mettur,8,Kannan. R,Independent,86,2,88,0.04,30,30,Tamil Nadu,Salem,General,,2026
85,Mettur,9,Krishnamoorthy. P,Independent,237,0,237,0.1,30,30,Tamil Nadu,Salem,General,,2026
85,Mettur,10,Saravanakumar. M,Independent,219,4,223,0.1,30,30,Tamil Nadu,Salem,General,,2026
85,Mettur,11,Chidambaram. A,Independent,103,1,104,0.05,30,30,Tamil Nadu,Salem,General,,2026
85,Mettur,12,Durairaj. V,Independent,641,18,659,0.29,30,30,Tamil Nadu,Salem,General,,2026
85,Mettur,13,Dr.Padmarajan. K,Independent,385,5,390,0.17,30,30,Tamil Nadu,Salem,General,,2026
85,Mettur,14,Prabakaran. S,Independent,251,0,251,0.11,30,30,Tamil Nadu,Salem,General,,2026
85,Mettur,15,Murugan. P,Independent,192,0,192,0.08,30,30,Tamil Nadu,Salem,General,,2026
85,Mettur,16,Ramkumar. D.M,Independent,706,0,706,0.31,30,30,Tamil Nadu,Salem,General,,2026
85,Mettur,17,Venkatasalam. G,Independent,469,2,471,0.2,30,30,Tamil Nadu,Salem,General,,2026
85,Mettur,18,Jaganathan. A,Independent,121,0,121,0.05,30,30,Tamil Nadu,Salem,General,,2026
85,Mettur,19,Nota,None of the Above,782,12,794,0.34,30,30,Tamil Nadu,Salem,General,,2026
86,Edappadi,1,Kasi. C,Dravida Munnetra Kazhagam,42967,1044,44011,17.04,25,25,Tamil Nadu,Salem,General,SPA,2026
86,Edappadi,2,Edappadi Palaniswami. K,All India Anna Dravida Munnetra Kazhagam,146534,2399,148933,57.67,25,25,Tamil Nadu,Salem,General,NDA,2026
86,Edappadi,3,Priyadharshini. A,Naam Tamilar Katchi,8311,139,8450,3.27,25,25,Tamil Nadu,Salem,General,,2026
86,Edappadi,4,Govindaraj.V,Tamizhaga Vaazhvurimai Katchi,1652,10,1662,0.64,25,25,Tamil Nadu,Salem,General,,2026
86,Edappadi,5,Suresh. L,All India Puratchi Thalaivar Makkal Munnettra Kazhagam,426,3,429,0.17,25,25,Tamil Nadu,Salem,General,,2026
86,Edappadi,6,Elumalai. P,Independent,212,3,215,0.08,25,25,Tamil Nadu,Salem,General,,2026
86,Edappadi,7,Iyyappan Perumal. P,Independent,289,7,296,0.11,25,25,Tamil Nadu,Salem,General,,2026
86,Edappadi,8,Kumaresan. M,Independent,205,2,207,0.08,25,25,Tamil Nadu,Salem,General,,2026
86,Edappadi,9,Sakthivel. S,Independent,66,1,67,0.03,25,25,Tamil Nadu,Salem,General,,2026
86,Edappadi,10,Subramani. P,Independent,91,6,97,0.04,25,25,Tamil Nadu,Salem,General,,2026
86,Edappadi,11,Thulasimani. P,Independent,419,16,435,0.17,25,25,Tamil Nadu,Salem,General,,2026
86,Edappadi,12,Premkumar. K,Independent,50765,58,50823,19.68,25,25,Tamil Nadu,Salem,General,,2026
86,Edappadi,13,Murugan. C,Independent,158,1,159,0.06,25,25,Tamil Nadu,Salem,General,,2026
86,Edappadi,14,Student'S Friend Murugan. M,Independent,387,12,399,0.15,25,25,Tamil Nadu,Salem,General,,2026
86,Edappadi,15,Raja. K. B.Sc. B.Tech. Ex.Inas,Independent,734,5,739,0.29,25,25,Tamil Nadu,Salem,General,,2026
86,Edappadi,16,Nota,None of the Above,1284,57,1341,0.52,25,25,Tamil Nadu,Salem,General,,2026
87,Sankari,1,Settumuthu. V,Bahujan Samaj Party,394,4,398,0.16,25,25,Tamil Nadu,Salem,General,,2026
87,Sankari,2,Nithya. A,Naam Tamilar Katchi,7435,99,7534,3.09,25,25,Tamil Nadu,Salem,General,,2026
87,Sankari,3,Manikandan. M,Dravida Munnetra Kazhagam,64752,964,65716,26.96,25,25,Tamil Nadu,Salem,General,SPA,2026
87,Sankari,4,Vetrivel. S,All India Anna Dravida Munnetra Kazhagam,86200,1142,87342,35.83,25,25,Tamil Nadu,Salem,General,NDA,2026
87,Sankari,5,Dr. Gurunathan. S,Indhu Dravida Makkal Katchi,1006,3,1009,0.41,25,25,Tamil Nadu,Salem,General,,2026
87,Sankari,6,Senthilkumar. K,Tamilaga Vettri Kazhagam,77390,435,77825,31.92,25,25,Tamil Nadu,Salem,General,,2026
87,Sankari,7,Senthilkumar. R.S.,Tamizhaga Vaazhvurimai Katchi,284,3,287,0.12,25,25,Tamil Nadu,Salem,General,,2026
87,Sankari,8,Sakthivel. G,Independent,83,3,86,0.04,25,25,Tamil Nadu,Salem,General,,2026
87,Sankari,9,Sakthivel. D,Independent,139,1,140,0.06,25,25,Tamil Nadu,Salem,General,,2026
87,Sankari,10,Salman. E,Independent,146,1,147,0.06,25,25,Tamil Nadu,Salem,General,,2026
87,Sankari,11,Durairaj. C,Independent,259,1,260,0.11,25,25,Tamil Nadu,Salem,General,,2026
87,Sankari,12,Paramasivam. R,Independent,470,3,473,0.19,25,25,Tamil Nadu,Salem,General,,2026
87,Sankari,13,Poovarasan. S,Independent,263,5,268,0.11,25,25,Tamil Nadu,Salem,General,,2026
87,Sankari,14,Manikandan. D,Independent,392,3,395,0.16,25,25,Tamil Nadu,Salem,General,,2026
87,Sankari,15,Manikandan. P,Independent,135,1,136,0.06,25,25,Tamil Nadu,Salem,General,,2026
87,Sankari,16,Mayilkumar. M,Independent,338,2,340,0.14,25,25,Tamil Nadu,Salem,General,,2026
87,Sankari,17,Ranjith Kumar. V,Independent,96,0,96,0.04,25,25,Tamil Nadu,Salem,General,,2026
87,Sankari,18,Rameshkumar. V,Independent,83,0,83,0.03,25,25,Tamil Nadu,Salem,General,,2026
87,Sankari,19,Vignesh. A,Independent,289,0,289,0.12,25,25,Tamil Nadu,Salem,General,,2026
87,Sankari,20,Vijayakumar. M,Independent,244,0,244,0.1,25,25,Tamil Nadu,Salem,General,,2026
87,Sankari,21,Nota,None of the Above,699,12,711,0.29,25,25,Tamil Nadu,Salem,General,,2026
88,Salem (West),1,Alagaapuram. R. Mohanraj,Desiya Murpokku Dravida Kazhagam,41000,522,41522,17.71,24,24,Tamil Nadu,Salem,General,SPA,2026
88,Salem (West),2,Gunasekaran .R,Bahujan Samaj Party,391,4,395,0.17,24,24,Tamil Nadu,Salem,General,,2026
88,Salem (West),3,Suresh Kumar.R,Naam Tamilar Katchi,6726,94,6820,2.91,24,24,Tamil Nadu,Salem,General,,2026
88,Salem (West),4,Arul Ramadas,Aanaithinthiya Jananayaka Pathukappu Kazhagam,12391,141,12532,5.35,24,24,Tamil Nadu,Salem,General,,2026
88,Salem (West),5,Karthe.M,Pattali Makkal Katchi,45006,534,45540,19.43,24,24,Tamil Nadu,Salem,General,NDA,2026
88,Salem (West),6,Prabu .K,Vishwa Tamil Kazhagam,404,0,404,0.17,24,24,Tamil Nadu,Salem,General,,2026
88,Salem (West),7,Raj Kumar .G,Tamizhaga Vaazhvurimai Katchi,635,1,636,0.27,24,24,Tamil Nadu,Salem,General,,2026
88,Salem (West),8,Lakshmanan.S,Tamilaga Vettri Kazhagam,119587,820,120407,51.37,24,24,Tamil Nadu,Salem,General,,2026
88,Salem (West),9,Amirthalingam.N,Independent,316,2,318,0.14,24,24,Tamil Nadu,Salem,General,,2026
88,Salem (West),10,Arul .S,Independent,80,5,85,0.04,24,24,Tamil Nadu,Salem,General,,2026
88,Salem (West),11,Arul. T,Independent,108,0,108,0.05,24,24,Tamil Nadu,Salem,General,,2026
88,Salem (West),12,Arul.D,Independent,238,1,239,0.1,24,24,Tamil Nadu,Salem,General,,2026
88,Salem (West),13,Arul.P,Independent,299,2,301,0.13,24,24,Tamil Nadu,Salem,General,,2026
88,Salem (West),14,Karthick.M,Independent,240,3,243,0.1,24,24,Tamil Nadu,Salem,General,,2026
88,Salem (West),15,Karthick.R,Independent,89,2,91,0.04,24,24,Tamil Nadu,Salem,General,,2026
88,Salem (West),16,Kumar.A.P,Independent,263,0,263,0.11,24,24,Tamil Nadu,Salem,General,,2026
88,Salem (West),17,Chandrasekaran.G,Independent,392,1,393,0.17,24,24,Tamil Nadu,Salem,General,,2026
88,Salem (West),18,Selvam.R,Independent,147,0,147,0.06,24,24,Tamil Nadu,Salem,General,,2026
88,Salem (West),19,Dhanapal,Independent,73,1,74,0.03,24,24,Tamil Nadu,Salem,General,,2026
88,Salem (West),20,Thiyagarajan.M,Independent,183,1,184,0.08,24,24,Tamil Nadu,Salem,General,,2026
88,Salem (West),21,Bharath.S,Independent,395,0,395,0.17,24,24,Tamil Nadu,Salem,General,,2026
88,Salem (West),22,Bharanitharan.D.K,Independent,117,1,118,0.05,24,24,Tamil Nadu,Salem,General,,2026
88,Salem (West),23,Panneerselvam.P,Independent,67,1,68,0.03,24,24,Tamil Nadu,Salem,General,,2026
88,Salem (West),24,Er.Prabakaran.S,Independent,609,4,613,0.26,24,24,Tamil Nadu,Salem,General,,2026
88,Salem (West),25,Perumal. A,Independent,181,0,181,0.08,24,24,Tamil Nadu,Salem,General,,2026
88,Salem (West),26,Manohar.C,Independent,214,0,214,0.09,24,24,Tamil Nadu,Salem,General,,2026
88,Salem (West),27,Mohan Raj. R,Independent,86,2,88,0.04,24,24,Tamil Nadu,Salem,General,,2026
88,Salem (West),28,Radhakrishnan. R,Independent,136,1,137,0.06,24,24,Tamil Nadu,Salem,General,,2026
88,Salem (West),29,Vijayakumar. S,Independent,108,3,111,0.05,24,24,Tamil Nadu,Salem,General,,2026
88,Salem (West),30,Velmanikandan. S,Independent,366,3,369,0.16,24,24,Tamil Nadu,Salem,General,,2026
88,Salem (West),31,Srisabarinathan,Independent,359,0,359,0.15,24,24,Tamil Nadu,Salem,General,,2026
88,Salem (West),32,Nota,None of the Above,1026,26,1052,0.45,24,24,Tamil Nadu,Salem,General,,2026
89,Salem (North),1,Rajendran. R,Dravida Munnetra Kazhagam,70667,1009,71676,34.02,23,23,Tamil Nadu,Salem,General,SPA,2026
89,Salem (North),2,Gunaseela. M,Naam Tamilar Katchi,6375,75,6450,3.06,23,23,Tamil Nadu,Salem,General,,2026
89,Salem (North),3,Sadhasivam. S,Pattali Makkal Katchi,43753,485,44238,20.99,23,23,Tamil Nadu,Salem,General,NDA,2026
89,Salem (North),4,Sivakumar. K,Tamilaga Vettri Kazhagam,85218,492,85710,40.68,23,23,Tamil Nadu,Salem,General,,2026
89,Salem (North),5,Mohanraj. S,Tamizhaga Vaazhvurimai Katchi,337,1,338,0.16,23,23,Tamil Nadu,Salem,General,,2026
89,Salem (North),6,Jothilakshmi. R.S,Vishwa Tamil Kazhagam,174,2,176,0.08,23,23,Tamil Nadu,Salem,General,,2026
89,Salem (North),7,Sabareesan. D,Independent,137,0,137,0.07,23,23,Tamil Nadu,Salem,General,,2026
89,Salem (North),8,Palanisamy. R,Independent,74,3,77,0.04,23,23,Tamil Nadu,Salem,General,,2026
89,Salem (North),9,Pravina. G,Independent,96,1,97,0.05,23,23,Tamil Nadu,Salem,General,,2026
89,Salem (North),10,Manivannan. S,Independent,75,15,90,0.04,23,23,Tamil Nadu,Salem,General,,2026
89,Salem (North),11,Mahabub John. K,Independent,115,2,117,0.06,23,23,Tamil Nadu,Salem,General,,2026
89,Salem (North),12,Rajasekar. S,Independent,125,3,128,0.06,23,23,Tamil Nadu,Salem,General,,2026
89,Salem (North),13,Raja. A,Independent,150,1,151,0.07,23,23,Tamil Nadu,Salem,General,,2026
89,Salem (North),14,Rajendran. A,Independent,121,1,122,0.06,23,23,Tamil Nadu,Salem,General,,2026
89,Salem (North),15,Nota,None of the Above,1188,17,1205,0.57,23,23,Tamil Nadu,Salem,General,,2026
90,Salem (South),1,Sofia. S,Naam Tamilar Katchi,5770,49,5819,2.8,20,20,Tamil Nadu,Salem,General,,2026
90,Salem (South),2,Loganathan. M,Dravida Munnetra Kazhagam,57443,559,58002,27.9,20,20,Tamil Nadu,Salem,General,SPA,2026
90,Salem (South),3,Vinoth. J,All India Anna Dravida Munnetra Kazhagam,49800,416,50216,24.15,20,20,Tamil Nadu,Salem,General,NDA,2026
90,Salem (South),4,Bas Madheswaran,Tamizhaga Vaazhvurimai Katchi,407,0,407,0.2,20,20,Tamil Nadu,Salem,General,,2026
90,Salem (South),5,Vijay Tamilan Parthiban. A,Tamilaga Vettri Kazhagam,91008,363,91371,43.95,20,20,Tamil Nadu,Salem,General,,2026
90,Salem (South),6,Ambedkar. C,Independent,157,1,158,0.08,20,20,Tamil Nadu,Salem,General,,2026
90,Salem (South),7,Santhosh. S,Independent,92,0,92,0.04,20,20,Tamil Nadu,Salem,General,,2026
90,Salem (South),8,Sundaram. R,Independent,56,0,56,0.03,20,20,Tamil Nadu,Salem,General,,2026
90,Salem (South),9,Sumathi. P,Independent,61,0,61,0.03,20,20,Tamil Nadu,Salem,General,,2026
90,Salem (South),10,Padmanapan. M,Independent,40,0,40,0.02,20,20,Tamil Nadu,Salem,General,,2026
90,Salem (South),11,Palaniappan. M,Independent,74,1,75,0.04,20,20,Tamil Nadu,Salem,General,,2026
90,Salem (South),12,Parthiban. A,Independent,90,3,93,0.04,20,20,Tamil Nadu,Salem,General,,2026
90,Salem (South),13,Parthiban. V,Independent,58,0,58,0.03,20,20,Tamil Nadu,Salem,General,,2026
90,Salem (South),14,Praveen Kumar. M,Independent,91,0,91,0.04,20,20,Tamil Nadu,Salem,General,,2026
90,Salem (South),15,Mayakannan. N,Independent,99,0,99,0.05,20,20,Tamil Nadu,Salem,General,,2026
90,Salem (South),16,Loganathan. M,Independent,164,1,165,0.08,20,20,Tamil Nadu,Salem,General,,2026
90,Salem (South),17,Loganathan. M,Independent,71,0,71,0.03,20,20,Tamil Nadu,Salem,General,,2026
90,Salem (South),18,Varatharajan. S.P,Independent,166,0,166,0.08,20,20,Tamil Nadu,Salem,General,,2026
90,Salem (South),19,Jayaraj. S,Independent,117,0,117,0.06,20,20,Tamil Nadu,Salem,General,,2026
90,Salem (South),20,Nota,None of the Above,728,17,745,0.36,20,20,Tamil Nadu,Salem,General,,2026
91,Veerapandi,1,Tharun. A.K,Dravida Munnetra Kazhagam,68483,813,69296,29.38,23,23,Tamil Nadu,Salem,General,SPA,2026
91,Veerapandi,2,Rajeshkumar. S,Naam Tamilar Katchi,6741,79,6820,2.89,23,23,Tamil Nadu,Salem,General,,2026
91,Veerapandi,3,Sri Balaji Sugumar. S,All India Anna Dravida Munnetra Kazhagam,75091,745,75836,32.15,23,23,Tamil Nadu,Salem,General,NDA,2026
91,Veerapandi,4,Anbazhagan. P,Communist Party of India (Marxist-Leninist) (Liberation),435,2,437,0.19,23,23,Tamil Nadu,Salem,General,,2026
91,Veerapandi,5,Sakthivel. M,Naadaalum Makkal Katchi,396,1,397,0.17,23,23,Tamil Nadu,Salem,General,,2026
91,Veerapandi,6,Palanivel. M.S,Tamilaga Vettri Kazhagam,79535,372,79907,33.88,23,23,Tamil Nadu,Salem,General,,2026
91,Veerapandi,7,Bramamoorthi. M,Tamizhaga Vaazhvurimai Katchi,635,7,642,0.27,23,23,Tamil Nadu,Salem,General,,2026
91,Veerapandi,8,Indrajith Guptha. G,Independent,152,1,153,0.06,23,23,Tamil Nadu,Salem,General,,2026
91,Veerapandi,9,Kavitha. M.P,Independent,56,0,56,0.02,23,23,Tamil Nadu,Salem,General,,2026
91,Veerapandi,10,Karthi. R,Independent,77,3,80,0.03,23,23,Tamil Nadu,Salem,General,,2026
91,Veerapandi,11,Gopi. R,Independent,96,0,96,0.04,23,23,Tamil Nadu,Salem,General,,2026
91,Veerapandi,12,Gopinath. B,Independent,56,2,58,0.02,23,23,Tamil Nadu,Salem,General,,2026
91,Veerapandi,13,Senthilkumar. M,Independent,135,0,135,0.06,23,23,Tamil Nadu,Salem,General,,2026
91,Veerapandi,14,Tamilarasan. D,Independent,142,0,142,0.06,23,23,Tamil Nadu,Salem,General,,2026
91,Veerapandi,15,Devendhiraprabu. M,Independent,103,0,103,0.04,23,23,Tamil Nadu,Salem,General,,2026
91,Veerapandi,16,Palanisamy. P,Independent,448,1,449,0.19,23,23,Tamil Nadu,Salem,General,,2026
91,Veerapandi,17,Prabhu. V,Independent,348,1,349,0.15,23,23,Tamil Nadu,Salem,General,,2026
91,Veerapandi,18,Ranganathan. D,Independent,49,0,49,0.02,23,23,Tamil Nadu,Salem,General,,2026
91,Veerapandi,19,Vaidesswara Prasad. N,Independent,197,0,197,0.08,23,23,Tamil Nadu,Salem,General,,2026
91,Veerapandi,20,Jayavel. M,Independent,79,0,79,0.03,23,23,Tamil Nadu,Salem,General,,2026
91,Veerapandi,21,Nota,None of the Above,585,9,594,0.25,23,23,Tamil Nadu,Salem,General,,2026
92,Rasipuram,1,Premkumar S D,Bharatiya Janata Party,59357,940,60297,29.46,21,21,Tamil Nadu,Namakkal,SC,NDA,2026
92,Rasipuram,2,Sasikala S,Naam Tamilar Katchi,6283,132,6415,3.13,21,21,Tamil Nadu,Namakkal,SC,,2026
92,Rasipuram,3,Mathiventhan M Dr,Dravida Munnetra Kazhagam,56376,1478,57854,28.27,21,21,Tamil Nadu,Namakkal,SC,SPA,2026
92,Rasipuram,4,Arulkumar P,Ganasangam Party of India,456,6,462,0.23,21,21,Tamil Nadu,Namakkal,SC,,2026
92,Rasipuram,5,Arulraju G,Anaithinthiya Anna Dravida Makkal Seyal katchi,182,1,183,0.09,21,21,Tamil Nadu,Namakkal,SC,,2026
92,Rasipuram,6,Krishnamoorthi P,Tamizhaga Vaazhvurimai Katchi,119,2,121,0.06,21,21,Tamil Nadu,Namakkal,SC,,2026
92,Rasipuram,7,Muniyappan M,Puthiya Tamilagam,242,1,243,0.12,21,21,Tamil Nadu,Namakkal,SC,,2026
92,Rasipuram,8,Ramadass D,Samaniya Makkal Nala Katchi,348,0,348,0.17,21,21,Tamil Nadu,Namakkal,SC,,2026
92,Rasipuram,9,Logesh Tamilselvan D,Tamilaga Vettri Kazhagam,74050,758,74808,36.55,21,21,Tamil Nadu,Namakkal,SC,,2026
92,Rasipuram,10,Ampulimadhan M,Independent,180,3,183,0.09,21,21,Tamil Nadu,Namakkal,SC,,2026
92,Rasipuram,11,Thangamani S,Independent,142,5,147,0.07,21,21,Tamil Nadu,Namakkal,SC,,2026
92,Rasipuram,12,Tamilazhagan M,Independent,92,0,92,0.04,21,21,Tamil Nadu,Namakkal,SC,,2026
92,Rasipuram,13,Nagarajan K,Independent,179,0,179,0.09,21,21,Tamil Nadu,Namakkal,SC,,2026
92,Rasipuram,14,Neppoliyan K,Independent,427,1,428,0.21,21,21,Tamil Nadu,Namakkal,SC,,2026
92,Rasipuram,15,Manikandan C,Independent,175,0,175,0.09,21,21,Tamil Nadu,Namakkal,SC,,2026
92,Rasipuram,16,Murugesan A,Independent,1292,0,1292,0.63,21,21,Tamil Nadu,Namakkal,SC,,2026
92,Rasipuram,17,Rajeshkannan R,Independent,472,0,472,0.23,21,21,Tamil Nadu,Namakkal,SC,,2026
92,Rasipuram,18,Jayanthi M,Independent,115,3,118,0.06,21,21,Tamil Nadu,Namakkal,SC,,2026
92,Rasipuram,19,Nota,None of the Above,839,24,863,0.42,21,21,Tamil Nadu,Namakkal,SC,,2026
93,Senthamangalam,1,C Chandrasekaran,All India Anna Dravida Munnetra Kazhagam,65161,999,66160,31.55,23,23,Tamil Nadu,Namakkal,ST,NDA,2026
93,Senthamangalam,2,P Poomalar,Dravida Munnetra Kazhagam,63891,1060,64951,30.98,23,23,Tamil Nadu,Namakkal,ST,SPA,2026
93,Senthamangalam,3,Ponnumani C,Naam Tamilar Katchi,6354,124,6478,3.09,23,23,Tamil Nadu,Namakkal,ST,,2026
93,Senthamangalam,4,P Chandrasekar,Tamilaga Vettri Kazhagam,68124,691,68815,32.82,23,23,Tamil Nadu,Namakkal,ST,,2026
93,Senthamangalam,5,K Duraisamy,Ganasangam Party of India,198,1,199,0.09,23,23,Tamil Nadu,Namakkal,ST,,2026
93,Senthamangalam,6,P Ramasamy,Tamizhaga Vaazhvurimai Katchi,111,0,111,0.05,23,23,Tamil Nadu,Namakkal,ST,,2026
93,Senthamangalam,7,C Jaganathan,All India Puratchi Thalaivar Makkal Munnettra Kazhagam,112,1,113,0.05,23,23,Tamil Nadu,Namakkal,ST,,2026
93,Senthamangalam,8,C Suthan,Independent,96,0,96,0.05,23,23,Tamil Nadu,Namakkal,ST,,2026
93,Senthamangalam,9,M Swaminathan,Independent,254,6,260,0.12,23,23,Tamil Nadu,Namakkal,ST,,2026
93,Senthamangalam,10,A Balamugan,Independent,251,8,259,0.12,23,23,Tamil Nadu,Namakkal,ST,,2026
93,Senthamangalam,11,E Manikandan,Independent,429,0,429,0.2,23,23,Tamil Nadu,Namakkal,ST,,2026
93,Senthamangalam,12,K Ramesh,Independent,603,2,605,0.29,23,23,Tamil Nadu,Namakkal,ST,,2026
93,Senthamangalam,13,Nota,None of the Above,1198,13,1211,0.58,23,23,Tamil Nadu,Namakkal,ST,,2026
94,Namakkal,1,Ramasamy P,Bahujan Samaj Party,294,2,296,0.14,23,23,Tamil Nadu,Namakkal,General,,2026
94,Namakkal,2,Praveenkumar K,Naam Tamilar Katchi,6172,114,6286,2.96,23,23,Tamil Nadu,Namakkal,General,,2026
94,Namakkal,3,Sridevi Mohan P S,All India Anna Dravida Munnetra Kazhagam,67350,1386,68736,32.38,23,23,Tamil Nadu,Namakkal,General,NDA,2026
94,Namakkal,4,Rani P,Dravida Munnetra Kazhagam,51502,1306,52808,24.88,23,23,Tamil Nadu,Namakkal,General,SPA,2026
94,Namakkal,5,Aadithiyan A,Anna Puratchi Thalaivar Amma Dravida Munnetra Kazhagam,278,1,279,0.13,23,23,Tamil Nadu,Namakkal,General,,2026
94,Namakkal,6,Gandhian Ramesh T,Ahimsa Socialist Party,209,4,213,0.1,23,23,Tamil Nadu,Namakkal,General,,2026
94,Namakkal,7,Sureshkannan P,Ganasangam Party of India,145,1,146,0.07,23,23,Tamil Nadu,Namakkal,General,,2026
94,Namakkal,8,Thiyagarajan R,Samaniya Makkal Nala Katchi,318,2,320,0.15,23,23,Tamil Nadu,Namakkal,General,,2026
94,Namakkal,9,Dilip C S,Tamilaga Vettri Kazhagam,78916,828,79744,37.56,23,23,Tamil Nadu,Namakkal,General,,2026
94,Namakkal,10,Palanisamy M P,All India Puratchi Thalaivar Makkal Munnettra Kazhagam,147,2,149,0.07,23,23,Tamil Nadu,Namakkal,General,,2026
94,Namakkal,11,Mahendran P,Anaithinthiya Anna Dravida Makkal Seyal katchi,95,1,96,0.05,23,23,Tamil Nadu,Namakkal,General,,2026
94,Namakkal,12,Matheswaran C,Puthiya Tamilagam,143,3,146,0.07,23,23,Tamil Nadu,Namakkal,General,,2026
94,Namakkal,13,Abineshkumar T,Independent,212,1,213,0.1,23,23,Tamil Nadu,Namakkal,General,,2026
94,Namakkal,14,Aravinth S,Independent,191,2,193,0.09,23,23,Tamil Nadu,Namakkal,General,,2026
94,Namakkal,15,Kanakaraj K,Independent,157,2,159,0.07,23,23,Tamil Nadu,Namakkal,General,,2026
94,Namakkal,16,Chandra P,Independent,322,0,322,0.15,23,23,Tamil Nadu,Namakkal,General,,2026
94,Namakkal,17,Natarajan M,Independent,221,4,225,0.11,23,23,Tamil Nadu,Namakkal,General,,2026
94,Namakkal,18,Netajikaviarasu V,Independent,90,2,92,0.04,23,23,Tamil Nadu,Namakkal,General,,2026
94,Namakkal,19,Manikandan R,Independent,188,3,191,0.09,23,23,Tamil Nadu,Namakkal,General,,2026
94,Namakkal,20,Muthusamy S,Independent,178,1,179,0.08,23,23,Tamil Nadu,Namakkal,General,,2026
94,Namakkal,21,Mohan S,Independent,70,1,71,0.03,23,23,Tamil Nadu,Namakkal,General,,2026
94,Namakkal,22,Mohan P,Independent,111,0,111,0.05,23,23,Tamil Nadu,Namakkal,General,,2026
94,Namakkal,23,Mohan M,Independent,53,1,54,0.03,23,23,Tamil Nadu,Namakkal,General,,2026
94,Namakkal,24,Ramesh A,Independent,113,1,114,0.05,23,23,Tamil Nadu,Namakkal,General,,2026
94,Namakkal,25,Jayakumar R,Independent,168,0,168,0.08,23,23,Tamil Nadu,Namakkal,General,,2026
94,Namakkal,26,Jayaraman M,Independent,112,1,113,0.05,23,23,Tamil Nadu,Namakkal,General,,2026
94,Namakkal,27,Stalin R,Independent,98,1,99,0.05,23,23,Tamil Nadu,Namakkal,General,,2026
94,Namakkal,28,Nota,None of the Above,730,30,760,0.36,23,23,Tamil Nadu,Namakkal,General,,2026
95,Paramathi,1,Aravind M,Naam Tamilar Katchi,5612,115,5727,3.03,20,20,Tamil Nadu,Namakkal,General,,2026
95,Paramathi,2,Raman V,Bahujan Samaj Party,257,2,259,0.14,20,20,Tamil Nadu,Namakkal,General,,2026
95,Paramathi,3,Sekar S,All India Anna Dravida Munnetra Kazhagam,60017,1332,61349,32.49,20,20,Tamil Nadu,Namakkal,General,NDA,2026
95,Paramathi,4,Moorthiy K S,Dravida Munnetra Kazhagam,59402,1639,61041,32.32,20,20,Tamil Nadu,Namakkal,General,SPA,2026
95,Paramathi,5,Selvarasu S,Anna Puratchi Thalaivar Amma Dravida Munnetra Kazhagam,330,4,334,0.18,20,20,Tamil Nadu,Namakkal,General,,2026
95,Paramathi,6,Shailaja,Tamizhaga Vaazhvurimai Katchi,438,6,444,0.24,20,20,Tamil Nadu,Namakkal,General,,2026
95,Paramathi,7,Nandakumar A,Tamilaga Vettri Kazhagam,55408,659,56067,29.69,20,20,Tamil Nadu,Namakkal,General,,2026
95,Paramathi,8,Bakkiam P,Anaithinthiya Anna Dravida Makkal Seyal katchi,114,2,116,0.06,20,20,Tamil Nadu,Namakkal,General,,2026
95,Paramathi,9,Vijay Suryabhalaaji K R,All India Puratchi Thalaivar Makkal Munnettra Kazhagam,133,4,137,0.07,20,20,Tamil Nadu,Namakkal,General,,2026
95,Paramathi,10,Ramasamy N,Independent,71,0,71,0.04,20,20,Tamil Nadu,Namakkal,General,,2026
95,Paramathi,11,Kandasamy S,Independent,156,2,158,0.08,20,20,Tamil Nadu,Namakkal,General,,2026
95,Paramathi,12,Karthik R,Independent,78,5,83,0.04,20,20,Tamil Nadu,Namakkal,General,,2026
95,Paramathi,13,Gopalan G,Independent,231,0,231,0.12,20,20,Tamil Nadu,Namakkal,General,,2026
95,Paramathi,14,Sudharsan K,Independent,171,1,172,0.09,20,20,Tamil Nadu,Namakkal,General,,2026
95,Paramathi,15,Suresh R,Independent,82,0,82,0.04,20,20,Tamil Nadu,Namakkal,General,,2026
95,Paramathi,16,Sekar C,Independent,308,1,309,0.16,20,20,Tamil Nadu,Namakkal,General,,2026
95,Paramathi,17,Sekar V,Independent,246,3,249,0.13,20,20,Tamil Nadu,Namakkal,General,,2026
95,Paramathi,18,Thangarasu M,Independent,100,0,100,0.05,20,20,Tamil Nadu,Namakkal,General,,2026
95,Paramathi,19,Parameshwari S,Independent,192,0,192,0.1,20,20,Tamil Nadu,Namakkal,General,,2026
95,Paramathi,20,Palanisamy S,Independent,169,0,169,0.09,20,20,Tamil Nadu,Namakkal,General,,2026
95,Paramathi,21,Balaji R,Independent,52,0,52,0.03,20,20,Tamil Nadu,Namakkal,General,,2026
95,Paramathi,22,Prathap K,Independent,111,1,112,0.06,20,20,Tamil Nadu,Namakkal,General,,2026
95,Paramathi,23,Manojkumar M,Independent,337,1,338,0.18,20,20,Tamil Nadu,Namakkal,General,,2026
95,Paramathi,24,Murthi,Independent,53,0,53,0.03,20,20,Tamil Nadu,Namakkal,General,,2026
95,Paramathi,25,Moorthi M,Independent,35,1,36,0.02,20,20,Tamil Nadu,Namakkal,General,,2026
95,Paramathi,26,Ranjith K,Independent,50,0,50,0.03,20,20,Tamil Nadu,Namakkal,General,,2026
95,Paramathi,27,Ramesh P,Independent,37,0,37,0.02,20,20,Tamil Nadu,Namakkal,General,,2026
95,Paramathi,28,Ramesh R,Independent,53,0,53,0.03,20,20,Tamil Nadu,Namakkal,General,,2026
95,Paramathi,29,Raja R,Independent,230,2,232,0.12,20,20,Tamil Nadu,Namakkal,General,,2026
95,Paramathi,30,Latha A,Independent,90,0,90,0.05,20,20,Tamil Nadu,Namakkal,General,,2026
95,Paramathi,31,Vijayakumar A,Independent,53,0,53,0.03,20,20,Tamil Nadu,Namakkal,General,,2026
95,Paramathi,32,Nota,None of the Above,431,18,449,0.24,20,20,Tamil Nadu,Namakkal,General,,2026
96,Tiruchengodu,1,Eswaran E R,Dravida Munnetra Kazhagam,48320,1145,49465,25.88,22,22,Tamil Nadu,Namakkal,General,SPA,2026
96,Tiruchengodu,2,Srmt Sekar (A) Chandrasekar R,All India Anna Dravida Munnetra Kazhagam,50439,889,51328,26.86,22,22,Tamil Nadu,Namakkal,General,NDA,2026
96,Tiruchengodu,3,Revathi K,Naam Tamilar Katchi,6001,84,6085,3.18,22,22,Tamil Nadu,Namakkal,General,,2026
96,Tiruchengodu,4,Arunraj K G,Tamilaga Vettri Kazhagam,78824,676,79500,41.6,22,22,Tamil Nadu,Namakkal,General,,2026
96,Tiruchengodu,5,Sharavanan A K,Tamizhaga Vaazhvurimai Katchi,351,3,354,0.19,22,22,Tamil Nadu,Namakkal,General,,2026
96,Tiruchengodu,6,Chinnathambi K,Republican Party of India (Athawale),287,9,296,0.15,22,22,Tamil Nadu,Namakkal,General,,2026
96,Tiruchengodu,7,Dhanapal Subramaniyam,Anaithinthiya Anna Dravida Makkal Seyal katchi,91,0,91,0.05,22,22,Tamil Nadu,Namakkal,General,,2026
96,Tiruchengodu,8,Thirukkumaran P,Makkal Munnetra Katchi,51,1,52,0.03,22,22,Tamil Nadu,Namakkal,General,,2026
96,Tiruchengodu,9,Munusamy A T,Samaniya Makkal Nala Katchi,36,2,38,0.02,22,22,Tamil Nadu,Namakkal,General,,2026
96,Tiruchengodu,10,Arulprakasam S,Independent,49,0,49,0.03,22,22,Tamil Nadu,Namakkal,General,,2026
96,Tiruchengodu,11,Arjunan L K,Independent,24,0,24,0.01,22,22,Tamil Nadu,Namakkal,General,,2026
96,Tiruchengodu,12,Eswaran M,Independent,91,2,93,0.05,22,22,Tamil Nadu,Namakkal,General,,2026
96,Tiruchengodu,13,Satheeskumar P,Independent,249,2,251,0.13,22,22,Tamil Nadu,Namakkal,General,,2026
96,Tiruchengodu,14,Saravanasundaram S,Independent,1173,17,1190,0.62,22,22,Tamil Nadu,Namakkal,General,,2026
96,Tiruchengodu,15,Dhinesh Karikalan,Independent,246,1,247,0.13,22,22,Tamil Nadu,Namakkal,General,,2026
96,Tiruchengodu,16,Deepakrajan V,Independent,496,1,497,0.26,22,22,Tamil Nadu,Namakkal,General,,2026
96,Tiruchengodu,17,Palanisamy K,Independent,319,5,324,0.17,22,22,Tamil Nadu,Namakkal,General,,2026
96,Tiruchengodu,18,Balaji Chezhian P,Independent,189,0,189,0.1,22,22,Tamil Nadu,Namakkal,General,,2026
96,Tiruchengodu,19,Maheshkumar N,Independent,45,0,45,0.02,22,22,Tamil Nadu,Namakkal,General,,2026
96,Tiruchengodu,20,Ramesh S,Independent,298,0,298,0.16,22,22,Tamil Nadu,Namakkal,General,,2026
96,Tiruchengodu,21,Rajakumar P,Independent,96,0,96,0.05,22,22,Tamil Nadu,Namakkal,General,,2026
96,Tiruchengodu,22,Revanth S N,Independent,37,0,37,0.02,22,22,Tamil Nadu,Namakkal,General,,2026
96,Tiruchengodu,23,Viswanathan P,Independent,53,0,53,0.03,22,22,Tamil Nadu,Namakkal,General,,2026
96,Tiruchengodu,24,Nota,None of the Above,509,11,520,0.27,22,22,Tamil Nadu,Namakkal,General,,2026
97,Kumarapalayam,1,P.Thangamani,All India Anna Dravida Munnetra Kazhagam,72783,700,73483,35.79,24,24,Tamil Nadu,Namakkal,General,NDA,2026
97,Kumarapalayam,2,S.Balu,Dravida Munnetra Kazhagam,39520,473,39993,19.48,24,24,Tamil Nadu,Namakkal,General,SPA,2026
97,Kumarapalayam,3,Uvarani Suresh,Naam Tamilar Katchi,7611,52,7663,3.73,24,24,Tamil Nadu,Namakkal,General,,2026
97,Kumarapalayam,4,J Karthi,Vishwa Tamil Kazhagam,142,0,142,0.07,24,24,Tamil Nadu,Namakkal,General,,2026
97,Kumarapalayam,5,Palanisamy,Samaniya Makkal Nala Katchi,71,0,71,0.03,24,24,Tamil Nadu,Namakkal,General,,2026
97,Kumarapalayam,6,Pannerselvam,Anaithinthiya Anna Dravida Makkal Seyal katchi,233,0,233,0.11,24,24,Tamil Nadu,Namakkal,General,,2026
97,Kumarapalayam,7,C.Vijayalakshmi,Tamilaga Vettri Kazhagam,80874,305,81179,39.54,24,24,Tamil Nadu,Namakkal,General,,2026
97,Kumarapalayam,8,Amirthalingam,Independent,127,1,128,0.06,24,24,Tamil Nadu,Namakkal,General,,2026
97,Kumarapalayam,9,Karthi,Independent,116,4,120,0.06,24,24,Tamil Nadu,Namakkal,General,,2026
97,Kumarapalayam,10,R.Kumaresan,Independent,96,1,97,0.05,24,24,Tamil Nadu,Namakkal,General,,2026
97,Kumarapalayam,11,Gopalakrishnan,Independent,52,0,52,0.03,24,24,Tamil Nadu,Namakkal,General,,2026
97,Kumarapalayam,12,Saravanan,Independent,56,0,56,0.03,24,24,Tamil Nadu,Namakkal,General,,2026
97,Kumarapalayam,13,G. Samuelraj,Independent,71,1,72,0.04,24,24,Tamil Nadu,Namakkal,General,,2026
97,Kumarapalayam,14,Sivaraj,Independent,68,0,68,0.03,24,24,Tamil Nadu,Namakkal,General,,2026
97,Kumarapalayam,15,P.Senthilkumar,Independent,183,1,184,0.09,24,24,Tamil Nadu,Namakkal,General,,2026
97,Kumarapalayam,16,Selvaraj,Independent,437,0,437,0.21,24,24,Tamil Nadu,Namakkal,General,,2026
97,Kumarapalayam,17,K. Palanivel,Independent,326,0,326,0.16,24,24,Tamil Nadu,Namakkal,General,,2026
97,Kumarapalayam,18,A.Muruganandhan,Independent,184,1,185,0.09,24,24,Tamil Nadu,Namakkal,General,,2026
97,Kumarapalayam,19,R.Raja,Independent,65,0,65,0.03,24,24,Tamil Nadu,Namakkal,General,,2026
97,Kumarapalayam,20,Venkatachalam,Independent,30,0,30,0.01,24,24,Tamil Nadu,Namakkal,General,,2026
97,Kumarapalayam,21,S Jayavel,Independent,75,0,75,0.04,24,24,Tamil Nadu,Namakkal,General,,2026
97,Kumarapalayam,22,Nota,None of the Above,658,7,665,0.32,24,24,Tamil Nadu,Namakkal,General,,2026
98,Erode (East),1,Gopinath Palaniyappan,Indian National Congress,45327,454,45781,28.18,20,20,Tamil Nadu,Erode,General,SPA,2026
98,Erode (East),2,B.Chitra,Bahujan Samaj Party,254,2,256,0.16,20,20,Tamil Nadu,Erode,General,,2026
98,Erode (East),3,S.Thandavamoorthy,Naam Tamilar Katchi,4924,63,4987,3.07,20,20,Tamil Nadu,Erode,General,,2026
98,Erode (East),4,R.Manoharan,All India Anna Dravida Munnetra Kazhagam,37904,279,38183,23.5,20,20,Tamil Nadu,Erode,General,NDA,2026
98,Erode (East),5,M.Kamal Kumar,Vishwa Tamil Kazhagam,225,2,227,0.14,20,20,Tamil Nadu,Erode,General,,2026
98,Erode (East),6,R.Dhandapani,Veerath Thiyagi Viswanathadoss Thozhilalarkal Katchi,75,1,76,0.05,20,20,Tamil Nadu,Erode,General,,2026
98,Erode (East),7,K.Dhavasiappan,Tamilaga Makkal Nala Katchi,79,1,80,0.05,20,20,Tamil Nadu,Erode,General,,2026
98,Erode (East),8,A.Manikandan,Tamizhaga Vaazhvurimai Katchi,85,1,86,0.05,20,20,Tamil Nadu,Erode,General,,2026
98,Erode (East),9,K.Manikannan,Samaniya Makkal Nala Katchi,172,1,173,0.11,20,20,Tamil Nadu,Erode,General,,2026
98,Erode (East),10,M.Vijay Balaji,Tamilaga Vettri Kazhagam,69384,363,69747,42.93,20,20,Tamil Nadu,Erode,General,,2026
98,Erode (East),11,M.V.Karthy,Independent,65,1,66,0.04,20,20,Tamil Nadu,Erode,General,,2026
98,Erode (East),12,Shanmugam.P,Independent,53,2,55,0.03,20,20,Tamil Nadu,Erode,General,,2026
98,Erode (East),13,M.Dharani Kumar,Independent,95,1,96,0.06,20,20,Tamil Nadu,Erode,General,,2026
98,Erode (East),14,C.Thiyagarajan,Independent,131,1,132,0.08,20,20,Tamil Nadu,Erode,General,,2026
98,Erode (East),15,Nathiya.S,Independent,133,3,136,0.08,20,20,Tamil Nadu,Erode,General,,2026
98,Erode (East),16,H.Mohamed Gaipeer,Independent,320,1,321,0.2,20,20,Tamil Nadu,Erode,General,,2026
98,Erode (East),17,J.Muthu Bava,Independent,854,4,858,0.53,20,20,Tamil Nadu,Erode,General,,2026
98,Erode (East),18,M.Murugesan,Independent,48,3,51,0.03,20,20,Tamil Nadu,Erode,General,,2026
98,Erode (East),19,S.Lakshmanathan,Independent,67,0,67,0.04,20,20,Tamil Nadu,Erode,General,,2026
98,Erode (East),20,R.Vairam,Independent,194,2,196,0.12,20,20,Tamil Nadu,Erode,General,,2026
98,Erode (East),21,Nota,None of the Above,851,28,879,0.54,20,20,Tamil Nadu,Erode,General,,2026
99,Erode (West),1,V . Palani,Bahujan Samaj Party,515,1,516,0.23,24,24,Tamil Nadu,Erode,General,,2026
99,Erode (West),2,S. Muthusamy,Dravida Munnetra Kazhagam,73628,958,74586,33.69,24,24,Tamil Nadu,Erode,General,SPA,2026
99,Erode (West),3,M. Yuvaraja,Bharatiya Janata Party,37666,519,38185,17.25,24,24,Tamil Nadu,Erode,General,NDA,2026
99,Erode (West),4,N. Vijay,Naam Tamilar Katchi,8047,77,8124,3.67,24,24,Tamil Nadu,Erode,General,,2026
99,Erode (West),5,Ananth Moghan K.K.,Tamilaga Vettri Kazhagam,96364,472,96836,43.74,24,24,Tamil Nadu,Erode,General,,2026
99,Erode (West),6,K. Kalaiyarasan,Party for the Rights of Other backward Classes,434,5,439,0.2,24,24,Tamil Nadu,Erode,General,,2026
99,Erode (West),7,V. Dhanalakshmi,Tamizhaga Vaazhvurimai Katchi,161,2,163,0.07,24,24,Tamil Nadu,Erode,General,,2026
99,Erode (West),8,M. Nataraj,Vishwa Tamil Kazhagam,176,1,177,0.08,24,24,Tamil Nadu,Erode,General,,2026
99,Erode (West),9,M. Rukmani,Samaniya Makkal Nala Katchi,116,2,118,0.05,24,24,Tamil Nadu,Erode,General,,2026
99,Erode (West),10,Shanmugam M.,Independent,234,1,235,0.11,24,24,Tamil Nadu,Erode,General,,2026
99,Erode (West),11,Moorthi P.,Independent,202,3,205,0.09,24,24,Tamil Nadu,Erode,General,,2026
99,Erode (West),12,A. Ramu,Independent,226,1,227,0.1,24,24,Tamil Nadu,Erode,General,,2026
99,Erode (West),13,C. Rajendran,Independent,330,2,332,0.15,24,24,Tamil Nadu,Erode,General,,2026
99,Erode (West),14,Nota,None of the Above,1236,21,1257,0.57,24,24,Tamil Nadu,Erode,General,,2026
100,Modakkurichi,1,M.Arunkumar,Naam Tamilar Katchi,6634,89,6723,3.52,21,21,Tamil Nadu,Erode,General,,2026
100,Modakkurichi,2,S.Kirthika,Bharatiya Janata Party,57306,979,58285,30.55,21,21,Tamil Nadu,Erode,General,NDA,2026
100,Modakkurichi,3,S.Senthilnathan,Dravida Munnetra Kazhagam,56989,1247,58236,30.53,21,21,Tamil Nadu,Erode,General,SPA,2026
100,Modakkurichi,4,K.Muniyappan,Bahujan Samaj Party,638,13,651,0.34,21,21,Tamil Nadu,Erode,General,,2026
100,Modakkurichi,5,R.Karthikeyan,Tamizhaga Vaazhvurimai Katchi,2192,47,2239,1.17,21,21,Tamil Nadu,Erode,General,,2026
100,Modakkurichi,6,D.Shanmugan,Tamilaga Vettri Kazhagam,59978,737,60715,31.83,21,21,Tamil Nadu,Erode,General,,2026
100,Modakkurichi,7,M.Ramesh,Namathu Kongu Munnetra Kalagam,198,2,200,0.1,21,21,Tamil Nadu,Erode,General,,2026
100,Modakkurichi,8,M.Ravikumar,Ganasangam Party of India,222,1,223,0.12,21,21,Tamil Nadu,Erode,General,,2026
100,Modakkurichi,9,A.Kathirvel,Independent,243,2,245,0.13,21,21,Tamil Nadu,Erode,General,,2026
100,Modakkurichi,10,K.Dhanabal,Independent,281,3,284,0.15,21,21,Tamil Nadu,Erode,General,,2026
100,Modakkurichi,11,A.Duraisamy,Independent,297,6,303,0.16,21,21,Tamil Nadu,Erode,General,,2026
100,Modakkurichi,12,R.Natarajan,Independent,224,3,227,0.12,21,21,Tamil Nadu,Erode,General,,2026
100,Modakkurichi,13,L.Bharathi,Independent,582,3,585,0.31,21,21,Tamil Nadu,Erode,General,,2026
100,Modakkurichi,14,R.Velusamy,Independent,918,0,918,0.48,21,21,Tamil Nadu,Erode,General,,2026
100,Modakkurichi,15,Nota,None of the Above,905,20,925,0.48,21,21,Tamil Nadu,Erode,General,,2026
101,Dharapuram,1,Indirani.T,Dravida Munnetra Kazhagam,63336,1037,64373,32.2,24,24,Tamil Nadu,Tiruppur,SC,SPA,2026
101,Dharapuram,2,Sathyabama.P,All India Anna Dravida Munnetra Kazhagam,80248,852,81100,40.56,24,24,Tamil Nadu,Tiruppur,SC,NDA,2026
101,Dharapuram,3,Dhivya,Naam Tamilar Katchi,5936,90,6026,3.01,24,24,Tamil Nadu,Tiruppur,SC,,2026
101,Dharapuram,4,Gowri Chitra,Tamilaga Vettri Kazhagam,46099,339,46438,23.23,24,24,Tamil Nadu,Tiruppur,SC,,2026
101,Dharapuram,5,Ananthi.S,Independent,149,2,151,0.08,24,24,Tamil Nadu,Tiruppur,SC,,2026
101,Dharapuram,6,Indhirani.C,Independent,138,4,142,0.07,24,24,Tamil Nadu,Tiruppur,SC,,2026
101,Dharapuram,7,Gowri.P,Independent,120,5,125,0.06,24,24,Tamil Nadu,Tiruppur,SC,,2026
101,Dharapuram,8,Mohanraj.M,Independent,173,1,174,0.09,24,24,Tamil Nadu,Tiruppur,SC,,2026
101,Dharapuram,9,Rohini.S,Independent,357,0,357,0.18,24,24,Tamil Nadu,Tiruppur,SC,,2026
101,Dharapuram,10,Nota,None of the Above,1037,21,1058,0.53,24,24,Tamil Nadu,Tiruppur,SC,,2026
102,Kangayam,1,Karmegan.M,Naam Tamilar Katchi,6961,107,7068,3.47,24,24,Tamil Nadu,Tiruppur,General,,2026
102,Kangayam,2,M.P.Saminathan,Dravida Munnetra Kazhagam,58184,1046,59230,29.1,24,24,Tamil Nadu,Tiruppur,General,SPA,2026
102,Kangayam,3,Nsn Nataraj,All India Anna Dravida Munnetra Kazhagam,70352,770,71122,34.94,24,24,Tamil Nadu,Tiruppur,General,NDA,2026
102,Kangayam,4,P.Thirugnanasambantham,Party for the Rights of Other backward Classes,498,1,499,0.25,24,24,Tamil Nadu,Tiruppur,General,,2026
102,Kangayam,5,Mani Gounder,Tamilaga Vettri Kazhagam,62485,504,62989,30.95,24,24,Tamil Nadu,Tiruppur,General,,2026
102,Kangayam,6,R.Vijayalakshmi,Ganasangam Party of India,172,4,176,0.09,24,24,Tamil Nadu,Tiruppur,General,,2026
102,Kangayam,7,K.Arumugam,Independent,68,0,68,0.03,24,24,Tamil Nadu,Tiruppur,General,,2026
102,Kangayam,8,R. Immanuvel,Independent,281,1,282,0.14,24,24,Tamil Nadu,Tiruppur,General,,2026
102,Kangayam,9,Karthikeyan,Independent,163,1,164,0.08,24,24,Tamil Nadu,Tiruppur,General,,2026
102,Kangayam,10,Gowtham,Independent,93,5,98,0.05,24,24,Tamil Nadu,Tiruppur,General,,2026
102,Kangayam,11,T.Nataraj,Independent,76,2,78,0.04,24,24,Tamil Nadu,Tiruppur,General,,2026
102,Kangayam,12,Palanisamy,Independent,203,0,203,0.1,24,24,Tamil Nadu,Tiruppur,General,,2026
102,Kangayam,13,P.Parthiban,Independent,311,1,312,0.15,24,24,Tamil Nadu,Tiruppur,General,,2026
102,Kangayam,14,P.Mani,Independent,273,1,274,0.13,24,24,Tamil Nadu,Tiruppur,General,,2026
102,Kangayam,15,B.Rajendran,Independent,264,1,265,0.13,24,24,Tamil Nadu,Tiruppur,General,,2026
102,Kangayam,16,Nota,None of the Above,683,23,706,0.35,24,24,Tamil Nadu,Tiruppur,General,,2026
103,Perundurai,1,Eswaran. P,Bahujan Samaj Party,560,5,565,0.28,22,22,Tamil Nadu,Erode,General,,2026
103,Perundurai,2,Ingur. C. Loganathan,Naam Tamilar Katchi,6401,67,6468,3.22,22,22,Tamil Nadu,Erode,General,,2026
103,Perundurai,3,Thoppu Venkatachalam (Alias) N.D. Venkatachalam,Dravida Munnetra Kazhagam,59662,947,60609,30.2,22,22,Tamil Nadu,Erode,General,SPA,2026
103,Perundurai,4,Jayakumar. S,All India Anna Dravida Munnetra Kazhagam,69408,894,70302,35.03,22,22,Tamil Nadu,Erode,General,NDA,2026
103,Perundurai,5,Arunachalam. V. P,Tamilaga Vettri Kazhagam,59030,453,59483,29.64,22,22,Tamil Nadu,Erode,General,,2026
103,Perundurai,6,Shanthosh Krishnan. S,Tamizhaga Vaazhvurimai Katchi,268,3,271,0.14,22,22,Tamil Nadu,Erode,General,,2026
103,Perundurai,7,Valarmathi. P,Samaniya Makkal Nala Katchi,77,0,77,0.04,22,22,Tamil Nadu,Erode,General,,2026
103,Perundurai,8,Santhosh. S,Independent,257,2,259,0.13,22,22,Tamil Nadu,Erode,General,,2026
103,Perundurai,9,Selvaraju. M,Independent,152,2,154,0.08,22,22,Tamil Nadu,Erode,General,,2026
103,Perundurai,10,Palanisamy. M,Independent,172,2,174,0.09,22,22,Tamil Nadu,Erode,General,,2026
103,Perundurai,11,Venkatachalam. C,Independent,869,9,878,0.44,22,22,Tamil Nadu,Erode,General,,2026
103,Perundurai,12,George Stephen. A,Independent,341,4,345,0.17,22,22,Tamil Nadu,Erode,General,,2026
103,Perundurai,13,Jayaprakash. K,Independent,287,2,289,0.14,22,22,Tamil Nadu,Erode,General,,2026
103,Perundurai,14,Nota,None of the Above,792,20,812,0.4,22,22,Tamil Nadu,Erode,General,,2026
104,Bhavani,1,Karuppanan. K.C,All India Anna Dravida Munnetra Kazhagam,74402,1175,75577,36.28,22,22,Tamil Nadu,Erode,General,NDA,2026
104,Bhavani,2,Chandrasekar. K.A,Dravida Munnetra Kazhagam,52906,1181,54087,25.96,22,22,Tamil Nadu,Erode,General,SPA,2026
104,Bhavani,3,Sekar. K,Bahujan Samaj Party,449,7,456,0.22,22,22,Tamil Nadu,Erode,General,,2026
104,Bhavani,4,Mohanadevi. R,Naam Tamilar Katchi,6075,120,6195,2.97,22,22,Tamil Nadu,Erode,General,,2026
104,Bhavani,5,Parasakthi. P,Samaniya Makkal Nala Katchi,100,1,101,0.05,22,22,Tamil Nadu,Erode,General,,2026
104,Bhavani,6,Palanisamy. P.K,Tamizhaga Vaazhvurimai Katchi,350,4,354,0.17,22,22,Tamil Nadu,Erode,General,,2026
104,Bhavani,7,Balakrishnan,Tamilaga Vettri Kazhagam,67518,663,68181,32.73,22,22,Tamil Nadu,Erode,General,,2026
104,Bhavani,8,Vimalraj. R,Makkal Munnetra Katchi,253,0,253,0.12,22,22,Tamil Nadu,Erode,General,,2026
104,Bhavani,9,Arumugam. P.V,Independent,378,4,382,0.18,22,22,Tamil Nadu,Erode,General,,2026
104,Bhavani,10,Kannan. M,Independent,326,5,331,0.16,22,22,Tamil Nadu,Erode,General,,2026
104,Bhavani,11,Karthikeyan. P,Independent,123,4,127,0.06,22,22,Tamil Nadu,Erode,General,,2026
104,Bhavani,12,Boopathi Rajaraja Chozhan. M,Independent,134,0,134,0.06,22,22,Tamil Nadu,Erode,General,,2026
104,Bhavani,13,Perumal. V.M,Independent,209,1,210,0.1,22,22,Tamil Nadu,Erode,General,,2026
104,Bhavani,14,Manikkam. P,Independent,524,2,526,0.25,22,22,Tamil Nadu,Erode,General,,2026
104,Bhavani,15,Nota,None of the Above,1386,23,1409,0.68,22,22,Tamil Nadu,Erode,General,,2026
105,Anthiyur,1,Aalangattur Anandhi,Naam Tamilar Katchi,5164,123,5287,2.85,20,20,Tamil Nadu,Erode,General,,2026
105,Anthiyur,2,Kavibharathi.K,Bahujan Samaj Party,374,6,380,0.2,20,20,Tamil Nadu,Erode,General,,2026
105,Anthiyur,3,Sivabalan.M,Dravida Munnetra Kazhagam,57640,1142,58782,31.64,20,20,Tamil Nadu,Erode,General,SPA,2026
105,Anthiyur,4,Haribaskar.P,All India Anna Dravida Munnetra Kazhagam,59183,859,60042,32.32,20,20,Tamil Nadu,Erode,General,NDA,2026
105,Anthiyur,5,Ramasamy.S,Samaniya Makkal Nala Katchi,611,0,611,0.33,20,20,Tamil Nadu,Erode,General,,2026
105,Anthiyur,6,Easwaramurthi.K,Tamizhaga Vaazhvurimai Katchi,381,9,390,0.21,20,20,Tamil Nadu,Erode,General,,2026
105,Anthiyur,7,Gobal.S.C.R,Aanaithinthiya Jananayaka Pathukappu Kazhagam,425,7,432,0.23,20,20,Tamil Nadu,Erode,General,,2026
105,Anthiyur,8,Vijay Venkatesh.M,Tamilaga Vettri Kazhagam,55726,646,56372,30.34,20,20,Tamil Nadu,Erode,General,,2026
105,Anthiyur,9,Karthi.M,Independent,196,1,197,0.11,20,20,Tamil Nadu,Erode,General,,2026
105,Anthiyur,10,Sankarkumar.K.A,Independent,330,0,330,0.18,20,20,Tamil Nadu,Erode,General,,2026
105,Anthiyur,11,Selvi.A,Independent,173,3,176,0.09,20,20,Tamil Nadu,Erode,General,,2026
105,Anthiyur,12,Dhanabal.C,Independent,778,4,782,0.42,20,20,Tamil Nadu,Erode,General,,2026
105,Anthiyur,13,Veeran.K,Independent,988,2,990,0.53,20,20,Tamil Nadu,Erode,General,,2026
105,Anthiyur,14,Sheik Davood.A.M,Independent,249,1,250,0.13,20,20,Tamil Nadu,Erode,General,,2026
105,Anthiyur,15,Nota,None of the Above,730,24,754,0.41,20,20,Tamil Nadu,Erode,General,,2026
106,Gobichettipalayam,1,Seethalakshmi.M.K,Naam Tamilar Katchi,8010,127,8137,3.7,23,23,Tamil Nadu,Erode,General,,2026
106,Gobichettipalayam,2,Nallasivam.N,Dravida Munnetra Kazhagam,64933,1059,65992,30.03,23,23,Tamil Nadu,Erode,General,SPA,2026
106,Gobichettipalayam,3,Prabhu.V.B,All India Anna Dravida Munnetra Kazhagam,55660,572,56232,25.59,23,23,Tamil Nadu,Erode,General,NDA,2026
106,Gobichettipalayam,4,Ravikumar.R,Bahujan Samaj Party,758,2,760,0.35,23,23,Tamil Nadu,Erode,General,,2026
106,Gobichettipalayam,5,Sengottaiyan.K.A,Tamilaga Vettri Kazhagam,81628,984,82612,37.6,23,23,Tamil Nadu,Erode,General,,2026
106,Gobichettipalayam,6,Thiruvengatesh.M,Tamizhaga Vaazhvurimai Katchi,1717,29,1746,0.79,23,23,Tamil Nadu,Erode,General,,2026
106,Gobichettipalayam,7,Malarvizhi,Party for the Rights of Other backward Classes,197,0,197,0.09,23,23,Tamil Nadu,Erode,General,,2026
106,Gobichettipalayam,8,Anandhakumar.M,Independent,159,2,161,0.07,23,23,Tamil Nadu,Erode,General,,2026
106,Gobichettipalayam,9,Sakthivel.G,Independent,113,1,114,0.05,23,23,Tamil Nadu,Erode,General,,2026
106,Gobichettipalayam,10,Shanmugam.G,Independent,100,0,100,0.05,23,23,Tamil Nadu,Erode,General,,2026
106,Gobichettipalayam,11,Seetha.R,Independent,138,1,139,0.06,23,23,Tamil Nadu,Erode,General,,2026
106,Gobichettipalayam,12,Sumathi.G,Independent,330,2,332,0.15,23,23,Tamil Nadu,Erode,General,,2026
106,Gobichettipalayam,13,Selvakumar.R,Independent,289,3,292,0.13,23,23,Tamil Nadu,Erode,General,,2026
106,Gobichettipalayam,14,Dhanapal.K,Independent,346,3,349,0.16,23,23,Tamil Nadu,Erode,General,,2026
106,Gobichettipalayam,15,Palanisamyraaj.M,Independent,533,6,539,0.25,23,23,Tamil Nadu,Erode,General,,2026
106,Gobichettipalayam,16,Bhuvaneshwari.A,Independent,498,1,499,0.23,23,23,Tamil Nadu,Erode,General,,2026
106,Gobichettipalayam,17,Ramesh.P,Independent,148,1,149,0.07,23,23,Tamil Nadu,Erode,General,,2026
106,Gobichettipalayam,18,Venkatachalam,Independent,468,2,470,0.21,23,23,Tamil Nadu,Erode,General,,2026
106,Gobichettipalayam,19,Nota,None of the Above,884,23,907,0.41,23,23,Tamil Nadu,Erode,General,,2026
107,Bhavanisagar,1,P.L.Sundaram,Communist Party of India,62178,929,63107,29.41,24,24,Tamil Nadu,Erode,SC,SPA,2026
107,Bhavanisagar,2,S.Soundarya,Naam Tamilar Katchi,5766,66,5832,2.72,24,24,Tamil Nadu,Erode,SC,,2026
107,Bhavanisagar,3,A.Bannari,All India Anna Dravida Munnetra Kazhagam,67116,706,67822,31.6,24,24,Tamil Nadu,Erode,SC,NDA,2026
107,Bhavanisagar,4,B.Palaniswamy,Bahujan Samaj Party,1021,8,1029,0.48,24,24,Tamil Nadu,Erode,SC,,2026
107,Bhavanisagar,5,V.P.Tamilselvi,Tamilaga Vettri Kazhagam,71879,512,72391,33.73,24,24,Tamil Nadu,Erode,SC,,2026
107,Bhavanisagar,6,Rakki,All India Puratchi Thalaivar Makkal Munnettra Kazhagam,323,4,327,0.15,24,24,Tamil Nadu,Erode,SC,,2026
107,Bhavanisagar,7,A.Amrish,Independent,175,2,177,0.08,24,24,Tamil Nadu,Erode,SC,,2026
107,Bhavanisagar,8,Gopalan.M,Independent,192,1,193,0.09,24,24,Tamil Nadu,Erode,SC,,2026
107,Bhavanisagar,9,C.Palanichamy,Independent,476,5,481,0.22,24,24,Tamil Nadu,Erode,SC,,2026
107,Bhavanisagar,10,S.Palaniswamy,Independent,329,4,333,0.16,24,24,Tamil Nadu,Erode,SC,,2026
107,Bhavanisagar,11,Ramakrishnan,Independent,540,3,543,0.25,24,24,Tamil Nadu,Erode,SC,,2026
107,Bhavanisagar,12,Dr.Hanumaiah.C,Independent,551,5,556,0.26,24,24,Tamil Nadu,Erode,SC,,2026
107,Bhavanisagar,13,Nota,None of the Above,1787,17,1804,0.84,24,24,Tamil Nadu,Erode,SC,,2026
108,Udhagamandalam,1,Bhojarajan.M,Bharatiya Janata Party,47734,754,48488,32.61,21,21,Tamil Nadu,Nilgiris,General,NDA,2026
108,Udhagamandalam,2,Ragupathy.B,Naam Tamilar Katchi,4551,90,4641,3.12,21,21,Tamil Nadu,Nilgiris,General,,2026
108,Udhagamandalam,3,Ramachandran.B,Indian National Congress,44879,779,45658,30.7,21,21,Tamil Nadu,Nilgiris,General,SPA,2026
108,Udhagamandalam,4,Ibrahim.R,Tamilaga Vettri Kazhagam,47002,510,47512,31.95,21,21,Tamil Nadu,Nilgiris,General,,2026
108,Udhagamandalam,5,Saveetha.R,Tamizhaga Vaazhvurimai Katchi,409,9,418,0.28,21,21,Tamil Nadu,Nilgiris,General,,2026
108,Udhagamandalam,6,Manian.R,Independent,452,10,462,0.31,21,21,Tamil Nadu,Nilgiris,General,,2026
108,Udhagamandalam,7,Nota,None of the Above,1502,23,1525,1.03,21,21,Tamil Nadu,Nilgiris,General,,2026
109,Gudalur,1,Karthik.R,Naam Tamilar Katchi,6148,51,6199,4.1,18,18,Tamil Nadu,Nilgiris,SC,,2026
109,Gudalur,2,Dhravidamani.M,Dravida Munnetra Kazhagam,64926,664,65590,43.37,18,18,Tamil Nadu,Nilgiris,SC,SPA,2026
109,Gudalur,3,Pon.Jayaseelan,All India Anna Dravida Munnetra Kazhagam,42268,489,42757,28.27,18,18,Tamil Nadu,Nilgiris,SC,NDA,2026
109,Gudalur,4,Deepak Sai Kishore.A,Tamilaga Vettri Kazhagam,34756,206,34962,23.12,18,18,Tamil Nadu,Nilgiris,SC,,2026
109,Gudalur,5,Raj.S.K,Veerath Thiyagi Viswanathadoss Thozhilalarkal Katchi,417,2,419,0.28,18,18,Tamil Nadu,Nilgiris,SC,,2026
109,Gudalur,6,Thilagaraj.N,Independent,442,1,443,0.29,18,18,Tamil Nadu,Nilgiris,SC,,2026
109,Gudalur,7,Nota,None of the Above,863,8,871,0.58,18,18,Tamil Nadu,Nilgiris,SC,,2026
110,Coonoor,1,K. Deenu,Naam Tamilar Katchi,4631,64,4695,3.32,18,18,Tamil Nadu,Nilgiris,General,,2026
110,Coonoor,2,A. Ramu,All India Anna Dravida Munnetra Kazhagam,41684,687,42371,29.97,18,18,Tamil Nadu,Nilgiris,General,NDA,2026
110,Coonoor,3,M. Raju,Dravida Munnetra Kazhagam,49583,887,50470,35.69,18,18,Tamil Nadu,Nilgiris,General,SPA,2026
110,Coonoor,4,C. Thangaraju,Tamilaga Vettri Kazhagam,41844,381,42225,29.86,18,18,Tamil Nadu,Nilgiris,General,,2026
110,Coonoor,5,C. Dinesh Kumar,Independent,570,3,573,0.41,18,18,Tamil Nadu,Nilgiris,General,,2026
110,Coonoor,6,D. Vidhyasagar,Independent,338,2,340,0.24,18,18,Tamil Nadu,Nilgiris,General,,2026
110,Coonoor,7,Nota,None of the Above,699,21,720,0.51,18,18,Tamil Nadu,Nilgiris,General,,2026
111,Mettuppalayam,1,Smt.Kavitha Kalyanasundaram,Dravida Munnetra Kazhagam,67215,681,67896,27.79,27,27,Tamil Nadu,Coimbatore,General,SPA,2026
111,Mettuppalayam,2,S.Gopalakrishnan,Naam Tamilar Katchi,6450,58,6508,2.66,27,27,Tamil Nadu,Coimbatore,General,,2026
111,Mettuppalayam,3,O.K.Chinnaraj,All India Anna Dravida Munnetra Kazhagam,61151,585,61736,25.27,27,27,Tamil Nadu,Coimbatore,General,NDA,2026
111,Mettuppalayam,4,S.Abdul Rahiman,Veerath Thiyagi Viswanathadoss Thozhilalarkal Katchi,449,9,458,0.19,27,27,Tamil Nadu,Coimbatore,General,,2026
111,Mettuppalayam,5,R.Sangeetha,Naadaalum Makkal Katchi,350,6,356,0.15,27,27,Tamil Nadu,Coimbatore,General,,2026
111,Mettuppalayam,6,"Sivaraj,R.",Anna Puratchi Thalaivar Amma Dravida Munnetra Kazhagam,385,2,387,0.16,27,27,Tamil Nadu,Coimbatore,General,,2026
111,Mettuppalayam,7,Sunilanand,Tamilaga Vettri Kazhagam,75392,272,75664,30.97,27,27,Tamil Nadu,Coimbatore,General,,2026
111,Mettuppalayam,8,"Dhamotharan,V.",All India Puratchi Thalaivar Makkal Munnettra Kazhagam,296,0,296,0.12,27,27,Tamil Nadu,Coimbatore,General,,2026
111,Mettuppalayam,9,C.Nagaraj,Party for the Rights of Other backward Classes,157,4,161,0.07,27,27,Tamil Nadu,Coimbatore,General,,2026
111,Mettuppalayam,10,T.Amirthalingam,Independent,119,0,119,0.05,27,27,Tamil Nadu,Coimbatore,General,,2026
111,Mettuppalayam,11,V.Anandkumar,Independent,596,0,596,0.24,27,27,Tamil Nadu,Coimbatore,General,,2026
111,Mettuppalayam,12,S.Kavitha,Independent,261,2,263,0.11,27,27,Tamil Nadu,Coimbatore,General,,2026
111,Mettuppalayam,13,T.R.Shanmugasundaram,Independent,26535,221,26756,10.95,27,27,Tamil Nadu,Coimbatore,General,,2026
111,Mettuppalayam,14,A.Sathiyaleela,Independent,237,1,238,0.1,27,27,Tamil Nadu,Coimbatore,General,,2026
111,Mettuppalayam,15,N.Saravana Kumar,Independent,250,2,252,0.1,27,27,Tamil Nadu,Coimbatore,General,,2026
111,Mettuppalayam,16,R.Chinnaraj,Independent,585,1,586,0.24,27,27,Tamil Nadu,Coimbatore,General,,2026
111,Mettuppalayam,17,V.Senthil Kumar,Independent,610,2,612,0.25,27,27,Tamil Nadu,Coimbatore,General,,2026
111,Mettuppalayam,18,M.Palanichami,Independent,120,0,120,0.05,27,27,Tamil Nadu,Coimbatore,General,,2026
111,Mettuppalayam,19,C.Mahendran,Independent,189,1,190,0.08,27,27,Tamil Nadu,Coimbatore,General,,2026
111,Mettuppalayam,20,Manoharan,Independent,97,1,98,0.04,27,27,Tamil Nadu,Coimbatore,General,,2026
111,Mettuppalayam,21,"Rangasamy,P.",Independent,96,3,99,0.04,27,27,Tamil Nadu,Coimbatore,General,,2026
111,Mettuppalayam,22,P.Ravichandran,Independent,89,0,89,0.04,27,27,Tamil Nadu,Coimbatore,General,,2026
111,Mettuppalayam,23,Nota,None of the Above,831,8,839,0.34,27,27,Tamil Nadu,Coimbatore,General,,2026
112,Avanashi,1,Dr. Gokilamani.V,Dravida Munnetra Kazhagam,64706,824,65530,28.29,28,28,Tamil Nadu,Tiruppur,SC,SPA,2026
112,Avanashi,2,Govindan.P,Bahujan Samaj Party,576,9,585,0.25,28,28,Tamil Nadu,Tiruppur,SC,,2026
112,Avanashi,3,Dr. L. Murugan,Bharatiya Janata Party,68138,698,68836,29.72,28,28,Tamil Nadu,Tiruppur,SC,NDA,2026
112,Avanashi,4,Menaka. V,Naam Tamilar Katchi,7623,81,7704,3.33,28,28,Tamil Nadu,Tiruppur,SC,,2026
112,Avanashi,5,Arumugam.R,Ganasangam Party of India,498,3,501,0.22,28,28,Tamil Nadu,Tiruppur,SC,,2026
112,Avanashi,6,Kamali.S,Tamilaga Vettri Kazhagam,83730,479,84209,36.36,28,28,Tamil Nadu,Tiruppur,SC,,2026
112,Avanashi,7,Chinnasamy.V,Tamizhaga Vaazhvurimai Katchi,259,0,259,0.11,28,28,Tamil Nadu,Tiruppur,SC,,2026
112,Avanashi,8,Arumugam. P,Independent,187,1,188,0.08,28,28,Tamil Nadu,Tiruppur,SC,,2026
112,Avanashi,9,Anandhi.S,Independent,231,4,235,0.1,28,28,Tamil Nadu,Tiruppur,SC,,2026
112,Avanashi,10,Gokilamani. M,Independent,650,2,652,0.28,28,28,Tamil Nadu,Tiruppur,SC,,2026
112,Avanashi,11,Sathiyarasu. R,Independent,208,7,215,0.09,28,28,Tamil Nadu,Tiruppur,SC,,2026
112,Avanashi,12,Subramani.C.K,Independent,261,3,264,0.11,28,28,Tamil Nadu,Tiruppur,SC,,2026
112,Avanashi,13,Dhanabal.R,Independent,546,0,546,0.24,28,28,Tamil Nadu,Tiruppur,SC,,2026
112,Avanashi,14,Moorthi.R,Independent,311,2,313,0.14,28,28,Tamil Nadu,Tiruppur,SC,,2026
112,Avanashi,15,Nota,None of the Above,1539,24,1563,0.67,28,28,Tamil Nadu,Tiruppur,SC,,2026
113,Tiruppur (North),1,R.Abinaya,Naam Tamilar Katchi,13095,62,13157,4.99,34,34,Tamil Nadu,Tiruppur,General,,2026
113,Tiruppur (North),2,M.S.M.Anandan,All India Anna Dravida Munnetra Kazhagam,61082,327,61409,23.31,34,34,Tamil Nadu,Tiruppur,General,NDA,2026
113,Tiruppur (North),3,M.Ravi Alias M.Subramanian,Communist Party of India,53525,439,53964,20.48,34,34,Tamil Nadu,Tiruppur,General,SPA,2026
113,Tiruppur (North),4,L.James Reynold,Bahujan Samaj Party,378,2,380,0.14,34,34,Tamil Nadu,Tiruppur,General,,2026
113,Tiruppur (North),5,T.Krishnaswamy,Anna Puratchi Thalaivar Amma Dravida Munnetra Kazhagam,349,2,351,0.13,34,34,Tamil Nadu,Tiruppur,General,,2026
113,Tiruppur (North),6,V.Sathyabama,Tamilaga Vettri Kazhagam,130901,500,131401,49.88,34,34,Tamil Nadu,Tiruppur,General,,2026
113,Tiruppur (North),7,Py.Dhatchinamurthy,Tamizhaga Vaazhvurimai Katchi,213,1,214,0.08,34,34,Tamil Nadu,Tiruppur,General,,2026
113,Tiruppur (North),8,S.Anandhakumar,Independent,99,1,100,0.04,34,34,Tamil Nadu,Tiruppur,General,,2026
113,Tiruppur (North),9,K.Anand,Independent,191,2,193,0.07,34,34,Tamil Nadu,Tiruppur,General,,2026
113,Tiruppur (North),10,Ganishkar,Independent,170,2,172,0.07,34,34,Tamil Nadu,Tiruppur,General,,2026
113,Tiruppur (North),11,G.Balakrishnan,Independent,247,0,247,0.09,34,34,Tamil Nadu,Tiruppur,General,,2026
113,Tiruppur (North),12,M.Rangasamy,Independent,179,0,179,0.07,34,34,Tamil Nadu,Tiruppur,General,,2026
113,Tiruppur (North),13,P.Ravi,Independent,195,1,196,0.07,34,34,Tamil Nadu,Tiruppur,General,,2026
113,Tiruppur (North),14,R.Vishnumoorthy,Independent,198,0,198,0.08,34,34,Tamil Nadu,Tiruppur,General,,2026
113,Tiruppur (North),15,K.Venkadaswamy,Independent,216,2,218,0.08,34,34,Tamil Nadu,Tiruppur,General,,2026
113,Tiruppur (North),16,Nota,None of the Above,1065,13,1078,0.41,34,34,Tamil Nadu,Tiruppur,General,,2026
114,Tiruppur (South),1,Thangaraj. S,Bharatiya Janata Party,34399,218,34617,19.25,21,21,Tamil Nadu,Tiruppur,General,NDA,2026
114,Tiruppur (South),2,Dinesh. P.N,Naam Tamilar Katchi,6918,38,6956,3.87,21,21,Tamil Nadu,Tiruppur,General,,2026
114,Tiruppur (South),3,Dineshkumar. N,Dravida Munnetra Kazhagam,60392,500,60892,33.86,21,21,Tamil Nadu,Tiruppur,General,SPA,2026
114,Tiruppur (South),4,Rangasamy. S,Bahujan Samaj Party,231,3,234,0.13,21,21,Tamil Nadu,Tiruppur,General,,2026
114,Tiruppur (South),5,Kalimuthu. K,All India Forward Bloc,625,1,626,0.35,21,21,Tamil Nadu,Tiruppur,General,,2026
114,Tiruppur (South),6,Balamurugan. S,Tamilaga Vettri Kazhagam,73472,321,73793,41.04,21,21,Tamil Nadu,Tiruppur,General,,2026
114,Tiruppur (South),7,Malarvizhi. G,Indhu Dravida Makkal Katchi,167,3,170,0.09,21,21,Tamil Nadu,Tiruppur,General,,2026
114,Tiruppur (South),8,Mohamed Mubarak Ali,Ganasangam Party of India,60,0,60,0.03,21,21,Tamil Nadu,Tiruppur,General,,2026
114,Tiruppur (South),9,Vijayakumar. M,Anna Puratchi Thalaivar Amma Dravida Munnetra Kazhagam,78,3,81,0.05,21,21,Tamil Nadu,Tiruppur,General,,2026
114,Tiruppur (South),10,John Basha. A,Tamizhaga Vaazhvurimai Katchi,75,1,76,0.04,21,21,Tamil Nadu,Tiruppur,General,,2026
114,Tiruppur (South),11,Amuthavel. P,Independent,69,0,69,0.04,21,21,Tamil Nadu,Tiruppur,General,,2026
114,Tiruppur (South),12,Dr. Ramakrishnan. S,Independent,49,1,50,0.03,21,21,Tamil Nadu,Tiruppur,General,,2026
114,Tiruppur (South),13,Karthikadevi. K,Independent,44,1,45,0.03,21,21,Tamil Nadu,Tiruppur,General,,2026
114,Tiruppur (South),14,Kesavamurthi. N,Independent,193,1,194,0.11,21,21,Tamil Nadu,Tiruppur,General,,2026
114,Tiruppur (South),15,Dhanabal. D,Independent,131,1,132,0.07,21,21,Tamil Nadu,Tiruppur,General,,2026
114,Tiruppur (South),16,Dineshkumar,Independent,235,0,235,0.13,21,21,Tamil Nadu,Tiruppur,General,,2026
114,Tiruppur (South),17,Dineshkumar,Independent,202,1,203,0.11,21,21,Tamil Nadu,Tiruppur,General,,2026
114,Tiruppur (South),18,Dineshkumar. V,Independent,115,1,116,0.06,21,21,Tamil Nadu,Tiruppur,General,,2026
114,Tiruppur (South),19,Mahalingam. V,Independent,167,0,167,0.09,21,21,Tamil Nadu,Tiruppur,General,,2026
114,Tiruppur (South),20,Rathinavel. M,Independent,71,1,72,0.04,21,21,Tamil Nadu,Tiruppur,General,,2026
114,Tiruppur (South),21,Ramesh. S,Independent,39,2,41,0.02,21,21,Tamil Nadu,Tiruppur,General,,2026
114,Tiruppur (South),22,Vasanthamani. K,Independent,141,1,142,0.08,21,21,Tamil Nadu,Tiruppur,General,,2026
114,Tiruppur (South),23,Venkadasamy. K,Independent,60,0,60,0.03,21,21,Tamil Nadu,Tiruppur,General,,2026
114,Tiruppur (South),24,Venkatachalam. G,Independent,138,1,139,0.08,21,21,Tamil Nadu,Tiruppur,General,,2026
114,Tiruppur (South),25,Nota,None of the Above,636,8,644,0.36,21,21,Tamil Nadu,Tiruppur,General,,2026
115,Palladam,1,K.Selvaraj,Dravida Munnetra Kazhagam,77804,821,78625,26.12,35,35,Tamil Nadu,Tiruppur,General,SPA,2026
115,Palladam,2,K.V.Thamiliniyan,Naam Tamilar Katchi,13038,103,13141,4.37,35,35,Tamil Nadu,Tiruppur,General,,2026
115,Palladam,3,K.P.Paramasivam,All India Anna Dravida Munnetra Kazhagam,82761,639,83400,27.71,35,35,Tamil Nadu,Tiruppur,General,NDA,2026
115,Palladam,4,K.Rathinasamy,Bahujan Samaj Party,574,4,578,0.19,35,35,Tamil Nadu,Tiruppur,General,,2026
115,Palladam,5,K.Sakthivel,Anna Puratchi Thalaivar Amma Dravida Munnetra Kazhagam,180,4,184,0.06,35,35,Tamil Nadu,Tiruppur,General,,2026
115,Palladam,6,S.Dharmaraj,Tamilaga Makkal Nala Katchi,326,1,327,0.11,35,35,Tamil Nadu,Tiruppur,General,,2026
115,Palladam,7,K.Ramkumar,Tamilaga Vettri Kazhagam,120703,594,121297,40.3,35,35,Tamil Nadu,Tiruppur,General,,2026
115,Palladam,8,A.Annadurai,Independent,344,2,346,0.11,35,35,Tamil Nadu,Tiruppur,General,,2026
115,Palladam,9,Annadurai.R,Independent,284,1,285,0.09,35,35,Tamil Nadu,Tiruppur,General,,2026
115,Palladam,10,S.Arumugam,Independent,274,0,274,0.09,35,35,Tamil Nadu,Tiruppur,General,,2026
115,Palladam,11,A.Saravanan,Independent,79,4,83,0.03,35,35,Tamil Nadu,Tiruppur,General,,2026
115,Palladam,12,G.Selvaraj,Independent,162,1,163,0.05,35,35,Tamil Nadu,Tiruppur,General,,2026
115,Palladam,13,M. Selvaraj,Independent,123,0,123,0.04,35,35,Tamil Nadu,Tiruppur,General,,2026
115,Palladam,14,V.Mohanraj,Independent,407,0,407,0.14,35,35,Tamil Nadu,Tiruppur,General,,2026
115,Palladam,15,A. Ramesh,Independent,362,2,364,0.12,35,35,Tamil Nadu,Tiruppur,General,,2026
115,Palladam,16,Nota,None of the Above,1402,15,1417,0.47,35,35,Tamil Nadu,Tiruppur,General,,2026
116,Sulur,1,V.P.Kandasamy,All India Anna Dravida Munnetra Kazhagam,85040,701,85741,31.34,30,30,Tamil Nadu,Coimbatore,General,NDA,2026
116,Sulur,2,Thalapathy Murugesan,Dravida Munnetra Kazhagam,82794,860,83654,30.58,30,30,Tamil Nadu,Coimbatore,General,SPA,2026
116,Sulur,3,Dr.S.Rajasekaran,Naam Tamilar Katchi,10067,80,10147,3.71,30,30,Tamil Nadu,Coimbatore,General,,2026
116,Sulur,4,Kanthasamy.K.,Anna Puratchi Thalaivar Amma Dravida Munnetra Kazhagam,282,1,283,0.1,30,30,Tamil Nadu,Coimbatore,General,,2026
116,Sulur,5,Nm.Sukumar,Tamilaga Vettri Kazhagam,90237,294,90531,33.1,30,30,Tamil Nadu,Coimbatore,General,,2026
116,Sulur,6,Suman Singh.R.,Tamizhaga Vaazhvurimai Katchi,204,1,205,0.07,30,30,Tamil Nadu,Coimbatore,General,,2026
116,Sulur,7,Nagaraj.K.,Ganasangam Party of India,137,0,137,0.05,30,30,Tamil Nadu,Coimbatore,General,,2026
116,Sulur,8,Nelson.W.,Tamilaga Makkal Nala Katchi,74,1,75,0.03,30,30,Tamil Nadu,Coimbatore,General,,2026
116,Sulur,9,Palanisamy.M.,Party for the Rights of Other backward Classes,155,1,156,0.06,30,30,Tamil Nadu,Coimbatore,General,,2026
116,Sulur,10,Pappa Muthulakshmi.P.,All India Puratchi Thalaivar Makkal Munnettra Kazhagam,211,5,216,0.08,30,30,Tamil Nadu,Coimbatore,General,,2026
116,Sulur,11,Kandasamy.A.,Independent,107,2,109,0.04,30,30,Tamil Nadu,Coimbatore,General,,2026
116,Sulur,12,Kandasamy.R.,Independent,268,3,271,0.1,30,30,Tamil Nadu,Coimbatore,General,,2026
116,Sulur,13,Kandasamy.V.,Independent,89,1,90,0.03,30,30,Tamil Nadu,Coimbatore,General,,2026
116,Sulur,14,Murugesan.N.,Independent,136,3,139,0.05,30,30,Tamil Nadu,Coimbatore,General,,2026
116,Sulur,15,Murugesh.R.,Independent,436,1,437,0.16,30,30,Tamil Nadu,Coimbatore,General,,2026
116,Sulur,16,Nota,None of the Above,1345,8,1353,0.49,30,30,Tamil Nadu,Coimbatore,General,,2026
117,Kavundampalayam,1,Arunkumar Prg,All India Anna Dravida Munnetra Kazhagam,103189,1137,104326,28.66,28,28,Tamil Nadu,Coimbatore,General,NDA,2026
117,Kavundampalayam,2,Kalamani Jaganathan,Naam Tamilar Katchi,16699,135,16834,4.62,28,28,Tamil Nadu,Coimbatore,General,,2026
117,Kavundampalayam,3,Surya Prakash K.P,Indian National Congress,89683,1043,90726,24.93,28,28,Tamil Nadu,Coimbatore,General,SPA,2026
117,Kavundampalayam,4,K.Velmurugan,Bahujan Samaj Party,515,9,524,0.14,28,28,Tamil Nadu,Coimbatore,General,,2026
117,Kavundampalayam,5,Thozhar.N.Arunkumar,Tamizhaga Vaazhvurimai Katchi,419,5,424,0.12,28,28,Tamil Nadu,Coimbatore,General,,2026
117,Kavundampalayam,6,Kanimozhi Santhosh,Tamilaga Vettri Kazhagam,145888,578,146466,40.24,28,28,Tamil Nadu,Coimbatore,General,,2026
117,Kavundampalayam,7,S.Thamarai Kannan,Party for the Rights of Other backward Classes,353,3,356,0.1,28,28,Tamil Nadu,Coimbatore,General,,2026
117,Kavundampalayam,8,V.Pushpanantham,Tamizhaga Murpokku Makkal Katchi,119,0,119,0.03,28,28,Tamil Nadu,Coimbatore,General,,2026
117,Kavundampalayam,9,Malliga.M,All India Puratchi Thalaivar Makkal Munnettra Kazhagam,312,2,314,0.09,28,28,Tamil Nadu,Coimbatore,General,,2026
117,Kavundampalayam,10,Kanimozhi.K,Independent,552,15,567,0.16,28,28,Tamil Nadu,Coimbatore,General,,2026
117,Kavundampalayam,11,Suriyakumar.K,Independent,232,3,235,0.06,28,28,Tamil Nadu,Coimbatore,General,,2026
117,Kavundampalayam,12,A.Balamurugan,Independent,333,7,340,0.09,28,28,Tamil Nadu,Coimbatore,General,,2026
117,Kavundampalayam,13,M.Rajalingam,Independent,336,2,338,0.09,28,28,Tamil Nadu,Coimbatore,General,,2026
117,Kavundampalayam,14,M.John Bosco,Independent,305,1,306,0.08,28,28,Tamil Nadu,Coimbatore,General,,2026
117,Kavundampalayam,15,Nota,None of the Above,2092,24,2116,0.58,28,28,Tamil Nadu,Coimbatore,General,,2026
118,Coimbatore (North),1,P. Krishnasamy,Bahujan Samaj Party,379,4,383,0.17,25,25,Tamil Nadu,Coimbatore,General,,2026
118,Coimbatore (North),2,Durai. Senthamil Selvan B.E,Dravida Munnetra Kazhagam,69739,769,70508,31.18,25,25,Tamil Nadu,Coimbatore,General,SPA,2026
118,Coimbatore (North),3,Narmadha. G.,Naam Tamilar Katchi,8990,46,9036,4,25,25,Tamil Nadu,Coimbatore,General,,2026
118,Coimbatore (North),4,Vanathi Srinivasan,Bharatiya Janata Party,49112,610,49722,21.99,25,25,Tamil Nadu,Coimbatore,General,NDA,2026
118,Coimbatore (North),5,K. Udhayakumar,Thamizhaka Padaippalar Makkal Katchi,326,1,327,0.14,25,25,Tamil Nadu,Coimbatore,General,,2026
118,Coimbatore (North),6,V. Sampathkumar,Tamilaga Vettri Kazhagam,92136,364,92500,40.91,25,25,Tamil Nadu,Coimbatore,General,,2026
118,Coimbatore (North),7,S. Senthilkumar,Samaniya Makkal Nala Katchi,120,1,121,0.05,25,25,Tamil Nadu,Coimbatore,General,,2026
118,Coimbatore (North),8,S. Meenakshi Sundaram,Tamizhaga Murpokku Makkal Katchi,75,0,75,0.03,25,25,Tamil Nadu,Coimbatore,General,,2026
118,Coimbatore (North),9,K. Raghul Gandhi,All India Puratchi Thalaivar Makkal Munnettra Kazhagam,112,0,112,0.05,25,25,Tamil Nadu,Coimbatore,General,,2026
118,Coimbatore (North),10,Rajasekaran. B.,Tamizhaga Vaazhvurimai Katchi,93,3,96,0.04,25,25,Tamil Nadu,Coimbatore,General,,2026
118,Coimbatore (North),11,G.D. Krishnakumar,Independent,104,0,104,0.05,25,25,Tamil Nadu,Coimbatore,General,,2026
118,Coimbatore (North),12,V. Krishnan,Independent,115,3,118,0.05,25,25,Tamil Nadu,Coimbatore,General,,2026
118,Coimbatore (North),13,R. Sathish Kumar,Independent,54,0,54,0.02,25,25,Tamil Nadu,Coimbatore,General,,2026
118,Coimbatore (North),14,K. Sampath Kumar,Independent,71,0,71,0.03,25,25,Tamil Nadu,Coimbatore,General,,2026
118,Coimbatore (North),15,S. Sampathkumar,Independent,133,1,134,0.06,25,25,Tamil Nadu,Coimbatore,General,,2026
118,Coimbatore (North),16,R. Sampath Kumar,Independent,309,1,310,0.14,25,25,Tamil Nadu,Coimbatore,General,,2026
118,Coimbatore (North),17,P. Saravanan,Independent,120,1,121,0.05,25,25,Tamil Nadu,Coimbatore,General,,2026
118,Coimbatore (North),18,A.K. Senthamizh Selvan,Independent,350,1,351,0.16,25,25,Tamil Nadu,Coimbatore,General,,2026
118,Coimbatore (North),19,R. Sethuragunathan,Independent,59,1,60,0.03,25,25,Tamil Nadu,Coimbatore,General,,2026
118,Coimbatore (North),20,S. Dhana Raj,Independent,86,1,87,0.04,25,25,Tamil Nadu,Coimbatore,General,,2026
118,Coimbatore (North),21,Palanikumar. V.,Independent,152,0,152,0.07,25,25,Tamil Nadu,Coimbatore,General,,2026
118,Coimbatore (North),22,Balu. P.M.,Independent,275,1,276,0.12,25,25,Tamil Nadu,Coimbatore,General,,2026
118,Coimbatore (North),23,R. Manian,Independent,89,0,89,0.04,25,25,Tamil Nadu,Coimbatore,General,,2026
118,Coimbatore (North),24,A. Marimuthu,Independent,54,0,54,0.02,25,25,Tamil Nadu,Coimbatore,General,,2026
118,Coimbatore (North),25,A. Ramesh,Independent,26,0,26,0.01,25,25,Tamil Nadu,Coimbatore,General,,2026
118,Coimbatore (North),26,Ravi. V,Independent,95,0,95,0.04,25,25,Tamil Nadu,Coimbatore,General,,2026
118,Coimbatore (North),27,G. Rajkumar,Independent,41,1,42,0.02,25,25,Tamil Nadu,Coimbatore,General,,2026
118,Coimbatore (North),28,V. Lingaraja,Independent,65,0,65,0.03,25,25,Tamil Nadu,Coimbatore,General,,2026
118,Coimbatore (North),29,Nota,None of the Above,998,22,1020,0.45,25,25,Tamil Nadu,Coimbatore,General,,2026
119,Thondamuthur,1,N.R.Karthikeyan,Dravida Munnetra Kazhagam,75335,582,75917,29.36,28,28,Tamil Nadu,Coimbatore,General,SPA,2026
119,Thondamuthur,2,Rajabu Nisha.Z,Naam Tamilar Katchi,6931,45,6976,2.7,28,28,Tamil Nadu,Coimbatore,General,,2026
119,Thondamuthur,3,S.P.Velumani,All India Anna Dravida Munnetra Kazhagam,92372,944,93316,36.09,28,28,Tamil Nadu,Coimbatore,General,NDA,2026
119,Thondamuthur,4,Sathish Raju (Alias) K.P.R. Sathish,Tamilaga Vettri Kazhagam,78365,226,78591,30.4,28,28,Tamil Nadu,Coimbatore,General,,2026
119,Thondamuthur,5,Shajahan.S,Tamizhaga Vaazhvurimai Katchi,214,1,215,0.08,28,28,Tamil Nadu,Coimbatore,General,,2026
119,Thondamuthur,6,Arulkumar.P,Independent,99,5,104,0.04,28,28,Tamil Nadu,Coimbatore,General,,2026
119,Thondamuthur,7,Kalaivani.S,Independent,123,2,125,0.05,28,28,Tamil Nadu,Coimbatore,General,,2026
119,Thondamuthur,8,Karthikeyan.M,Independent,90,0,90,0.03,28,28,Tamil Nadu,Coimbatore,General,,2026
119,Thondamuthur,9,Karthikeyan.R,Independent,54,0,54,0.02,28,28,Tamil Nadu,Coimbatore,General,,2026
119,Thondamuthur,10,Karthikeyan.R-Thondamuthur,Independent,105,3,108,0.04,28,28,Tamil Nadu,Coimbatore,General,,2026
119,Thondamuthur,11,Karthikeyan.R-Pooluvapatti,Independent,234,7,241,0.09,28,28,Tamil Nadu,Coimbatore,General,,2026
119,Thondamuthur,12,Kowsalya.V,Independent,75,2,77,0.03,28,28,Tamil Nadu,Coimbatore,General,,2026
119,Thondamuthur,13,Sivaraman.C,Independent,185,0,185,0.07,28,28,Tamil Nadu,Coimbatore,General,,2026
119,Thondamuthur,14,Deepa.G.S,Independent,194,1,195,0.08,28,28,Tamil Nadu,Coimbatore,General,,2026
119,Thondamuthur,15,Devadass.K,Independent,98,1,99,0.04,28,28,Tamil Nadu,Coimbatore,General,,2026
119,Thondamuthur,16,Nirmalkumar.R,Independent,258,0,258,0.1,28,28,Tamil Nadu,Coimbatore,General,,2026
119,Thondamuthur,17,Balamani.V,Independent,304,0,304,0.12,28,28,Tamil Nadu,Coimbatore,General,,2026
119,Thondamuthur,18,Manokaran.K,Independent,142,0,142,0.05,28,28,Tamil Nadu,Coimbatore,General,,2026
119,Thondamuthur,19,Rafeeq.A.M.,Independent,317,0,317,0.12,28,28,Tamil Nadu,Coimbatore,General,,2026
119,Thondamuthur,20,Vijaya.K,Independent,183,0,183,0.07,28,28,Tamil Nadu,Coimbatore,General,,2026
119,Thondamuthur,21,Viswanathan.M,Independent,51,1,52,0.02,28,28,Tamil Nadu,Coimbatore,General,,2026
119,Thondamuthur,22,Nota,None of the Above,994,6,1000,0.39,28,28,Tamil Nadu,Coimbatore,General,,2026
120,Coimbatore (South),1,Amman K.Arjunan,All India Anna Dravida Munnetra Kazhagam,31236,453,31689,20.25,20,20,Tamil Nadu,Coimbatore,General,NDA,2026
120,Coimbatore (South),2,V Senthilbalaji,Dravida Munnetra Kazhagam,59167,557,59724,38.16,20,20,Tamil Nadu,Coimbatore,General,SPA,2026
120,Coimbatore (South),3,Perarivalan. V,Naam Tamilar Katchi,5017,45,5062,3.23,20,20,Tamil Nadu,Coimbatore,General,,2026
120,Coimbatore (South),4,Gokula Krishnan.S,Tamizhaga Vaazhvurimai Katchi,155,3,158,0.1,20,20,Tamil Nadu,Coimbatore,General,,2026
120,Coimbatore (South),5,V. Senthilkumar,Tamilaga Vettri Kazhagam,57176,277,57453,36.71,20,20,Tamil Nadu,Coimbatore,General,,2026
120,Coimbatore (South),6,B. Dhandapani,New Generation People's Party,152,5,157,0.1,20,20,Tamil Nadu,Coimbatore,General,,2026
120,Coimbatore (South),7,G. Maheshwaran,Tamizhaga Murpokku Makkal Katchi,35,1,36,0.02,20,20,Tamil Nadu,Coimbatore,General,,2026
120,Coimbatore (South),8,N. Abilazan,Independent,31,0,31,0.02,20,20,Tamil Nadu,Coimbatore,General,,2026
120,Coimbatore (South),9,Imthiyas,Independent,63,2,65,0.04,20,20,Tamil Nadu,Coimbatore,General,,2026
120,Coimbatore (South),10,P. Kathiravan,Independent,22,1,23,0.01,20,20,Tamil Nadu,Coimbatore,General,,2026
120,Coimbatore (South),11,Gopalakrishnan,Independent,24,0,24,0.02,20,20,Tamil Nadu,Coimbatore,General,,2026
120,Coimbatore (South),12,P. Sangararaj,Independent,35,1,36,0.02,20,20,Tamil Nadu,Coimbatore,General,,2026
120,Coimbatore (South),13,J. Suriyakumar,Independent,37,0,37,0.02,20,20,Tamil Nadu,Coimbatore,General,,2026
120,Coimbatore (South),14,M. Senthilkumar,Independent,154,4,158,0.1,20,20,Tamil Nadu,Coimbatore,General,,2026
120,Coimbatore (South),15,V. Senthilkumar,Independent,91,1,92,0.06,20,20,Tamil Nadu,Coimbatore,General,,2026
120,Coimbatore (South),16,K. Dinesh Kumar,Independent,115,2,117,0.07,20,20,Tamil Nadu,Coimbatore,General,,2026
120,Coimbatore (South),17,P. Palanivel,Independent,153,1,154,0.1,20,20,Tamil Nadu,Coimbatore,General,,2026
120,Coimbatore (South),18,J. Praveenkumar,Independent,170,0,170,0.11,20,20,Tamil Nadu,Coimbatore,General,,2026
120,Coimbatore (South),19,T. Magizhan,Independent,40,0,40,0.03,20,20,Tamil Nadu,Coimbatore,General,,2026
120,Coimbatore (South),20,P. Manoj,Independent,27,1,28,0.02,20,20,Tamil Nadu,Coimbatore,General,,2026
120,Coimbatore (South),21,B. Yuvaraj,Independent,105,0,105,0.07,20,20,Tamil Nadu,Coimbatore,General,,2026
120,Coimbatore (South),22,S. Rangaraj,Independent,66,1,67,0.04,20,20,Tamil Nadu,Coimbatore,General,,2026
120,Coimbatore (South),23,M. Ravichandran,Independent,21,0,21,0.01,20,20,Tamil Nadu,Coimbatore,General,,2026
120,Coimbatore (South),24,K.S. Rajagopal,Independent,26,1,27,0.02,20,20,Tamil Nadu,Coimbatore,General,,2026
120,Coimbatore (South),25,K. Rajapandian,Independent,40,0,40,0.03,20,20,Tamil Nadu,Coimbatore,General,,2026
120,Coimbatore (South),26,D. Vigneshwaran,Independent,32,0,32,0.02,20,20,Tamil Nadu,Coimbatore,General,,2026
120,Coimbatore (South),27,K. Vijayan,Independent,32,0,32,0.02,20,20,Tamil Nadu,Coimbatore,General,,2026
120,Coimbatore (South),28,Venkatachalam Paramasivam,Independent,42,1,43,0.03,20,20,Tamil Nadu,Coimbatore,General,,2026
120,Coimbatore (South),29,V. Velmurugan,Independent,46,2,48,0.03,20,20,Tamil Nadu,Coimbatore,General,,2026
120,Coimbatore (South),30,M. John Bosco,Independent,32,1,33,0.02,20,20,Tamil Nadu,Coimbatore,General,,2026
120,Coimbatore (South),31,L. Hakkim,Independent,38,0,38,0.02,20,20,Tamil Nadu,Coimbatore,General,,2026
120,Coimbatore (South),32,Nota,None of the Above,747,12,759,0.48,20,20,Tamil Nadu,Coimbatore,General,,2026
121,Singanallur,1,Sivaji Perumal,Bahujan Samaj Party,423,5,428,0.19,27,27,Tamil Nadu,Coimbatore,General,,2026
121,Singanallur,2,Nehruji Gunasekaran,Naam Tamilar Katchi,9119,84,9203,4.16,27,27,Tamil Nadu,Coimbatore,General,,2026
121,Singanallur,3,K.R.Jayaram,All India Anna Dravida Munnetra Kazhagam,57073,710,57783,26.14,27,27,Tamil Nadu,Coimbatore,General,NDA,2026
121,Singanallur,4,V.Srinidhi,Indian National Congress,64162,862,65024,29.42,27,27,Tamil Nadu,Coimbatore,General,SPA,2026
121,Singanallur,5,N.R.Appathurai,All India Puratchi Thalaivar Makkal Munnettra Kazhagam,315,3,318,0.14,27,27,Tamil Nadu,Coimbatore,General,,2026
121,Singanallur,6,Sarveswaran,Party for the Rights of Other backward Classes,150,1,151,0.07,27,27,Tamil Nadu,Coimbatore,General,,2026
121,Singanallur,7,S.S.Sundharam,Rashtriya Samaj Dal (R),200,1,201,0.09,27,27,Tamil Nadu,Coimbatore,General,,2026
121,Singanallur,8,Murugan.O,Ganasangam Party of India,228,0,228,0.1,27,27,Tamil Nadu,Coimbatore,General,,2026
121,Singanallur,9,K.S.Sri Giri Prasath,Tamilaga Vettri Kazhagam,83725,438,84163,38.08,27,27,Tamil Nadu,Coimbatore,General,,2026
121,Singanallur,10,Akbar Ali,Independent,250,5,255,0.12,27,27,Tamil Nadu,Coimbatore,General,,2026
121,Singanallur,11,M.Ashok Kumar,Independent,82,0,82,0.04,27,27,Tamil Nadu,Coimbatore,General,,2026
121,Singanallur,12,Ayoob Riyas,Independent,49,1,50,0.02,27,27,Tamil Nadu,Coimbatore,General,,2026
121,Singanallur,13,N.Rajasekaran,Independent,129,1,130,0.06,27,27,Tamil Nadu,Coimbatore,General,,2026
121,Singanallur,14,Uma Paramasivam,Independent,114,1,115,0.05,27,27,Tamil Nadu,Coimbatore,General,,2026
121,Singanallur,15,Karthik,Independent,54,0,54,0.02,27,27,Tamil Nadu,Coimbatore,General,,2026
121,Singanallur,16,K.Kumar Babu,Independent,127,0,127,0.06,27,27,Tamil Nadu,Coimbatore,General,,2026
121,Singanallur,17,S.Satheesh,Independent,160,0,160,0.07,27,27,Tamil Nadu,Coimbatore,General,,2026
121,Singanallur,18,Subaramanian.N,Independent,101,1,102,0.05,27,27,Tamil Nadu,Coimbatore,General,,2026
121,Singanallur,19,P.Tamilselvi,Independent,171,3,174,0.08,27,27,Tamil Nadu,Coimbatore,General,,2026
121,Singanallur,20,Thahir Hussain,Independent,278,0,278,0.13,27,27,Tamil Nadu,Coimbatore,General,,2026
121,Singanallur,21,V.Balamurugan,Independent,91,0,91,0.04,27,27,Tamil Nadu,Coimbatore,General,,2026
121,Singanallur,22,R.Manikandabrabhu,Independent,51,2,53,0.02,27,27,Tamil Nadu,Coimbatore,General,,2026
121,Singanallur,23,A.Mounakumar,Independent,48,0,48,0.02,27,27,Tamil Nadu,Coimbatore,General,,2026
121,Singanallur,24,Dr.K.Rajkumar,Independent,65,0,65,0.03,27,27,Tamil Nadu,Coimbatore,General,,2026
121,Singanallur,25,Rajkumar.M,Independent,108,3,111,0.05,27,27,Tamil Nadu,Coimbatore,General,,2026
121,Singanallur,26,Vasanthi,Independent,59,0,59,0.03,27,27,Tamil Nadu,Coimbatore,General,,2026
121,Singanallur,27,Vijayakumar,Independent,63,3,66,0.03,27,27,Tamil Nadu,Coimbatore,General,,2026
121,Singanallur,28,Janani.D,Independent,166,2,168,0.08,27,27,Tamil Nadu,Coimbatore,General,,2026
121,Singanallur,29,Nota,None of the Above,1320,26,1346,0.61,27,27,Tamil Nadu,Coimbatore,General,,2026
122,Kinathukadavu,1,Sabari Karthikeyan K.V.K.S,Dravida Munnetra Kazhagam,87547,693,88240,32.94,31,31,Tamil Nadu,Coimbatore,General,SPA,2026
122,Kinathukadavu,2,Damodaran S,All India Anna Dravida Munnetra Kazhagam,67333,456,67789,25.3,31,31,Tamil Nadu,Coimbatore,General,NDA,2026
122,Kinathukadavu,3,Banupriya M,Naam Tamilar Katchi,9614,53,9667,3.61,31,31,Tamil Nadu,Coimbatore,General,,2026
122,Kinathukadavu,4,Mariyappan R,Ganasangam Party of India,548,6,554,0.21,31,31,Tamil Nadu,Coimbatore,General,,2026
122,Kinathukadavu,5,Vignesh K,Tamilaga Vettri Kazhagam,99661,289,99950,37.31,31,31,Tamil Nadu,Coimbatore,General,,2026
122,Kinathukadavu,6,Nota,None of the Above,1703,14,1717,0.64,31,31,Tamil Nadu,Coimbatore,General,,2026
123,Pollachi,1,C.M. Aruchamy,Bahujan Samaj Party,327,2,329,0.18,22,22,Tamil Nadu,Coimbatore,General,,2026
123,Pollachi,2,N. Senthil Kumar,Naam Tamilar Katchi,4826,40,4866,2.69,22,22,Tamil Nadu,Coimbatore,General,,2026
123,Pollachi,3,K. Nithyanandhan,Dravida Munnetra Kazhagam,61347,666,62013,34.22,22,22,Tamil Nadu,Coimbatore,General,SPA,2026
123,Pollachi,4,Pollachi V. Jayaraman,All India Anna Dravida Munnetra Kazhagam,56842,544,57386,31.67,22,22,Tamil Nadu,Coimbatore,General,NDA,2026
123,Pollachi,5,G. Ramanathan,Tamilaga Vettri Kazhagam,53605,214,53819,29.7,22,22,Tamil Nadu,Coimbatore,General,,2026
123,Pollachi,6,V. Karthikeyan,Independent,190,2,192,0.11,22,22,Tamil Nadu,Coimbatore,General,,2026
123,Pollachi,7,P. Nagaraj,Independent,85,2,87,0.05,22,22,Tamil Nadu,Coimbatore,General,,2026
123,Pollachi,8,T. Nithyanantham,Independent,122,4,126,0.07,22,22,Tamil Nadu,Coimbatore,General,,2026
123,Pollachi,9,K. Nithyanandan,Independent,113,1,114,0.06,22,22,Tamil Nadu,Coimbatore,General,,2026
123,Pollachi,10,M. Jayaprathap,Independent,225,2,227,0.13,22,22,Tamil Nadu,Coimbatore,General,,2026
123,Pollachi,11,S. Jeyaram,Independent,322,1,323,0.18,22,22,Tamil Nadu,Coimbatore,General,,2026
123,Pollachi,12,M. Jayaram,Independent,593,3,596,0.33,22,22,Tamil Nadu,Coimbatore,General,,2026
123,Pollachi,13,M. Jayaraman,Independent,264,5,269,0.15,22,22,Tamil Nadu,Coimbatore,General,,2026
123,Pollachi,14,Nota,None of the Above,841,8,849,0.47,22,22,Tamil Nadu,Coimbatore,General,,2026
124,Valparai,1,Umadevi. P,Naam Tamilar Katchi,5203,53,5256,3.49,19,19,Tamil Nadu,Coimbatore,SC,,2026
124,Valparai,2,Kutty (Alias) Sudhakar. A,Dravida Munnetra Kazhagam,54096,575,54671,36.34,19,19,Tamil Nadu,Coimbatore,SC,SPA,2026
124,Valparai,3,Lekshmana Singh. D,All India Anna Dravida Munnetra Kazhagam,43393,335,43728,29.07,19,19,Tamil Nadu,Coimbatore,SC,NDA,2026
124,Valparai,4,Dr. Sridharan. A,Tamilaga Vettri Kazhagam,45099,201,45300,30.11,19,19,Tamil Nadu,Coimbatore,SC,,2026
124,Valparai,5,Perumal. K,Independent,479,0,479,0.32,19,19,Tamil Nadu,Coimbatore,SC,,2026
124,Valparai,6,Lakshmi. N,Independent,319,3,322,0.21,19,19,Tamil Nadu,Coimbatore,SC,,2026
124,Valparai,7,Nota,None of the Above,671,4,675,0.45,19,19,Tamil Nadu,Coimbatore,SC,,2026
125,Udumalaipettai,1,Radhakrishnan K.,All India Anna Dravida Munnetra Kazhagam,65156,511,65667,32.26,22,22,Tamil Nadu,Tiruppur,General,NDA,2026
125,Udumalaipettai,2,Ram Kumar M.,Naam Tamilar Katchi,6629,73,6702,3.29,22,22,Tamil Nadu,Tiruppur,General,,2026
125,Udumalaipettai,3,Jayakumar M.,Dravida Munnetra Kazhagam,67727,822,68549,33.67,22,22,Tamil Nadu,Tiruppur,General,SPA,2026
125,Udumalaipettai,4,Sankar K.,Tamilaga Vettri Kazhagam,59506,325,59831,29.39,22,22,Tamil Nadu,Tiruppur,General,,2026
125,Udumalaipettai,5,Umar Ali D.,Independent,314,1,315,0.15,22,22,Tamil Nadu,Tiruppur,General,,2026
125,Udumalaipettai,6,Elsy C.,Independent,82,2,84,0.04,22,22,Tamil Nadu,Tiruppur,General,,2026
125,Udumalaipettai,7,Ganesh S.,Independent,120,4,124,0.06,22,22,Tamil Nadu,Tiruppur,General,,2026
125,Udumalaipettai,8,Kalimuthu S.,Independent,135,0,135,0.07,22,22,Tamil Nadu,Tiruppur,General,,2026
125,Udumalaipettai,9,Padmendraprakash A.,Independent,462,8,470,0.23,22,22,Tamil Nadu,Tiruppur,General,,2026
125,Udumalaipettai,10,Mahendran A.,Independent,322,0,322,0.16,22,22,Tamil Nadu,Tiruppur,General,,2026
125,Udumalaipettai,11,Ramasamy S.,Independent,223,4,227,0.11,22,22,Tamil Nadu,Tiruppur,General,,2026
125,Udumalaipettai,12,Nota,None of the Above,1128,21,1149,0.56,22,22,Tamil Nadu,Tiruppur,General,,2026
126,Madathukulam,1,M Radhamani,Naam Tamilar Katchi,6497,81,6578,3.49,22,22,Tamil Nadu,Tiruppur,General,,2026
126,Madathukulam,2,R Jayaramakrishnan,Dravida Munnetra Kazhagam,69595,863,70458,37.43,22,22,Tamil Nadu,Tiruppur,General,SPA,2026
126,Madathukulam,3,C Shanmugavelu,Amma Makkal Munnettra Kazagam,53982,508,54490,28.95,22,22,Tamil Nadu,Tiruppur,General,,2026
126,Madathukulam,4,Ak Senthilkumar,Puthiya Tamilagam,615,6,621,0.33,22,22,Tamil Nadu,Tiruppur,General,,2026
126,Madathukulam,5,R Thirumalai,Tamilaga Vettri Kazhagam,52419,265,52684,27.99,22,22,Tamil Nadu,Tiruppur,General,,2026
126,Madathukulam,6,M Ahamed Ali,Independent,206,0,206,0.11,22,22,Tamil Nadu,Tiruppur,General,,2026
126,Madathukulam,7,A Shanmugavel,Independent,119,1,120,0.06,22,22,Tamil Nadu,Tiruppur,General,,2026
126,Madathukulam,8,K Shanmugavel,Independent,92,0,92,0.05,22,22,Tamil Nadu,Tiruppur,General,,2026
126,Madathukulam,9,S Shanmugavel,Independent,297,4,301,0.16,22,22,Tamil Nadu,Tiruppur,General,,2026
126,Madathukulam,10,M Shanugavel,Independent,395,2,397,0.21,22,22,Tamil Nadu,Tiruppur,General,,2026
126,Madathukulam,11,P Thangaraj,Independent,263,0,263,0.14,22,22,Tamil Nadu,Tiruppur,General,,2026
126,Madathukulam,12,Sp Mahendran,Independent,464,0,464,0.25,22,22,Tamil Nadu,Tiruppur,General,,2026
126,Madathukulam,13,K Vadivazhagan Balaji,Independent,662,2,664,0.35,22,22,Tamil Nadu,Tiruppur,General,,2026
126,Madathukulam,14,Nota,None of the Above,897,14,911,0.48,22,22,Tamil Nadu,Tiruppur,General,,2026
127,Palani,1,Nachimuthu. S,Bahujan Samaj Party,580,5,585,0.28,27,27,Tamil Nadu,Dindigul,General,,2026
127,Palani,2,Pandi. N,Communist Party of India (Marxist),64942,592,65534,31.41,27,27,Tamil Nadu,Dindigul,General,SPA,2026
127,Palani,3,Murugeswari. B,Naam Tamilar Katchi,6195,105,6300,3.02,27,27,Tamil Nadu,Dindigul,General,,2026
127,Palani,4,Ravimanoharan. K,All India Anna Dravida Munnetra Kazhagam,66426,560,66986,32.11,27,27,Tamil Nadu,Dindigul,General,NDA,2026
127,Palani,5,Dr. Praveen Kumar. M,Tamilaga Vettri Kazhagam,65742,551,66293,31.78,27,27,Tamil Nadu,Dindigul,General,,2026
127,Palani,6,Ramamoorthi. G,Rashtriya Samaj Dal (R),271,2,273,0.13,27,27,Tamil Nadu,Dindigul,General,,2026
127,Palani,7,Vaykkaldurai. K,Puthiya Tamilagam,148,3,151,0.07,27,27,Tamil Nadu,Dindigul,General,,2026
127,Palani,8,Ashokkumar. G,Independent,253,1,254,0.12,27,27,Tamil Nadu,Dindigul,General,,2026
127,Palani,9,Anbarasu. R,Independent,70,0,70,0.03,27,27,Tamil Nadu,Dindigul,General,,2026
127,Palani,10,Thannasiappan. P,Independent,135,1,136,0.07,27,27,Tamil Nadu,Dindigul,General,,2026
127,Palani,11,Thirumalaisamy. B,Independent,90,2,92,0.04,27,27,Tamil Nadu,Dindigul,General,,2026
127,Palani,12,Balachandran. M,Independent,214,0,214,0.1,27,27,Tamil Nadu,Dindigul,General,,2026
127,Palani,13,Praveenkumar. R,Independent,283,0,283,0.14,27,27,Tamil Nadu,Dindigul,General,,2026
127,Palani,14,Madheswari. R,Independent,178,0,178,0.09,27,27,Tamil Nadu,Dindigul,General,,2026
127,Palani,15,Jayakumar. T,Independent,519,1,520,0.25,27,27,Tamil Nadu,Dindigul,General,,2026
127,Palani,16,Nota,None of the Above,738,12,750,0.36,27,27,Tamil Nadu,Dindigul,General,,2026
128,Oddanchatram,1,Sakkarapani. R,Dravida Munnetra Kazhagam,92068,1031,93099,46.17,26,26,Tamil Nadu,Dindigul,General,SPA,2026
128,Oddanchatram,2,Murugaraj. P,Bahujan Samaj Party,508,8,516,0.26,26,26,Tamil Nadu,Dindigul,General,,2026
128,Oddanchatram,3,Ragupathi. P,Naam Tamilar Katchi,5382,72,5454,2.71,26,26,Tamil Nadu,Dindigul,General,,2026
128,Oddanchatram,4,Vidiyal S. Sekar,Bharatiya Janata Party,49494,356,49850,24.72,26,26,Tamil Nadu,Dindigul,General,NDA,2026
128,Oddanchatram,5,Mohan. S,Tamilaga Vettri Kazhagam,48906,249,49155,24.38,26,26,Tamil Nadu,Dindigul,General,,2026
128,Oddanchatram,6,Alagiyannan. A,Independent,298,3,301,0.15,26,26,Tamil Nadu,Dindigul,General,,2026
128,Oddanchatram,7,Arumugam. M,Independent,89,0,89,0.04,26,26,Tamil Nadu,Dindigul,General,,2026
128,Oddanchatram,8,Ananthraj. T,Independent,99,0,99,0.05,26,26,Tamil Nadu,Dindigul,General,,2026
128,Oddanchatram,9,Kumarrathinam. M,Independent,174,1,175,0.09,26,26,Tamil Nadu,Dindigul,General,,2026
128,Oddanchatram,10,Chellamuthu. K,Independent,101,0,101,0.05,26,26,Tamil Nadu,Dindigul,General,,2026
128,Oddanchatram,11,Nagul Prakash. A,Independent,240,0,240,0.12,26,26,Tamil Nadu,Dindigul,General,,2026
128,Oddanchatram,12,Prabaharan. M,Independent,646,0,646,0.32,26,26,Tamil Nadu,Dindigul,General,,2026
128,Oddanchatram,13,Manikannan. A,Independent,191,1,192,0.1,26,26,Tamil Nadu,Dindigul,General,,2026
128,Oddanchatram,14,Raghunath. K,Independent,216,0,216,0.11,26,26,Tamil Nadu,Dindigul,General,,2026
128,Oddanchatram,15,Nota,None of the Above,1478,13,1491,0.74,26,26,Tamil Nadu,Dindigul,General,,2026
129,Athoor,1,S. Karthigaiselvan,Bahujan Samaj Party,525,6,531,0.22,26,26,Tamil Nadu,Dindigul,General,,2026
129,Athoor,2,Dr. A. Simon Justin,Naam Tamilar Katchi,9759,187,9946,4.19,26,26,Tamil Nadu,Dindigul,General,,2026
129,Athoor,3,I. Periasamy,Dravida Munnetra Kazhagam,104467,1773,106240,44.79,26,26,Tamil Nadu,Dindigul,General,SPA,2026
129,Athoor,4,A. Viswanathan,All India Anna Dravida Munnetra Kazhagam,32172,305,32477,13.69,26,26,Tamil Nadu,Dindigul,General,NDA,2026
129,Athoor,5,N. Kalaiselvi,Tamilaga Vettri Kazhagam,83113,759,83872,35.36,26,26,Tamil Nadu,Dindigul,General,,2026
129,Athoor,6,D. Sankar,Naadaalum Makkal Katchi,719,1,720,0.3,26,26,Tamil Nadu,Dindigul,General,,2026
129,Athoor,7,M.K. Nagendran,Aanaithinthiya Jananayaka Pathukappu Kazhagam,575,1,576,0.24,26,26,Tamil Nadu,Dindigul,General,,2026
129,Athoor,8,S. Bala Murugan,Tamizhaga Vaazhvurimai Katchi,177,6,183,0.08,26,26,Tamil Nadu,Dindigul,General,,2026
129,Athoor,9,K. Jayaprakash,Puthiya Tamilagam,226,4,230,0.1,26,26,Tamil Nadu,Dindigul,General,,2026
129,Athoor,10,K. Kathiresan,Independent,200,0,200,0.08,26,26,Tamil Nadu,Dindigul,General,,2026
129,Athoor,11,D. Nagaraj,Independent,154,1,155,0.07,26,26,Tamil Nadu,Dindigul,General,,2026
129,Athoor,12,M. Periyasamy,Independent,225,11,236,0.1,26,26,Tamil Nadu,Dindigul,General,,2026
129,Athoor,13,P. Manivel,Independent,353,0,353,0.15,26,26,Tamil Nadu,Dindigul,General,,2026
129,Athoor,14,K. Visvanathan,Independent,538,0,538,0.23,26,26,Tamil Nadu,Dindigul,General,,2026
129,Athoor,15,K. Velmurugan,Independent,114,0,114,0.05,26,26,Tamil Nadu,Dindigul,General,,2026
129,Athoor,16,Nota,None of the Above,797,15,812,0.34,26,26,Tamil Nadu,Dindigul,General,,2026
130,Nilakkottai,1,Dr.Kailai Rajan.D,Naam Tamilar Katchi,8486,129,8615,4.36,25,25,Tamil Nadu,Dindigul,SC,,2026
130,Nilakkottai,2,Thenmozhi.S,All India Anna Dravida Munnetra Kazhagam,49510,414,49924,25.27,25,25,Tamil Nadu,Dindigul,SC,NDA,2026
130,Nilakkottai,3,Nagajothi.S,Dravida Munnetra Kazhagam,64944,711,65655,33.23,25,25,Tamil Nadu,Dindigul,SC,SPA,2026
130,Nilakkottai,4,Rajalakshmi.M,Bahujan Samaj Party,501,4,505,0.26,25,25,Tamil Nadu,Dindigul,SC,,2026
130,Nilakkottai,5,Ayyanar.R,Tamilaga Vettri Kazhagam,67953,627,68580,34.71,25,25,Tamil Nadu,Dindigul,SC,,2026
130,Nilakkottai,6,Anbalagan.G,All India Puratchi Thalaivar Makkal Munnettra Kazhagam,390,9,399,0.2,25,25,Tamil Nadu,Dindigul,SC,,2026
130,Nilakkottai,7,Sankar.P,Puthiya Tamilagam,427,14,441,0.22,25,25,Tamil Nadu,Dindigul,SC,,2026
130,Nilakkottai,8,Selvam.P B.A. B.L.,Republican Party of India (A),738,25,763,0.39,25,25,Tamil Nadu,Dindigul,SC,,2026
130,Nilakkottai,9,Alappan.A,Independent,330,1,331,0.17,25,25,Tamil Nadu,Dindigul,SC,,2026
130,Nilakkottai,10,Karuppaiah.S,Independent,59,0,59,0.03,25,25,Tamil Nadu,Dindigul,SC,,2026
130,Nilakkottai,11,Chellam.K,Independent,160,2,162,0.08,25,25,Tamil Nadu,Dindigul,SC,,2026
130,Nilakkottai,12,Perumal.N,Independent,237,1,238,0.12,25,25,Tamil Nadu,Dindigul,SC,,2026
130,Nilakkottai,13,Manikandan.P,Independent,515,0,515,0.26,25,25,Tamil Nadu,Dindigul,SC,,2026
130,Nilakkottai,14,Manoharan.M,Independent,349,0,349,0.18,25,25,Tamil Nadu,Dindigul,SC,,2026
130,Nilakkottai,15,Vijayapandiyan.M,Independent,413,2,415,0.21,25,25,Tamil Nadu,Dindigul,SC,,2026
130,Nilakkottai,16,Nota,None of the Above,624,18,642,0.32,25,25,Tamil Nadu,Dindigul,SC,,2026
131,Natham,1,Alagammal A,Naam Tamilar Katchi,9570,107,9677,4.05,27,27,Tamil Nadu,Dindigul,General,,2026
131,Natham,2,Selvakumar K,Dravida Munnetra Kazhagam,73336,503,73839,30.88,27,27,Tamil Nadu,Dindigul,General,SPA,2026
131,Natham,3,Natham Viswanathan R,All India Anna Dravida Munnetra Kazhagam,85215,493,85708,35.84,27,27,Tamil Nadu,Dindigul,General,NDA,2026
131,Natham,4,Alex S,Tamizhaga Vaazhvurimai Katchi,715,0,715,0.3,27,27,Tamil Nadu,Dindigul,General,,2026
131,Natham,5,Ramesh L N,Tamilaga Vettri Kazhagam,64603,394,64997,27.18,27,27,Tamil Nadu,Dindigul,General,,2026
131,Natham,6,Rajasekaran P,Aanaithinthiya Jananayaka Pathukappu Kazhagam,246,1,247,0.1,27,27,Tamil Nadu,Dindigul,General,,2026
131,Natham,7,Vijayakumar S,Puthiya Tamilagam,103,0,103,0.04,27,27,Tamil Nadu,Dindigul,General,,2026
131,Natham,8,Gopal R,Independent,307,0,307,0.13,27,27,Tamil Nadu,Dindigul,General,,2026
131,Natham,9,Satham Usain M,Independent,154,1,155,0.06,27,27,Tamil Nadu,Dindigul,General,,2026
131,Natham,10,Sundar C,Independent,53,0,53,0.02,27,27,Tamil Nadu,Dindigul,General,,2026
131,Natham,11,Dhandabani K,Independent,79,2,81,0.03,27,27,Tamil Nadu,Dindigul,General,,2026
131,Natham,12,Tamilselvan C,Independent,108,3,111,0.05,27,27,Tamil Nadu,Dindigul,General,,2026
131,Natham,13,Manikandan V,Independent,137,1,138,0.06,27,27,Tamil Nadu,Dindigul,General,,2026
131,Natham,14,Maria Arockiam S,Independent,245,0,245,0.1,27,27,Tamil Nadu,Dindigul,General,,2026
131,Natham,15,Murugan K,Independent,273,0,273,0.11,27,27,Tamil Nadu,Dindigul,General,,2026
131,Natham,16,Murugesan C,Independent,289,0,289,0.12,27,27,Tamil Nadu,Dindigul,General,,2026
131,Natham,17,Rama Janarthanan S,Independent,233,0,233,0.1,27,27,Tamil Nadu,Dindigul,General,,2026
131,Natham,18,Vadivel K,Independent,584,0,584,0.24,27,27,Tamil Nadu,Dindigul,General,,2026
131,Natham,19,Vijayakumar S,Independent,465,0,465,0.19,27,27,Tamil Nadu,Dindigul,General,,2026
131,Natham,20,Venkatesan G,Independent,148,1,149,0.06,27,27,Tamil Nadu,Dindigul,General,,2026
131,Natham,21,Venkatesh P,Independent,175,0,175,0.07,27,27,Tamil Nadu,Dindigul,General,,2026
131,Natham,22,Nota,None of the Above,585,11,596,0.25,27,27,Tamil Nadu,Dindigul,General,,2026
132,Dindigul,1,Sreenivasan. C,All India Anna Dravida Munnetra Kazhagam,53228,758,53986,25.46,26,26,Tamil Nadu,Dindigul,General,NDA,2026
132,Dindigul,2,Senthilkumar. I.P,Dravida Munnetra Kazhagam,73160,1329,74489,35.13,26,26,Tamil Nadu,Dindigul,General,SPA,2026
132,Dindigul,3,Mutharasi. S,Naam Tamilar Katchi,7142,157,7299,3.44,26,26,Tamil Nadu,Dindigul,General,,2026
132,Dindigul,4,Gopi Krishnan Pillai. S,Rashtriya Samaj Dal (R),95,1,96,0.05,26,26,Tamil Nadu,Dindigul,General,,2026
132,Dindigul,5,Sheik Bareeth.B,Tamizhaga Vaazhvurimai Katchi,246,3,249,0.12,26,26,Tamil Nadu,Dindigul,General,,2026
132,Dindigul,6,Nazeer Raja. G,Tamilaga Vettri Kazhagam,72510,848,73358,34.6,26,26,Tamil Nadu,Dindigul,General,,2026
132,Dindigul,7,Pradeep. M,Puthiya Tamilagam,193,10,203,0.1,26,26,Tamil Nadu,Dindigul,General,,2026
132,Dindigul,8,Ramuthevar. P,All India Puratchi Thalaivar Makkal Munnettra Kazhagam,179,5,184,0.09,26,26,Tamil Nadu,Dindigul,General,,2026
132,Dindigul,9,Anis Babu. M,Independent,75,0,75,0.04,26,26,Tamil Nadu,Dindigul,General,,2026
132,Dindigul,10,Arockia Dass. J,Independent,54,2,56,0.03,26,26,Tamil Nadu,Dindigul,General,,2026
132,Dindigul,11,Umar Ali. R,Independent,100,3,103,0.05,26,26,Tamil Nadu,Dindigul,General,,2026
132,Dindigul,12,Ganesh Perumal. D,Independent,44,1,45,0.02,26,26,Tamil Nadu,Dindigul,General,,2026
132,Dindigul,13,Karmegam. R,Independent,54,0,54,0.03,26,26,Tamil Nadu,Dindigul,General,,2026
132,Dindigul,14,Saranya. M,Independent,87,1,88,0.04,26,26,Tamil Nadu,Dindigul,General,,2026
132,Dindigul,15,Seenivasan. P,Independent,175,1,176,0.08,26,26,Tamil Nadu,Dindigul,General,,2026
132,Dindigul,16,Selvadhayanithi. M,Independent,252,0,252,0.12,26,26,Tamil Nadu,Dindigul,General,,2026
132,Dindigul,17,Nagaraj. N,Independent,211,0,211,0.1,26,26,Tamil Nadu,Dindigul,General,,2026
132,Dindigul,18,Babu. S,Independent,197,0,197,0.09,26,26,Tamil Nadu,Dindigul,General,,2026
132,Dindigul,19,Muniyappan. M,Independent,32,0,32,0.02,26,26,Tamil Nadu,Dindigul,General,,2026
132,Dindigul,20,Rajendran. G,Independent,37,1,38,0.02,26,26,Tamil Nadu,Dindigul,General,,2026
132,Dindigul,21,Nota,None of the Above,804,29,833,0.39,26,26,Tamil Nadu,Dindigul,General,,2026
133,Vedasandur,1,Khaja Hussain Ahamed. A,Naam Tamilar Katchi,7000,95,7095,3.13,27,27,Tamil Nadu,Dindigul,General,,2026
133,Vedasandur,2,Saminathan. T,Dravida Munnetra Kazhagam,84196,752,84948,37.5,27,27,Tamil Nadu,Dindigul,General,SPA,2026
133,Vedasandur,3,Paramasivam. V.P.B.,All India Anna Dravida Munnetra Kazhagam,74188,697,74885,33.05,27,27,Tamil Nadu,Dindigul,General,NDA,2026
133,Vedasandur,4,Dr.Nakajothi. N,Tamilaga Vettri Kazhagam,56444,360,56804,25.07,27,27,Tamil Nadu,Dindigul,General,,2026
133,Vedasandur,5,Boomiraj. K,Samaniya Makkal Nala Katchi,183,1,184,0.08,27,27,Tamil Nadu,Dindigul,General,,2026
133,Vedasandur,6,Ramesh. T,Tamizhaga Vaazhvurimai Katchi,131,0,131,0.06,27,27,Tamil Nadu,Dindigul,General,,2026
133,Vedasandur,7,Ravi. R,Communist Party of India (Marxist-Leninist) (Liberation),151,2,153,0.07,27,27,Tamil Nadu,Dindigul,General,,2026
133,Vedasandur,8,Suresh. B,Independent,71,1,72,0.03,27,27,Tamil Nadu,Dindigul,General,,2026
133,Vedasandur,9,Selvaraj. V,Independent,94,0,94,0.04,27,27,Tamil Nadu,Dindigul,General,,2026
133,Vedasandur,10,Dhivakar. A,Independent,54,1,55,0.02,27,27,Tamil Nadu,Dindigul,General,,2026
133,Vedasandur,11,Natchimuthu. R,Independent,77,1,78,0.03,27,27,Tamil Nadu,Dindigul,General,,2026
133,Vedasandur,12,Manikandaprabhu. N C,Independent,292,2,294,0.13,27,27,Tamil Nadu,Dindigul,General,,2026
133,Vedasandur,13,Maneeshankar. M.G.,Independent,205,0,205,0.09,27,27,Tamil Nadu,Dindigul,General,,2026
133,Vedasandur,14,Marimuthu. S,Independent,355,0,355,0.16,27,27,Tamil Nadu,Dindigul,General,,2026
133,Vedasandur,15,Murugan. V,Independent,727,0,727,0.32,27,27,Tamil Nadu,Dindigul,General,,2026
133,Vedasandur,16,Nota,None of the Above,466,8,474,0.21,27,27,Tamil Nadu,Dindigul,General,,2026
134,Aravakurichi,1,Elango. R,Dravida Munnetra Kazhagam,70058,769,70827,39.11,22,22,Tamil Nadu,Karur,General,SPA,2026
134,Aravakurichi,2,Suganya. S,Bahujan Samaj Party,354,5,359,0.2,22,22,Tamil Nadu,Karur,General,,2026
134,Aravakurichi,3,Selvakumar. K,All India Anna Dravida Munnetra Kazhagam,48823,466,49289,27.22,22,22,Tamil Nadu,Karur,General,NDA,2026
134,Aravakurichi,4,Naren. S,Naam Tamilar Katchi,5083,71,5154,2.85,22,22,Tamil Nadu,Karur,General,,2026
134,Aravakurichi,5,Asiya Begum,All India Puratchi Thalaivar Makkal Munnettra Kazhagam,290,0,290,0.16,22,22,Tamil Nadu,Karur,General,,2026
134,Aravakurichi,6,Karthikeyan. P,Tamilaga Vettri Kazhagam,51118,327,51445,28.41,22,22,Tamil Nadu,Karur,General,,2026
134,Aravakurichi,7,Sakthivel. R,Viduthalai Kalam Katchi,210,1,211,0.12,22,22,Tamil Nadu,Karur,General,,2026
134,Aravakurichi,8,Ravi. Ag,Tamizhaga Vaazhvurimai Katchi,392,6,398,0.22,22,22,Tamil Nadu,Karur,General,,2026
134,Aravakurichi,9,Arasumani. G,Independent,61,0,61,0.03,22,22,Tamil Nadu,Karur,General,,2026
134,Aravakurichi,10,Arivalagan. M,Independent,51,0,51,0.03,22,22,Tamil Nadu,Karur,General,,2026
134,Aravakurichi,11,Kathiresan. M,Independent,49,0,49,0.03,22,22,Tamil Nadu,Karur,General,,2026
134,Aravakurichi,12,Kaviyarasu. T,Independent,49,1,50,0.03,22,22,Tamil Nadu,Karur,General,,2026
134,Aravakurichi,13,Kirubananth. S,Independent,61,0,61,0.03,22,22,Tamil Nadu,Karur,General,,2026
134,Aravakurichi,14,Silambarasan. P,Independent,114,0,114,0.06,22,22,Tamil Nadu,Karur,General,,2026
134,Aravakurichi,15,Sivalingam. T,Independent,120,2,122,0.07,22,22,Tamil Nadu,Karur,General,,2026
134,Aravakurichi,16,Sowmiya. R,Independent,284,0,284,0.16,22,22,Tamil Nadu,Karur,General,,2026
134,Aravakurichi,17,Tamilarasan. M,Independent,346,0,346,0.19,22,22,Tamil Nadu,Karur,General,,2026
134,Aravakurichi,18,Natarajan. P,Independent,326,0,326,0.18,22,22,Tamil Nadu,Karur,General,,2026
134,Aravakurichi,19,Narendrakumar. G,Independent,158,0,158,0.09,22,22,Tamil Nadu,Karur,General,,2026
134,Aravakurichi,20,Natchimuthu. V,Independent,92,0,92,0.05,22,22,Tamil Nadu,Karur,General,,2026
134,Aravakurichi,21,Praveen. S,Independent,47,0,47,0.03,22,22,Tamil Nadu,Karur,General,,2026
134,Aravakurichi,22,Boopathy. S,Independent,283,1,284,0.16,22,22,Tamil Nadu,Karur,General,,2026
134,Aravakurichi,23,Manikandan. T,Independent,86,0,86,0.05,22,22,Tamil Nadu,Karur,General,,2026
134,Aravakurichi,24,Mathiyalagan. P,Independent,58,0,58,0.03,22,22,Tamil Nadu,Karur,General,,2026
134,Aravakurichi,25,Murugesan. R,Independent,33,0,33,0.02,22,22,Tamil Nadu,Karur,General,,2026
134,Aravakurichi,26,Mohankumar. K,Independent,47,0,47,0.03,22,22,Tamil Nadu,Karur,General,,2026
134,Aravakurichi,27,Ragupathi. S,Independent,35,0,35,0.02,22,22,Tamil Nadu,Karur,General,,2026
134,Aravakurichi,28,Ramalingam. V,Independent,38,0,38,0.02,22,22,Tamil Nadu,Karur,General,,2026
134,Aravakurichi,29,Rajasekaran. N,Independent,70,0,70,0.04,22,22,Tamil Nadu,Karur,General,,2026
134,Aravakurichi,30,Rajendaran. N,Independent,56,0,56,0.03,22,22,Tamil Nadu,Karur,General,,2026
134,Aravakurichi,31,Nota,None of the Above,626,11,637,0.35,22,22,Tamil Nadu,Karur,General,,2026
135,Karur,1,Karuppaiya. R,Naam Tamilar Katchi,5390,75,5465,2.52,21,21,Tamil Nadu,Karur,General,,2026
135,Karur,2,Aasee.M. Thiagarajan,Dravida Munnetra Kazhagam,66432,824,67256,31.02,21,21,Tamil Nadu,Karur,General,SPA,2026
135,Karur,3,M.R. Vijayabhaskar,All India Anna Dravida Munnetra Kazhagam,70887,655,71542,32.99,21,21,Tamil Nadu,Karur,General,NDA,2026
135,Karur,4,Jayagopal. P,Bahujan Samaj Party,301,1,302,0.14,21,21,Tamil Nadu,Karur,General,,2026
135,Karur,5,Kalimuthu. V,Samaniya Makkal Nala Katchi,51,0,51,0.02,21,21,Tamil Nadu,Karur,General,,2026
135,Karur,6,Gunasekaran. K,Tamizhaga Vaazhvurimai Katchi,250,2,252,0.12,21,21,Tamil Nadu,Karur,General,,2026
135,Karur,7,Mathiyalagan V.P,Tamilaga Vettri Kazhagam,69333,388,69721,32.15,21,21,Tamil Nadu,Karur,General,,2026
135,Karur,8,Ramachandran. A,Ganasangam Party of India,99,2,101,0.05,21,21,Tamil Nadu,Karur,General,,2026
135,Karur,9,Asarudheen. A,Independent,44,1,45,0.02,21,21,Tamil Nadu,Karur,General,,2026
135,Karur,10,Arulmaniarasu. P,Independent,43,0,43,0.02,21,21,Tamil Nadu,Karur,General,,2026
135,Karur,11,Anbarasan. N,Independent,30,0,30,0.01,21,21,Tamil Nadu,Karur,General,,2026
135,Karur,12,Anbazhagan. T,Independent,65,2,67,0.03,21,21,Tamil Nadu,Karur,General,,2026
135,Karur,13,Elamathi. S,Independent,59,0,59,0.03,21,21,Tamil Nadu,Karur,General,,2026
135,Karur,14,Kathiravan. P,Independent,103,0,103,0.05,21,21,Tamil Nadu,Karur,General,,2026
135,Karur,15,Kathirvel. K,Independent,143,0,143,0.07,21,21,Tamil Nadu,Karur,General,,2026
135,Karur,16,Kandasamy. P,Independent,133,1,134,0.06,21,21,Tamil Nadu,Karur,General,,2026
135,Karur,17,Karunamoorthy. S,Independent,34,0,34,0.02,21,21,Tamil Nadu,Karur,General,,2026
135,Karur,18,Kalairaj. K,Independent,35,0,35,0.02,21,21,Tamil Nadu,Karur,General,,2026
135,Karur,19,Kanagaraj. S,Independent,27,0,27,0.01,21,21,Tamil Nadu,Karur,General,,2026
135,Karur,20,Kanagaraj. P,Independent,11,0,11,0.01,21,21,Tamil Nadu,Karur,General,,2026
135,Karur,21,Karthikperumal. R,Independent,8,0,8,0,21,21,Tamil Nadu,Karur,General,,2026
135,Karur,22,Kalimuthu. R,Independent,16,0,16,0.01,21,21,Tamil Nadu,Karur,General,,2026
135,Karur,23,Krishnakumar. K,Independent,53,0,53,0.02,21,21,Tamil Nadu,Karur,General,,2026
135,Karur,24,Gopala Krishnan. A,Independent,8,0,8,0,21,21,Tamil Nadu,Karur,General,,2026
135,Karur,25,Sathish Kumar. S,Independent,15,0,15,0.01,21,21,Tamil Nadu,Karur,General,,2026
135,Karur,26,Sathish. P,Independent,12,0,12,0.01,21,21,Tamil Nadu,Karur,General,,2026
135,Karur,27,Sampath. S,Independent,28,0,28,0.01,21,21,Tamil Nadu,Karur,General,,2026
135,Karur,28,Saravanan. R,Independent,9,0,9,0,21,21,Tamil Nadu,Karur,General,,2026
135,Karur,29,Sivakumar. A,Independent,17,0,17,0.01,21,21,Tamil Nadu,Karur,General,,2026
135,Karur,30,Sivakumar. N,Independent,24,3,27,0.01,21,21,Tamil Nadu,Karur,General,,2026
135,Karur,31,Sivakumar. V,Independent,19,2,21,0.01,21,21,Tamil Nadu,Karur,General,,2026
135,Karur,32,Seetha Lakshmi. D,Independent,28,0,28,0.01,21,21,Tamil Nadu,Karur,General,,2026
135,Karur,33,Subash Malayalam. T,Independent,38,1,39,0.02,21,21,Tamil Nadu,Karur,General,,2026
135,Karur,34,Suriyakumar. J,Independent,16,0,16,0.01,21,21,Tamil Nadu,Karur,General,,2026
135,Karur,35,Senbagakumar. L,Independent,27,1,28,0.01,21,21,Tamil Nadu,Karur,General,,2026
135,Karur,36,Senthilkumar. G,Independent,8,0,8,0,21,21,Tamil Nadu,Karur,General,,2026
135,Karur,37,Senthilkumar. M,Independent,8,0,8,0,21,21,Tamil Nadu,Karur,General,,2026
135,Karur,38,Soundara Rajan. R,Independent,2,1,3,0,21,21,Tamil Nadu,Karur,General,,2026
135,Karur,39,Soundaryan. K,Independent,13,0,13,0.01,21,21,Tamil Nadu,Karur,General,,2026
135,Karur,40,Daniya. P,Independent,7,0,7,0,21,21,Tamil Nadu,Karur,General,,2026
135,Karur,41,Thangavelraj. S,Independent,8,0,8,0,21,21,Tamil Nadu,Karur,General,,2026
135,Karur,42,Thamilalagan. A,Independent,9,0,9,0,21,21,Tamil Nadu,Karur,General,,2026
135,Karur,43,Thiyagarajan. M,Independent,11,0,11,0.01,21,21,Tamil Nadu,Karur,General,,2026
135,Karur,44,Thirugnanam. M,Independent,10,0,10,0,21,21,Tamil Nadu,Karur,General,,2026
135,Karur,45,Dinesh. B,Independent,8,0,8,0,21,21,Tamil Nadu,Karur,General,,2026
135,Karur,46,Dinesh Kumar. K,Independent,14,0,14,0.01,21,21,Tamil Nadu,Karur,General,,2026
135,Karur,47,Duraisamy. J,Independent,5,0,5,0,21,21,Tamil Nadu,Karur,General,,2026
135,Karur,48,Devastin Augustin. G,Independent,18,0,18,0.01,21,21,Tamil Nadu,Karur,General,,2026
135,Karur,49,Nandhakumar. A,Independent,14,0,14,0.01,21,21,Tamil Nadu,Karur,General,,2026
135,Karur,50,Parameswari,Independent,20,0,20,0.01,21,21,Tamil Nadu,Karur,General,,2026
135,Karur,51,Palamuthir Selvan. O,Independent,17,0,17,0.01,21,21,Tamil Nadu,Karur,General,,2026
135,Karur,52,Palanirajan. K,Independent,11,0,11,0.01,21,21,Tamil Nadu,Karur,General,,2026
135,Karur,53,Palanivel. P,Independent,4,0,4,0,21,21,Tamil Nadu,Karur,General,,2026
135,Karur,54,Babu. G,Independent,22,2,24,0.01,21,21,Tamil Nadu,Karur,General,,2026
135,Karur,55,Bharathi. P,Independent,19,0,19,0.01,21,21,Tamil Nadu,Karur,General,,2026
135,Karur,56,Baskar. P,Independent,4,0,4,0,21,21,Tamil Nadu,Karur,General,,2026
135,Karur,57,Prakash. N,Independent,3,0,3,0,21,21,Tamil Nadu,Karur,General,,2026
135,Karur,58,Prasanth. S,Independent,5,0,5,0,21,21,Tamil Nadu,Karur,General,,2026
135,Karur,59,Praveenkumar. J,Independent,36,1,37,0.02,21,21,Tamil Nadu,Karur,General,,2026
135,Karur,60,Manikandan,Independent,5,0,5,0,21,21,Tamil Nadu,Karur,General,,2026
135,Karur,61,Mathanraj. P,Independent,5,0,5,0,21,21,Tamil Nadu,Karur,General,,2026
135,Karur,62,Mailvaganan. B,Independent,28,0,28,0.01,21,21,Tamil Nadu,Karur,General,,2026
135,Karur,63,Manoj. P,Independent,11,0,11,0.01,21,21,Tamil Nadu,Karur,General,,2026
135,Karur,64,Mariammal. P.M,Independent,16,0,16,0.01,21,21,Tamil Nadu,Karur,General,,2026
135,Karur,65,Mohamad Ismail. M,Independent,21,0,21,0.01,21,21,Tamil Nadu,Karur,General,,2026
135,Karur,66,Muthu. K.R,Independent,23,0,23,0.01,21,21,Tamil Nadu,Karur,General,,2026
135,Karur,67,Murali. M,Independent,47,0,47,0.02,21,21,Tamil Nadu,Karur,General,,2026
135,Karur,68,Yoonus Ali. R,Independent,11,0,11,0.01,21,21,Tamil Nadu,Karur,General,,2026
135,Karur,69,Raguraman Muruganantham,Independent,3,1,4,0,21,21,Tamil Nadu,Karur,General,,2026
135,Karur,70,Rajapandian. K,Independent,8,0,8,0,21,21,Tamil Nadu,Karur,General,,2026
135,Karur,71,Vanitha. K.M,Independent,14,0,14,0.01,21,21,Tamil Nadu,Karur,General,,2026
135,Karur,72,Vigneshwaran. D,Independent,2,0,2,0,21,21,Tamil Nadu,Karur,General,,2026
135,Karur,73,Vineeth. B,Independent,3,0,3,0,21,21,Tamil Nadu,Karur,General,,2026
135,Karur,74,Vinothkumar. N,Independent,4,1,5,0,21,21,Tamil Nadu,Karur,General,,2026
135,Karur,75,Vijaya Baskar. R.V,Independent,9,0,9,0,21,21,Tamil Nadu,Karur,General,,2026
135,Karur,76,Vijayan. K,Independent,4,0,4,0,21,21,Tamil Nadu,Karur,General,,2026
135,Karur,77,Stephenraj. L,Independent,15,0,15,0.01,21,21,Tamil Nadu,Karur,General,,2026
135,Karur,78,Hari Raaj. B,Independent,12,1,13,0.01,21,21,Tamil Nadu,Karur,General,,2026
135,Karur,79,Hariharan. S,Independent,20,0,20,0.01,21,21,Tamil Nadu,Karur,General,,2026
135,Karur,80,Nota,None of the Above,524,15,539,0.25,21,21,Tamil Nadu,Karur,General,,2026
136,Krishnarayapuram,1,Gomathi. M,Bahujan Samaj Party,305,1,306,0.16,21,21,Tamil Nadu,Karur,SC,,2026
136,Krishnarayapuram,2,Sathiya. V,Naam Tamilar Katchi,6018,84,6102,3.22,21,21,Tamil Nadu,Karur,SC,,2026
136,Krishnarayapuram,3,Dr. Dhivya. S,All India Anna Dravida Munnetra Kazhagam,58372,503,58875,31.09,21,21,Tamil Nadu,Karur,SC,NDA,2026
136,Krishnarayapuram,4,Raja. C.K,Dravida Munnetra Kazhagam,56628,664,57292,30.26,21,21,Tamil Nadu,Karur,SC,SPA,2026
136,Krishnarayapuram,5,Sathya. M,Tamilaga Vettri Kazhagam,61989,389,62378,32.94,21,21,Tamil Nadu,Karur,SC,,2026
136,Krishnarayapuram,6,Saravanan. V,Tamizhaga Vaazhvurimai Katchi,167,0,167,0.09,21,21,Tamil Nadu,Karur,SC,,2026
136,Krishnarayapuram,7,Soundrapandian. S,Ganasangam Party of India,116,2,118,0.06,21,21,Tamil Nadu,Karur,SC,,2026
136,Krishnarayapuram,8,Balsamy. B,Naadaalum Makkal Katchi,227,3,230,0.12,21,21,Tamil Nadu,Karur,SC,,2026
136,Krishnarayapuram,9,Rajaguru.M,Samaniya Makkal Nala Katchi,79,0,79,0.04,21,21,Tamil Nadu,Karur,SC,,2026
136,Krishnarayapuram,10,Indragandhi. P,Independent,68,0,68,0.04,21,21,Tamil Nadu,Karur,SC,,2026
136,Krishnarayapuram,11,Ganesan. P,Independent,172,0,172,0.09,21,21,Tamil Nadu,Karur,SC,,2026
136,Krishnarayapuram,12,Sakthivel. A,Independent,225,1,226,0.12,21,21,Tamil Nadu,Karur,SC,,2026
136,Krishnarayapuram,13,Sasikumar. M,Independent,305,1,306,0.16,21,21,Tamil Nadu,Karur,SC,,2026
136,Krishnarayapuram,14,Senthil. P.M,Independent,209,3,212,0.11,21,21,Tamil Nadu,Karur,SC,,2026
136,Krishnarayapuram,15,Chelladurai. M,Independent,171,0,171,0.09,21,21,Tamil Nadu,Karur,SC,,2026
136,Krishnarayapuram,16,Selvakumar. S,Independent,204,1,205,0.11,21,21,Tamil Nadu,Karur,SC,,2026
136,Krishnarayapuram,17,Dinesh Kumar.A,Independent,123,0,123,0.06,21,21,Tamil Nadu,Karur,SC,,2026
136,Krishnarayapuram,18,Dinesh Kumar. N,Independent,116,0,116,0.06,21,21,Tamil Nadu,Karur,SC,,2026
136,Krishnarayapuram,19,Naveenth. M,Independent,256,1,257,0.14,21,21,Tamil Nadu,Karur,SC,,2026
136,Krishnarayapuram,20,Parameswaran. M,Independent,376,0,376,0.2,21,21,Tamil Nadu,Karur,SC,,2026
136,Krishnarayapuram,21,Prasanth. D,Independent,228,0,228,0.12,21,21,Tamil Nadu,Karur,SC,,2026
136,Krishnarayapuram,22,Baby. P,Independent,70,1,71,0.04,21,21,Tamil Nadu,Karur,SC,,2026
136,Krishnarayapuram,23,Porselvan. B.S,Independent,45,0,45,0.02,21,21,Tamil Nadu,Karur,SC,,2026
136,Krishnarayapuram,24,Mahamuni. A,Independent,63,1,64,0.03,21,21,Tamil Nadu,Karur,SC,,2026
136,Krishnarayapuram,25,Manickavel. R,Independent,266,1,267,0.14,21,21,Tamil Nadu,Karur,SC,,2026
136,Krishnarayapuram,26,Murugan. S,Independent,165,0,165,0.09,21,21,Tamil Nadu,Karur,SC,,2026
136,Krishnarayapuram,27,Muruganandham. P.K,Independent,92,0,92,0.05,21,21,Tamil Nadu,Karur,SC,,2026
136,Krishnarayapuram,28,Vimalraj. S,Independent,121,0,121,0.06,21,21,Tamil Nadu,Karur,SC,,2026
136,Krishnarayapuram,29,Nota,None of the Above,517,8,525,0.28,21,21,Tamil Nadu,Karur,SC,,2026
137,Kulithalai,1,S.Karunakaran,All India Anna Dravida Munnetra Kazhagam,59791,526,60317,28.85,21,21,Tamil Nadu,Karur,General,NDA,2026
137,Kulithalai,2,Suriyanur. A. Chandran,Dravida Munnetra Kazhagam,67204,934,68138,32.59,21,21,Tamil Nadu,Karur,General,SPA,2026
137,Kulithalai,3,Selva.Nanmaaran,Naam Tamilar Katchi,7870,108,7978,3.82,21,21,Tamil Nadu,Karur,General,,2026
137,Kulithalai,4,G.Balasubramani,Tamilaga Vettri Kazhagam,67162,397,67559,32.31,21,21,Tamil Nadu,Karur,General,,2026
137,Kulithalai,5,P.Murugan,Ganasangam Party of India,328,2,330,0.16,21,21,Tamil Nadu,Karur,General,,2026
137,Kulithalai,6,M.Arunkumar,Independent,113,0,113,0.05,21,21,Tamil Nadu,Karur,General,,2026
137,Kulithalai,7,R.Arunkumar,Independent,53,0,53,0.03,21,21,Tamil Nadu,Karur,General,,2026
137,Kulithalai,8,S.Imrankhan,Independent,67,1,68,0.03,21,21,Tamil Nadu,Karur,General,,2026
137,Kulithalai,9,O.Kathalingam,Independent,95,0,95,0.05,21,21,Tamil Nadu,Karur,General,,2026
137,Kulithalai,10,M.Gayathiri,Independent,82,2,84,0.04,21,21,Tamil Nadu,Karur,General,,2026
137,Kulithalai,11,B.Kajahmohideen,Independent,79,4,83,0.04,21,21,Tamil Nadu,Karur,General,,2026
137,Kulithalai,12,Chandrasekar.P,Independent,132,1,133,0.06,21,21,Tamil Nadu,Karur,General,,2026
137,Kulithalai,13,J.Santhosh Kumar,Independent,206,0,206,0.1,21,21,Tamil Nadu,Karur,General,,2026
137,Kulithalai,14,B.Sampathkumar,Independent,160,2,162,0.08,21,21,Tamil Nadu,Karur,General,,2026
137,Kulithalai,15,D.Saravanan,Independent,380,1,381,0.18,21,21,Tamil Nadu,Karur,General,,2026
137,Kulithalai,16,V.Chinnasamy,Independent,487,1,488,0.23,21,21,Tamil Nadu,Karur,General,,2026
137,Kulithalai,17,S.Senthilkumar,Independent,606,1,607,0.29,21,21,Tamil Nadu,Karur,General,,2026
137,Kulithalai,18,P.Selvakumar,Independent,452,0,452,0.22,21,21,Tamil Nadu,Karur,General,,2026
137,Kulithalai,19,T.Selvaraj,Independent,217,0,217,0.1,21,21,Tamil Nadu,Karur,General,,2026
137,Kulithalai,20,K.Sheikanwardeen,Independent,302,0,302,0.14,21,21,Tamil Nadu,Karur,General,,2026
137,Kulithalai,21,M.Tamilselvan,Independent,66,1,67,0.03,21,21,Tamil Nadu,Karur,General,,2026
137,Kulithalai,22,J.Pradhap,Independent,35,1,36,0.02,21,21,Tamil Nadu,Karur,General,,2026
137,Kulithalai,23,M.Mayilvaganan,Independent,46,0,46,0.02,21,21,Tamil Nadu,Karur,General,,2026
137,Kulithalai,24,J.Madhavan,Independent,41,0,41,0.02,21,21,Tamil Nadu,Karur,General,,2026
137,Kulithalai,25,T.Muruganantham,Independent,82,0,82,0.04,21,21,Tamil Nadu,Karur,General,,2026
137,Kulithalai,26,N.Ramakrishnan,Independent,63,0,63,0.03,21,21,Tamil Nadu,Karur,General,,2026
137,Kulithalai,27,M.Vadivelan,Independent,117,0,117,0.06,21,21,Tamil Nadu,Karur,General,,2026
137,Kulithalai,28,K.Veeramalai,Independent,79,0,79,0.04,21,21,Tamil Nadu,Karur,General,,2026
137,Kulithalai,29,K.Hakkim,Independent,182,0,182,0.09,21,21,Tamil Nadu,Karur,General,,2026
137,Kulithalai,30,Nota,None of the Above,602,10,612,0.29,21,21,Tamil Nadu,Karur,General,,2026
138,Manapparai,1,P. Abdul Samed,Dravida Munnetra Kazhagam,60142,1213,61355,25.44,26,26,Tamil Nadu,Tiruchirappalli,General,SPA,2026
138,Manapparai,2,M. Arunagiri,Naam Tamilar Katchi,9911,159,10070,4.17,26,26,Tamil Nadu,Tiruchirappalli,General,,2026
138,Manapparai,3,Dr. Pl. Vijayakumar,All India Anna Dravida Munnetra Kazhagam,80601,1014,81615,33.83,26,26,Tamil Nadu,Tiruchirappalli,General,NDA,2026
138,Manapparai,4,Arockiaraj .A,Samaniya Makkal Nala Katchi,715,6,721,0.3,26,26,Tamil Nadu,Tiruchirappalli,General,,2026
138,Manapparai,5,R. Kathiravan,Tamilaga Vettri Kazhagam,82268,773,83041,34.43,26,26,Tamil Nadu,Tiruchirappalli,General,,2026
138,Manapparai,6,P. Meena,Puthiya Tamilagam,273,2,275,0.11,26,26,Tamil Nadu,Tiruchirappalli,General,,2026
138,Manapparai,7,Rajavarman .R,Tamizhaga Vaazhvurimai Katchi,154,1,155,0.06,26,26,Tamil Nadu,Tiruchirappalli,General,,2026
138,Manapparai,8,A. Raman,Independent,106,1,107,0.04,26,26,Tamil Nadu,Tiruchirappalli,General,,2026
138,Manapparai,9,Kathiravan .M,Independent,178,2,180,0.07,26,26,Tamil Nadu,Tiruchirappalli,General,,2026
138,Manapparai,10,M. Karuppan,Independent,273,1,274,0.11,26,26,Tamil Nadu,Tiruchirappalli,General,,2026
138,Manapparai,11,Kuttaian,Independent,121,5,126,0.05,26,26,Tamil Nadu,Tiruchirappalli,General,,2026
138,Manapparai,12,Sarphudin,Independent,332,1,333,0.14,26,26,Tamil Nadu,Tiruchirappalli,General,,2026
138,Manapparai,13,P. Chinnan,Independent,166,17,183,0.08,26,26,Tamil Nadu,Tiruchirappalli,General,,2026
138,Manapparai,14,A. Senthil Kumar,Independent,271,1,272,0.11,26,26,Tamil Nadu,Tiruchirappalli,General,,2026
138,Manapparai,15,Periyakka,Independent,236,2,238,0.1,26,26,Tamil Nadu,Tiruchirappalli,General,,2026
138,Manapparai,16,Rajesh .M,Independent,552,2,554,0.23,26,26,Tamil Nadu,Tiruchirappalli,General,,2026
138,Manapparai,17,P. Vijayakumar,Independent,595,0,595,0.25,26,26,Tamil Nadu,Tiruchirappalli,General,,2026
138,Manapparai,18,M. Vijaya Kumar,Independent,172,1,173,0.07,26,26,Tamil Nadu,Tiruchirappalli,General,,2026
138,Manapparai,19,Nota,None of the Above,936,13,949,0.39,26,26,Tamil Nadu,Tiruchirappalli,General,,2026
139,Srirangam,1,Allimuthu.M,Bahujan Samaj Party,365,6,371,0.15,28,28,Tamil Nadu,Tiruchirappalli,General,,2026
139,Srirangam,2,Dharmaraj. M,Naam Tamilar Katchi,10899,127,11026,4.32,28,28,Tamil Nadu,Tiruchirappalli,General,,2026
139,Srirangam,3,S. Durairaj,Dravida Munnetra Kazhagam,68723,922,69645,27.31,28,28,Tamil Nadu,Tiruchirappalli,General,SPA,2026
139,Srirangam,4,R.Manoharan,All India Anna Dravida Munnetra Kazhagam,65027,792,65819,25.81,28,28,Tamil Nadu,Tiruchirappalli,General,NDA,2026
139,Srirangam,5,Kamaraj.K,Samaniya Makkal Nala Katchi,290,2,292,0.11,28,28,Tamil Nadu,Tiruchirappalli,General,,2026
139,Srirangam,6,Kumar. P,Akila Inthiya Makkal Marumalarchi Kazhakam,163,3,166,0.07,28,28,Tamil Nadu,Tiruchirappalli,General,,2026
139,Srirangam,7,K. Sakthivel,Anna Puratchi Thalaivar Amma Dravida Munnetra Kazhagam,156,2,158,0.06,28,28,Tamil Nadu,Tiruchirappalli,General,,2026
139,Srirangam,8,Newton.A,Puthiya Tamilagam,159,7,166,0.07,28,28,Tamil Nadu,Tiruchirappalli,General,,2026
139,Srirangam,9,Murali .N,Tamizhaga Vaazhvurimai Katchi,401,4,405,0.16,28,28,Tamil Nadu,Tiruchirappalli,General,,2026
139,Srirangam,10,Ramesh,Tamilaga Vettri Kazhagam,102496,739,103235,40.49,28,28,Tamil Nadu,Tiruchirappalli,General,,2026
139,Srirangam,11,Vijay .A,All India Puratchi Thalaivar Makkal Munnettra Kazhagam,433,5,438,0.17,28,28,Tamil Nadu,Tiruchirappalli,General,,2026
139,Srirangam,12,Anbarasan.M,Independent,258,3,261,0.1,28,28,Tamil Nadu,Tiruchirappalli,General,,2026
139,Srirangam,13,Karthick.S,Independent,218,0,218,0.09,28,28,Tamil Nadu,Tiruchirappalli,General,,2026
139,Srirangam,14,Krishnakumar.A,Independent,293,5,298,0.12,28,28,Tamil Nadu,Tiruchirappalli,General,,2026
139,Srirangam,15,Shashi Kiran .K .N,Independent,295,3,298,0.12,28,28,Tamil Nadu,Tiruchirappalli,General,,2026
139,Srirangam,16,S. Durairaj,Independent,297,1,298,0.12,28,28,Tamil Nadu,Tiruchirappalli,General,,2026
139,Srirangam,17,Paramasivam,Independent,84,2,86,0.03,28,28,Tamil Nadu,Tiruchirappalli,General,,2026
139,Srirangam,18,Mohamed Musthafa. M,Independent,83,1,84,0.03,28,28,Tamil Nadu,Tiruchirappalli,General,,2026
139,Srirangam,19,Muthukumar.P,Independent,288,1,289,0.11,28,28,Tamil Nadu,Tiruchirappalli,General,,2026
139,Srirangam,20,Ramesh.R,Independent,403,1,404,0.16,28,28,Tamil Nadu,Tiruchirappalli,General,,2026
139,Srirangam,21,Ravichandiran.N,Independent,98,1,99,0.04,28,28,Tamil Nadu,Tiruchirappalli,General,,2026
139,Srirangam,22,Nota,None of the Above,898,31,929,0.36,28,28,Tamil Nadu,Tiruchirappalli,General,,2026
140,Tiruchirappalli (West),1,Chinnaiyan Poosari,Bahujan Samaj Party,442,11,453,0.23,24,24,Tamil Nadu,Tiruchirappalli,General,,2026
140,Tiruchirappalli (West),2,K.N.Nehru,Dravida Munnetra Kazhagam,86969,1266,88235,44.94,24,24,Tamil Nadu,Tiruchirappalli,General,SPA,2026
140,Tiruchirappalli (West),3,K.Bhuvaneswari,Naam Tamilar Katchi,7384,86,7470,3.8,24,24,Tamil Nadu,Tiruchirappalli,General,,2026
140,Tiruchirappalli (West),4,M.Rajasekaran,Amma Makkal Munnettra Kazagam,13923,213,14136,7.2,24,24,Tamil Nadu,Tiruchirappalli,General,,2026
140,Tiruchirappalli (West),5,R.Prabu,Tamizhaga Vaazhvurimai Katchi,302,8,310,0.16,24,24,Tamil Nadu,Tiruchirappalli,General,,2026
140,Tiruchirappalli (West),6,G.Ramamoorthi,Tamilaga Vettri Kazhagam,82817,632,83449,42.5,24,24,Tamil Nadu,Tiruchirappalli,General,,2026
140,Tiruchirappalli (West),7,A.Veeramani,Samaniya Makkal Nala Katchi,138,2,140,0.07,24,24,Tamil Nadu,Tiruchirappalli,General,,2026
140,Tiruchirappalli (West),8,M.Kalaimani,Independent,107,1,108,0.06,24,24,Tamil Nadu,Tiruchirappalli,General,,2026
140,Tiruchirappalli (West),9,M.Chandrasekaran,Independent,74,2,76,0.04,24,24,Tamil Nadu,Tiruchirappalli,General,,2026
140,Tiruchirappalli (West),10,Sampath,Independent,148,4,152,0.08,24,24,Tamil Nadu,Tiruchirappalli,General,,2026
140,Tiruchirappalli (West),11,Sundarapandiyaraja,Independent,116,6,122,0.06,24,24,Tamil Nadu,Tiruchirappalli,General,,2026
140,Tiruchirappalli (West),12,P.Rajendran,Independent,116,1,117,0.06,24,24,Tamil Nadu,Tiruchirappalli,General,,2026
140,Tiruchirappalli (West),13,A.Vasudevan,Independent,155,3,158,0.08,24,24,Tamil Nadu,Tiruchirappalli,General,,2026
140,Tiruchirappalli (West),14,Jeevanantham.M,Independent,323,0,323,0.16,24,24,Tamil Nadu,Tiruchirappalli,General,,2026
140,Tiruchirappalli (West),15,Nota,None of the Above,1075,23,1098,0.56,24,24,Tamil Nadu,Tiruchirappalli,General,,2026
141,Tiruchirappalli (East),1,R. Elangovan,Bahujan Samaj Party,227,7,234,0.13,28,28,Tamil Nadu,Tiruchirappalli,General,,2026
141,Tiruchirappalli (East),2,S. Inigo Irudayaraj,Dravida Munnetra Kazhagam,62859,1106,63965,35.05,28,28,Tamil Nadu,Tiruchirappalli,General,SPA,2026
141,Tiruchirappalli (East),3,Dr.Krishnasamy .V,Naam Tamilar Katchi,4725,65,4790,2.62,28,28,Tamil Nadu,Tiruchirappalli,General,,2026
141,Tiruchirappalli (East),4,G. Rajasekaran,All India Anna Dravida Munnetra Kazhagam,19437,278,19715,10.8,28,28,Tamil Nadu,Tiruchirappalli,General,NDA,2026
141,Tiruchirappalli (East),5,Anand Selvaraj,National Maha Sabha Party,105,0,105,0.06,28,28,Tamil Nadu,Tiruchirappalli,General,,2026
141,Tiruchirappalli (East),6,N. Gobinath,Puthiya Tamilagam,61,2,63,0.03,28,28,Tamil Nadu,Tiruchirappalli,General,,2026
141,Tiruchirappalli (East),7,Sukumar .S,Thamizhaka Padaippalar Makkal Katchi,99,2,101,0.06,28,28,Tamil Nadu,Tiruchirappalli,General,,2026
141,Tiruchirappalli (East),8,C. Nanda Kumar,All India Puratchi Thalaivar Makkal Munnettra Kazhagam,127,5,132,0.07,28,28,Tamil Nadu,Tiruchirappalli,General,,2026
141,Tiruchirappalli (East),9,R. Muthukumar,Samaniya Makkal Nala Katchi,30,1,31,0.02,28,28,Tamil Nadu,Tiruchirappalli,General,,2026
141,Tiruchirappalli (East),10,Royal Raja,Tamizhaga Vaazhvurimai Katchi,165,2,167,0.09,28,28,Tamil Nadu,Tiruchirappalli,General,,2026
141,Tiruchirappalli (East),11,Vijay .K,All India Jananayaka Makkal Kazhagam,138,3,141,0.08,28,28,Tamil Nadu,Tiruchirappalli,General,,2026
141,Tiruchirappalli (East),12,Vijaia Mohanaaji .Ma,Vidial Valarchi Perani,234,1,235,0.13,28,28,Tamil Nadu,Tiruchirappalli,General,,2026
141,Tiruchirappalli (East),13,C. Joseph Vijay,Tamilaga Vettri Kazhagam,90431,950,91381,50.07,28,28,Tamil Nadu,Tiruchirappalli,General,,2026
141,Tiruchirappalli (East),14,T. Gangai Ulaganathan,Independent,78,1,79,0.04,28,28,Tamil Nadu,Tiruchirappalli,General,,2026
141,Tiruchirappalli (East),15,Kannan .S,Independent,137,1,138,0.08,28,28,Tamil Nadu,Tiruchirappalli,General,,2026
141,Tiruchirappalli (East),16,P. Charles Sagayaraj,Independent,390,0,390,0.21,28,28,Tamil Nadu,Tiruchirappalli,General,,2026
141,Tiruchirappalli (East),17,G. Sebastian Anand,Independent,124,0,124,0.07,28,28,Tamil Nadu,Tiruchirappalli,General,,2026
141,Tiruchirappalli (East),18,S. Panneer Selvam,Independent,109,0,109,0.06,28,28,Tamil Nadu,Tiruchirappalli,General,,2026
141,Tiruchirappalli (East),19,J. Robert Christy,Independent,29,2,31,0.02,28,28,Tamil Nadu,Tiruchirappalli,General,,2026
141,Tiruchirappalli (East),20,P. Rajendran,Independent,48,0,48,0.03,28,28,Tamil Nadu,Tiruchirappalli,General,,2026
141,Tiruchirappalli (East),21,Nota,None of the Above,498,16,514,0.28,28,28,Tamil Nadu,Tiruchirappalli,General,,2026
142,Thiruverumbur,1,Anbil Mahesh Poyyamozhi,Dravida Munnetra Kazhagam,79778,1354,81132,37.99,24,24,Tamil Nadu,Tiruchirappalli,General,SPA,2026
142,Thiruverumbur,2,Kumar. P,All India Anna Dravida Munnetra Kazhagam,29122,351,29473,13.8,24,24,Tamil Nadu,Tiruchirappalli,General,NDA,2026
142,Thiruverumbur,3,Rajessh. T,Naam Tamilar Katchi,9196,115,9311,4.36,24,24,Tamil Nadu,Tiruchirappalli,General,,2026
142,Thiruverumbur,4,Visithra. S,Bahujan Samaj Party,191,3,194,0.09,24,24,Tamil Nadu,Tiruchirappalli,General,,2026
142,Thiruverumbur,5,Kumaravel. T,Thamizhaka Padaippalar Makkal Katchi,176,2,178,0.08,24,24,Tamil Nadu,Tiruchirappalli,General,,2026
142,Thiruverumbur,6,Pitchaimuthu. A,Puthiya Tamilagam,226,11,237,0.11,24,24,Tamil Nadu,Tiruchirappalli,General,,2026
142,Thiruverumbur,7,Ranjith. S,Tamizhaga Vaazhvurimai Katchi,251,2,253,0.12,24,24,Tamil Nadu,Tiruchirappalli,General,,2026
142,Thiruverumbur,8,Vijayakumar (A) Navalpattu S. Viji,Tamilaga Vettri Kazhagam,88886,951,89837,42.06,24,24,Tamil Nadu,Tiruchirappalli,General,,2026
142,Thiruverumbur,9,Joseph. L,Samaniya Makkal Nala Katchi,114,0,114,0.05,24,24,Tamil Nadu,Tiruchirappalli,General,,2026
142,Thiruverumbur,10,Yesuraj. I,Independent,63,1,64,0.03,24,24,Tamil Nadu,Tiruchirappalli,General,,2026
142,Thiruverumbur,11,Kumar. K,Independent,40,0,40,0.02,24,24,Tamil Nadu,Tiruchirappalli,General,,2026
142,Thiruverumbur,12,Kumar. P,Independent,47,1,48,0.02,24,24,Tamil Nadu,Tiruchirappalli,General,,2026
142,Thiruverumbur,13,Charles. S,Independent,100,1,101,0.05,24,24,Tamil Nadu,Tiruchirappalli,General,,2026
142,Thiruverumbur,14,Subbulakshmi. R,Independent,91,1,92,0.04,24,24,Tamil Nadu,Tiruchirappalli,General,,2026
142,Thiruverumbur,15,Deepak. P,Independent,108,6,114,0.05,24,24,Tamil Nadu,Tiruchirappalli,General,,2026
142,Thiruverumbur,16,Poulosh. D,Independent,284,7,291,0.14,24,24,Tamil Nadu,Tiruchirappalli,General,,2026
142,Thiruverumbur,17,Muruganantham. G,Independent,441,0,441,0.21,24,24,Tamil Nadu,Tiruchirappalli,General,,2026
142,Thiruverumbur,18,Dr. Mohana Chelvan. P,Independent,202,1,203,0.1,24,24,Tamil Nadu,Tiruchirappalli,General,,2026
142,Thiruverumbur,19,Ramachandran. V,Independent,46,1,47,0.02,24,24,Tamil Nadu,Tiruchirappalli,General,,2026
142,Thiruverumbur,20,Vincentraj. A,Independent,34,0,34,0.02,24,24,Tamil Nadu,Tiruchirappalli,General,,2026
142,Thiruverumbur,21,Vijayakumar. C,Independent,47,1,48,0.02,24,24,Tamil Nadu,Tiruchirappalli,General,,2026
142,Thiruverumbur,22,Vijayakumar. N,Independent,51,3,54,0.03,24,24,Tamil Nadu,Tiruchirappalli,General,,2026
142,Thiruverumbur,23,Vetrivel Kanna. P,Independent,169,4,173,0.08,24,24,Tamil Nadu,Tiruchirappalli,General,,2026
142,Thiruverumbur,24,Jayachandran. P,Independent,133,0,133,0.06,24,24,Tamil Nadu,Tiruchirappalli,General,,2026
142,Thiruverumbur,25,Shajagan. A,Independent,182,0,182,0.09,24,24,Tamil Nadu,Tiruchirappalli,General,,2026
142,Thiruverumbur,26,Habeeb Rahaman. H,Independent,44,0,44,0.02,24,24,Tamil Nadu,Tiruchirappalli,General,,2026
142,Thiruverumbur,27,Nota,None of the Above,721,24,745,0.35,24,24,Tamil Nadu,Tiruchirappalli,General,,2026
143,Lalgudi,1,T. Parivallal,Dravida Munnetra Kazhagam,54796,769,55565,30,21,21,Tamil Nadu,Tiruchirappalli,General,SPA,2026
143,Lalgudi,2,Pratheeba,Bahujan Samaj Party,346,2,348,0.19,21,21,Tamil Nadu,Tiruchirappalli,General,,2026
143,Lalgudi,3,N. Madhan,Naam Tamilar Katchi,6907,85,6992,3.78,21,21,Tamil Nadu,Tiruchirappalli,General,,2026
143,Lalgudi,4,Leemarose Martin,All India Anna Dravida Munnetra Kazhagam,60329,466,60795,32.82,21,21,Tamil Nadu,Tiruchirappalli,General,NDA,2026
143,Lalgudi,5,K. Immaculate Mary,Samaniya Makkal Nala Katchi,398,1,399,0.22,21,21,Tamil Nadu,Tiruchirappalli,General,,2026
143,Lalgudi,6,P. Elanchezhiyan,Puthiya Tamilagam,130,1,131,0.07,21,21,Tamil Nadu,Tiruchirappalli,General,,2026
143,Lalgudi,7,E. Yesudoss,Tamilaga Makkal Nala Katchi,182,1,183,0.1,21,21,Tamil Nadu,Tiruchirappalli,General,,2026
143,Lalgudi,8,Ku Pa Krishnan,Tamilaga Vettri Kazhagam,57595,461,58056,31.35,21,21,Tamil Nadu,Tiruchirappalli,General,,2026
143,Lalgudi,9,P. Saravanan,Tamizhaga Vaazhvurimai Katchi,135,0,135,0.07,21,21,Tamil Nadu,Tiruchirappalli,General,,2026
143,Lalgudi,10,Josephin,All India Puratchi Thalaivar Makkal Munnettra Kazhagam,190,2,192,0.1,21,21,Tamil Nadu,Tiruchirappalli,General,,2026
143,Lalgudi,11,A. Amalan Savarimuthu,Independent,67,1,68,0.04,21,21,Tamil Nadu,Tiruchirappalli,General,,2026
143,Lalgudi,12,M. Krishnan,Independent,66,0,66,0.04,21,21,Tamil Nadu,Tiruchirappalli,General,,2026
143,Lalgudi,13,K. Senthilkumar,Independent,129,1,130,0.07,21,21,Tamil Nadu,Tiruchirappalli,General,,2026
143,Lalgudi,14,R. Tamilarasan,Independent,49,3,52,0.03,21,21,Tamil Nadu,Tiruchirappalli,General,,2026
143,Lalgudi,15,K. Dharmaraj,Independent,85,1,86,0.05,21,21,Tamil Nadu,Tiruchirappalli,General,,2026
143,Lalgudi,16,Dhanamoorthy .R,Independent,219,1,220,0.12,21,21,Tamil Nadu,Tiruchirappalli,General,,2026
143,Lalgudi,17,R. Dineshkumar,Independent,401,2,403,0.22,21,21,Tamil Nadu,Tiruchirappalli,General,,2026
143,Lalgudi,18,R. Ponsilambu,Independent,335,5,340,0.18,21,21,Tamil Nadu,Tiruchirappalli,General,,2026
143,Lalgudi,19,Mansoor Alikhan,Independent,98,3,101,0.05,21,21,Tamil Nadu,Tiruchirappalli,General,,2026
143,Lalgudi,20,V. Muthusamy,Independent,170,0,170,0.09,21,21,Tamil Nadu,Tiruchirappalli,General,,2026
143,Lalgudi,21,Mohamed Abubakkar Siddiq,Independent,60,0,60,0.03,21,21,Tamil Nadu,Tiruchirappalli,General,,2026
143,Lalgudi,22,M. Rameshkumar,Independent,119,1,120,0.06,21,21,Tamil Nadu,Tiruchirappalli,General,,2026
143,Lalgudi,23,Jinnah Jakeer Hussain,Independent,138,1,139,0.08,21,21,Tamil Nadu,Tiruchirappalli,General,,2026
143,Lalgudi,24,A. Jegan Salamondoss,Independent,72,0,72,0.04,21,21,Tamil Nadu,Tiruchirappalli,General,,2026
143,Lalgudi,25,Nota,None of the Above,384,6,390,0.21,21,21,Tamil Nadu,Tiruchirappalli,General,,2026
144,Manachanallur,1,Kathiravan. S,Dravida Munnetra Kazhagam,80054,1393,81447,38.82,22,22,Tamil Nadu,Tiruchirappalli,General,SPA,2026
144,Manachanallur,2,Thenmozhi. R,Naam Tamilar Katchi,9187,102,9289,4.43,22,22,Tamil Nadu,Tiruchirappalli,General,,2026
144,Manachanallur,3,R.V. Bharathan,All India Anna Dravida Munnetra Kazhagam,45686,380,46066,21.96,22,22,Tamil Nadu,Tiruchirappalli,General,NDA,2026
144,Manachanallur,4,Balakrishnan (A) Amoor Balu,Bahujan Samaj Party,382,2,384,0.18,22,22,Tamil Nadu,Tiruchirappalli,General,,2026
144,Manachanallur,5,V.Saravanan,Tamilaga Vettri Kazhagam,68550,533,69083,32.93,22,22,Tamil Nadu,Tiruchirappalli,General,,2026
144,Manachanallur,6,K. Senthilkumar,Samaniya Makkal Nala Katchi,140,0,140,0.07,22,22,Tamil Nadu,Tiruchirappalli,General,,2026
144,Manachanallur,7,Balu. M,Puthiya Tamilagam,183,3,186,0.09,22,22,Tamil Nadu,Tiruchirappalli,General,,2026
144,Manachanallur,8,Revathi. S,Akila Inthiya Makkal Marumalarchi Kazhakam,74,1,75,0.04,22,22,Tamil Nadu,Tiruchirappalli,General,,2026
144,Manachanallur,9,Veeraiya. C,Tamizhaga Vaazhvurimai Katchi,62,0,62,0.03,22,22,Tamil Nadu,Tiruchirappalli,General,,2026
144,Manachanallur,10,Karthikeyan. P,Independent,131,1,132,0.06,22,22,Tamil Nadu,Tiruchirappalli,General,,2026
144,Manachanallur,11,Gopalakrishnan. V,Independent,44,0,44,0.02,22,22,Tamil Nadu,Tiruchirappalli,General,,2026
144,Manachanallur,12,Shanmugam. V.T,Independent,113,0,113,0.05,22,22,Tamil Nadu,Tiruchirappalli,General,,2026
144,Manachanallur,13,Satheeskumar. K,Independent,76,4,80,0.04,22,22,Tamil Nadu,Tiruchirappalli,General,,2026
144,Manachanallur,14,Saravanakumar. S,Independent,130,0,130,0.06,22,22,Tamil Nadu,Tiruchirappalli,General,,2026
144,Manachanallur,15,Divesh. S,Independent,102,1,103,0.05,22,22,Tamil Nadu,Tiruchirappalli,General,,2026
144,Manachanallur,16,Nagarajan. V,Independent,456,0,456,0.22,22,22,Tamil Nadu,Tiruchirappalli,General,,2026
144,Manachanallur,17,Ramesh Kumar. G,Independent,498,0,498,0.24,22,22,Tamil Nadu,Tiruchirappalli,General,,2026
144,Manachanallur,18,Radhakrishnan. S,Independent,340,1,341,0.16,22,22,Tamil Nadu,Tiruchirappalli,General,,2026
144,Manachanallur,19,Ramprasad. N,Independent,230,0,230,0.11,22,22,Tamil Nadu,Tiruchirappalli,General,,2026
144,Manachanallur,20,Rajasehar. R,Independent,117,0,117,0.06,22,22,Tamil Nadu,Tiruchirappalli,General,,2026
144,Manachanallur,21,Raju. V,Independent,153,0,153,0.07,22,22,Tamil Nadu,Tiruchirappalli,General,,2026
144,Manachanallur,22,Jayaraman. M,Independent,52,0,52,0.02,22,22,Tamil Nadu,Tiruchirappalli,General,,2026
144,Manachanallur,23,Nota,None of the Above,591,8,599,0.29,22,22,Tamil Nadu,Tiruchirappalli,General,,2026
145,Musiri,1,N.S.Karunairaaja,Dravida Munnetra Kazhagam,52345,1494,53839,28.47,21,21,Tamil Nadu,Tiruchirappalli,General,SPA,2026
145,Musiri,2,G. Bakiyalakshmi,Naam Tamilar Katchi,8184,173,8357,4.42,21,21,Tamil Nadu,Tiruchirappalli,General,,2026
145,Musiri,3,N.Yoganathan,All India Anna Dravida Munnetra Kazhagam,51149,912,52061,27.52,21,21,Tamil Nadu,Tiruchirappalli,General,NDA,2026
145,Musiri,4,M.Chinnaiyan,Puthiya Tamilagam,668,9,677,0.36,21,21,Tamil Nadu,Tiruchirappalli,General,,2026
145,Musiri,5,K.Dhivya,Rashtriya Samaj Dal (R),248,5,253,0.13,21,21,Tamil Nadu,Tiruchirappalli,General,,2026
145,Musiri,6,C.Palanisamy,Tamizhaga Vaazhvurimai Katchi,259,6,265,0.14,21,21,Tamil Nadu,Tiruchirappalli,General,,2026
145,Musiri,7,Malarmannan.M,Samaniya Makkal Nala Katchi,275,6,281,0.15,21,21,Tamil Nadu,Tiruchirappalli,General,,2026
145,Musiri,8,M.Vignesh,Tamilaga Vettri Kazhagam,70317,964,71281,37.69,21,21,Tamil Nadu,Tiruchirappalli,General,,2026
145,Musiri,9,S.Venkateshwaran,Anti Corruption Dynamic Party,239,0,239,0.13,21,21,Tamil Nadu,Tiruchirappalli,General,,2026
145,Musiri,10,Senthilkumar,Independent,305,3,308,0.16,21,21,Tamil Nadu,Tiruchirappalli,General,,2026
145,Musiri,11,P.Loganathan M.Sc.M.Phil.,Independent,483,4,487,0.26,21,21,Tamil Nadu,Tiruchirappalli,General,,2026
145,Musiri,12,Nota,None of the Above,1060,33,1093,0.58,21,21,Tamil Nadu,Tiruchirappalli,General,,2026
146,Thuraiyur,1,S Kowsalya,Naam Tamilar Katchi,8305,131,8436,4.57,23,23,Tamil Nadu,Tiruchirappalli,SC,,2026
146,Thuraiyur,2,E.Saroja,All India Anna Dravida Munnetra Kazhagam,56069,580,56649,30.72,23,23,Tamil Nadu,Tiruchirappalli,SC,NDA,2026
146,Thuraiyur,3,P.Srinivasan,Bahujan Samaj Party,582,6,588,0.32,23,23,Tamil Nadu,Tiruchirappalli,SC,,2026
146,Thuraiyur,4,M.Lenin Prasath,Indian National Congress,48396,826,49222,26.69,23,23,Tamil Nadu,Tiruchirappalli,SC,SPA,2026
146,Thuraiyur,5,Gnanavettiyan Sivaperumal .K,Tamizhaga Vaazhvurimai Katchi,512,1,513,0.28,23,23,Tamil Nadu,Tiruchirappalli,SC,,2026
146,Thuraiyur,6,Ravisankar.M,Tamilaga Vettri Kazhagam,65711,552,66263,35.93,23,23,Tamil Nadu,Tiruchirappalli,SC,,2026
146,Thuraiyur,7,T. Rajamanickam,Puthiya Tamilagam,236,0,236,0.13,23,23,Tamil Nadu,Tiruchirappalli,SC,,2026
146,Thuraiyur,8,E.Saroja,Independent,95,0,95,0.05,23,23,Tamil Nadu,Tiruchirappalli,SC,,2026
146,Thuraiyur,9,K.Saroja,Independent,106,1,107,0.06,23,23,Tamil Nadu,Tiruchirappalli,SC,,2026
146,Thuraiyur,10,P.Saroja,Independent,140,1,141,0.08,23,23,Tamil Nadu,Tiruchirappalli,SC,,2026
146,Thuraiyur,11,K.Selvam,Independent,350,6,356,0.19,23,23,Tamil Nadu,Tiruchirappalli,SC,,2026
146,Thuraiyur,12,Selvam .G,Independent,193,0,193,0.1,23,23,Tamil Nadu,Tiruchirappalli,SC,,2026
146,Thuraiyur,13,G. Dhineshkumar,Independent,323,3,326,0.18,23,23,Tamil Nadu,Tiruchirappalli,SC,,2026
146,Thuraiyur,14,N. Muthazhagu,Independent,213,0,213,0.12,23,23,Tamil Nadu,Tiruchirappalli,SC,,2026
146,Thuraiyur,15,M. Ravichandran,Independent,387,4,391,0.21,23,23,Tamil Nadu,Tiruchirappalli,SC,,2026
146,Thuraiyur,16,Nota,None of the Above,686,11,697,0.38,23,23,Tamil Nadu,Tiruchirappalli,SC,,2026
147,Perambalur,1,Arivazhagan. D,Bahujan Samaj Party,674,4,678,0.27,28,28,Tamil Nadu,Perambalur,SC,,2026
147,Perambalur,2,Suganya. J,Naam Tamilar Katchi,9312,162,9474,3.74,28,28,Tamil Nadu,Perambalur,SC,,2026
147,Perambalur,3,Thamizhselvan. R,All India Anna Dravida Munnetra Kazhagam,72040,676,72716,28.67,28,28,Tamil Nadu,Perambalur,SC,NDA,2026
147,Perambalur,4,Dr. Jayalakshmi. S.T,Dravida Munnetra Kazhagam,74447,2042,76489,30.15,28,28,Tamil Nadu,Perambalur,SC,SPA,2026
147,Perambalur,5,Sivakumar. K,Tamilaga Vettri Kazhagam,89776,1106,90882,35.83,28,28,Tamil Nadu,Perambalur,SC,,2026
147,Perambalur,6,Dhamodharan. S,Tamizhaga Vaazhvurimai Katchi,358,2,360,0.14,28,28,Tamil Nadu,Perambalur,SC,,2026
147,Perambalur,7,Anandajothi Paramasivam,Independent,232,3,235,0.09,28,28,Tamil Nadu,Perambalur,SC,,2026
147,Perambalur,8,Chandrakumar. P,Independent,339,0,339,0.13,28,28,Tamil Nadu,Perambalur,SC,,2026
147,Perambalur,9,Shiyamala. M,Independent,421,0,421,0.17,28,28,Tamil Nadu,Perambalur,SC,,2026
147,Perambalur,10,Subramanian. R,Independent,593,2,595,0.23,28,28,Tamil Nadu,Perambalur,SC,,2026
147,Perambalur,11,Jayachandran. B,Independent,304,1,305,0.12,28,28,Tamil Nadu,Perambalur,SC,,2026
147,Perambalur,12,Nota,None of the Above,1132,28,1160,0.46,28,28,Tamil Nadu,Perambalur,SC,,2026
148,Kunnam,1,Keerthivasan. R,Naam Tamilar Katchi,7356,126,7482,3.25,25,25,Tamil Nadu,Perambalur,General,,2026
148,Kunnam,2,Saranya. A,All India Anna Dravida Munnetra Kazhagam,70712,968,71680,31.09,25,25,Tamil Nadu,Perambalur,General,NDA,2026
148,Kunnam,3,Sivasankar. S.S,Dravida Munnetra Kazhagam,85785,1452,87237,37.84,25,25,Tamil Nadu,Perambalur,General,SPA,2026
148,Kunnam,4,Nallusamy. K.M,Bahujan Samaj Party,405,4,409,0.18,25,25,Tamil Nadu,Perambalur,General,,2026
148,Kunnam,5,Anbuthamizhan. T,Thamizh Perarasu Katchi,148,1,149,0.06,25,25,Tamil Nadu,Perambalur,General,,2026
148,Kunnam,6,Raja. S.P,Tamizhaga Vaazhvurimai Katchi,184,5,189,0.08,25,25,Tamil Nadu,Perambalur,General,,2026
148,Kunnam,7,Elangovan. K,Naadaalum Makkal Katchi,546,0,546,0.24,25,25,Tamil Nadu,Perambalur,General,,2026
148,Kunnam,8,Revathi Muthamilselvan,Tamilaga Vettri Kazhagam,58685,485,59170,25.66,25,25,Tamil Nadu,Perambalur,General,,2026
148,Kunnam,9,Udhayasuriyan. T,Independent,210,0,210,0.09,25,25,Tamil Nadu,Perambalur,General,,2026
148,Kunnam,10,Kathiravan. A.C,Independent,62,0,62,0.03,25,25,Tamil Nadu,Perambalur,General,,2026
148,Kunnam,11,Chandrasekar. P,Independent,84,1,85,0.04,25,25,Tamil Nadu,Perambalur,General,,2026
148,Kunnam,12,Saminathan. C,Independent,137,0,137,0.06,25,25,Tamil Nadu,Perambalur,General,,2026
148,Kunnam,13,Sivasankaran. P,Independent,172,0,172,0.07,25,25,Tamil Nadu,Perambalur,General,,2026
148,Kunnam,14,Thanasekar. R,Independent,677,0,677,0.29,25,25,Tamil Nadu,Perambalur,General,,2026
148,Kunnam,15,Nallathambi. P,Independent,507,0,507,0.22,25,25,Tamil Nadu,Perambalur,General,,2026
148,Kunnam,16,Muthamilselvan. D,Independent,268,0,268,0.12,25,25,Tamil Nadu,Perambalur,General,,2026
148,Kunnam,17,Vivek. T,Independent,138,6,144,0.06,25,25,Tamil Nadu,Perambalur,General,,2026
148,Kunnam,18,Vinothkumar. M,Independent,420,1,421,0.18,25,25,Tamil Nadu,Perambalur,General,,2026
148,Kunnam,19,Shajahan,Independent,541,0,541,0.23,25,25,Tamil Nadu,Perambalur,General,,2026
148,Kunnam,20,Nota,None of the Above,473,11,484,0.21,25,25,Tamil Nadu,Perambalur,General,,2026
149,Ariyalur,1,Pugazhendhi D,Naam Tamilar Katchi,8425,102,8527,3.62,25,25,Tamil Nadu,Ariyalur,General,,2026
149,Ariyalur,2,Rajendran S,All India Anna Dravida Munnetra Kazhagam,94468,751,95219,40.37,25,25,Tamil Nadu,Ariyalur,General,NDA,2026
149,Ariyalur,3,Latha Balu,Dravida Munnetra Kazhagam,70092,629,70721,29.98,25,25,Tamil Nadu,Ariyalur,General,SPA,2026
149,Ariyalur,4,Stalin V,Bahujan Samaj Party,472,3,475,0.2,25,25,Tamil Nadu,Ariyalur,General,,2026
149,Ariyalur,5,Thanga. Shanmuga Sundaram,Naadaalum Makkal Katchi,634,3,637,0.27,25,25,Tamil Nadu,Ariyalur,General,,2026
149,Ariyalur,6,Sivakumar M,Tamilaga Vettri Kazhagam,57001,358,57359,24.32,25,25,Tamil Nadu,Ariyalur,General,,2026
149,Ariyalur,7,Sudhakar M,Tamizhaga Vaazhvurimai Katchi,175,2,177,0.08,25,25,Tamil Nadu,Ariyalur,General,,2026
149,Ariyalur,8,Rajkumar S,All India Puratchi Thalaivar Makkal Munnettra Kazhagam,117,0,117,0.05,25,25,Tamil Nadu,Ariyalur,General,,2026
149,Ariyalur,9,Elaiyaraja C,Independent,70,0,70,0.03,25,25,Tamil Nadu,Ariyalur,General,,2026
149,Ariyalur,10,Krishnamoorthy C,Independent,71,3,74,0.03,25,25,Tamil Nadu,Ariyalur,General,,2026
149,Ariyalur,11,Kumar K,Independent,135,1,136,0.06,25,25,Tamil Nadu,Ariyalur,General,,2026
149,Ariyalur,12,Semmalai T,Independent,256,3,259,0.11,25,25,Tamil Nadu,Ariyalur,General,,2026
149,Ariyalur,13,Rajkumar K,Independent,201,0,201,0.09,25,25,Tamil Nadu,Ariyalur,General,,2026
149,Ariyalur,14,Vetrivel G,Independent,553,1,554,0.23,25,25,Tamil Nadu,Ariyalur,General,,2026
149,Ariyalur,15,Jothibasu K,Independent,690,1,691,0.29,25,25,Tamil Nadu,Ariyalur,General,,2026
149,Ariyalur,16,Nota,None of the Above,633,8,641,0.27,25,25,Tamil Nadu,Ariyalur,General,,2026
150,Jayankondam,1,Kannan Ka.So.Ka.,Dravida Munnetra Kazhagam,69703,799,70502,30.85,25,25,Tamil Nadu,Ariyalur,General,SPA,2026
150,Jayankondam,2,Chinnadurai S.,Bahujan Samaj Party,470,5,475,0.21,25,25,Tamil Nadu,Ariyalur,General,,2026
150,Jayankondam,3,Revathi K.,Naam Tamilar Katchi,6118,74,6192,2.71,25,25,Tamil Nadu,Ariyalur,General,,2026
150,Jayankondam,4,Azhagesan V.R.,Desiya Makkal Sakthi Katchi,151,0,151,0.07,25,25,Tamil Nadu,Ariyalur,General,,2026
150,Jayankondam,5,Ravanan M.,Naadaalum Makkal Katchi,707,4,711,0.31,25,25,Tamil Nadu,Ariyalur,General,,2026
150,Jayankondam,6,Kavitha Rajendran G.,Tamilaga Vettri Kazhagam,55101,437,55538,24.3,25,25,Tamil Nadu,Ariyalur,General,,2026
150,Jayankondam,7,Sankar M.,Rashtriya Samaj Dal (R),606,2,608,0.27,25,25,Tamil Nadu,Ariyalur,General,,2026
150,Jayankondam,8,Pagutharivalan A.,Tamizhaga Vaazhvurimai Katchi,266,3,269,0.12,25,25,Tamil Nadu,Ariyalur,General,,2026
150,Jayankondam,9,Ravisankar N.,Aanaithinthiya Jananayaka Pathukappu Kazhagam,1196,7,1203,0.53,25,25,Tamil Nadu,Ariyalur,General,,2026
150,Jayankondam,10,Vaithilingam G.,Pattali Makkal Katchi,87999,993,88992,38.94,25,25,Tamil Nadu,Ariyalur,General,NDA,2026
150,Jayankondam,11,Jayabalan G.,Vada Tamil Nadu Munnetra Katchi,528,0,528,0.23,25,25,Tamil Nadu,Ariyalur,General,,2026
150,Jayankondam,12,Anandhakumar R.,Independent,582,1,583,0.26,25,25,Tamil Nadu,Ariyalur,General,,2026
150,Jayankondam,13,Isac Newtan J.,Independent,114,1,115,0.05,25,25,Tamil Nadu,Ariyalur,General,,2026
150,Jayankondam,14,Kannan K.,Independent,158,0,158,0.07,25,25,Tamil Nadu,Ariyalur,General,,2026
150,Jayankondam,15,Gurunathan N.,Independent,175,2,177,0.08,25,25,Tamil Nadu,Ariyalur,General,,2026
150,Jayankondam,16,Chanthirasekar S.,Independent,984,0,984,0.43,25,25,Tamil Nadu,Ariyalur,General,,2026
150,Jayankondam,17,Vinothsavariremijeas C.,Independent,791,1,792,0.35,25,25,Tamil Nadu,Ariyalur,General,,2026
150,Jayankondam,18,Venkatajalapathi R.,Independent,53,1,54,0.02,25,25,Tamil Nadu,Ariyalur,General,,2026
150,Jayankondam,19,Vezhaventhan D.,Independent,99,1,100,0.04,25,25,Tamil Nadu,Ariyalur,General,,2026
150,Jayankondam,20,Nota,None of the Above,403,13,416,0.18,25,25,Tamil Nadu,Ariyalur,General,,2026
151,Tittakudi,1,Ravichandran K.P,Bahujan Samaj Party,397,2,399,0.23,21,21,Tamil Nadu,Cuddalore,SC,,2026
151,Tittakudi,2,Ganesan C.V,Dravida Munnetra Kazhagam,62086,1020,63106,35.91,21,21,Tamil Nadu,Cuddalore,SC,SPA,2026
151,Tittakudi,3,Mahalakshmi V,Naam Tamilar Katchi,5659,50,5709,3.25,21,21,Tamil Nadu,Cuddalore,SC,,2026
151,Tittakudi,4,Murugumaran N,All India Anna Dravida Munnetra Kazhagam,42159,343,42502,24.18,21,21,Tamil Nadu,Cuddalore,SC,NDA,2026
151,Tittakudi,5,Sathya M,Aanaithinthiya Jananayaka Pathukappu Kazhagam,362,0,362,0.21,21,21,Tamil Nadu,Cuddalore,SC,,2026
151,Tittakudi,6,Palanivel R,All India Puratchi Thalaivar Makkal Munnettra Kazhagam,439,4,443,0.25,21,21,Tamil Nadu,Cuddalore,SC,,2026
151,Tittakudi,7,Rajasekar A,Tamilaga Vettri Kazhagam,60153,324,60477,34.41,21,21,Tamil Nadu,Cuddalore,SC,,2026
151,Tittakudi,8,Jayaraman N,Bahujan Dravida Party,158,0,158,0.09,21,21,Tamil Nadu,Cuddalore,SC,,2026
151,Tittakudi,9,Jaya K,Tamizhaga Vaazhvurimai Katchi,336,2,338,0.19,21,21,Tamil Nadu,Cuddalore,SC,,2026
151,Tittakudi,10,Silambarasan J,Independent,274,1,275,0.16,21,21,Tamil Nadu,Cuddalore,SC,,2026
151,Tittakudi,11,Padmanathan V,Independent,135,1,136,0.08,21,21,Tamil Nadu,Cuddalore,SC,,2026
151,Tittakudi,12,Perinbam D,Independent,313,2,315,0.18,21,21,Tamil Nadu,Cuddalore,SC,,2026
151,Tittakudi,13,Murugan A,Independent,400,1,401,0.23,21,21,Tamil Nadu,Cuddalore,SC,,2026
151,Tittakudi,14,Velmurugan G,Independent,548,1,549,0.31,21,21,Tamil Nadu,Cuddalore,SC,,2026
151,Tittakudi,15,Nota,None of the Above,570,14,584,0.33,21,21,Tamil Nadu,Cuddalore,SC,,2026
152,Vriddhachalam,1,Ananthi Dhandapani,Naam Tamilar Katchi,5962,85,6047,2.89,24,24,Tamil Nadu,Cuddalore,General,,2026
152,Vriddhachalam,2,Sivaprakasam.V,Bahujan Samaj Party,370,4,374,0.18,24,24,Tamil Nadu,Cuddalore,General,,2026
152,Vriddhachalam,3,Premallatha Vijayakant,Desiya Murpokku Dravida Kazhagam,68625,726,69351,33.15,24,24,Tamil Nadu,Cuddalore,General,SPA,2026
152,Vriddhachalam,4,Arivazhagan.E.N,Tamizhaga Vaazhvurimai Katchi,1872,24,1896,0.91,24,24,Tamil Nadu,Cuddalore,General,,2026
152,Vriddhachalam,5,Arivudainambi.S,Anti Corruption Dynamic Party,900,4,904,0.43,24,24,Tamil Nadu,Cuddalore,General,,2026
152,Vriddhachalam,6,Sathiya.B,Anna Makkal Katchi,157,3,160,0.08,24,24,Tamil Nadu,Cuddalore,General,,2026
152,Vriddhachalam,7,Sidharthan.S,Desiya Makkal Sakthi Katchi,225,0,225,0.11,24,24,Tamil Nadu,Cuddalore,General,,2026
152,Vriddhachalam,8,Gnanasundari.M,Aanaithinthiya Jananayaka Pathukappu Kazhagam,608,3,611,0.29,24,24,Tamil Nadu,Cuddalore,General,,2026
152,Vriddhachalam,9,Dr.Tamizharasi.P,Pattali Makkal Katchi,59086,705,59791,28.58,24,24,Tamil Nadu,Cuddalore,General,NDA,2026
152,Vriddhachalam,10,Vijay.S,Tamilaga Vettri Kazhagam,66429,535,66964,32.01,24,24,Tamil Nadu,Cuddalore,General,,2026
152,Vriddhachalam,11,Ezhilkumar.K,Independent,174,1,175,0.08,24,24,Tamil Nadu,Cuddalore,General,,2026
152,Vriddhachalam,12,Sivasankaran.K,Independent,160,1,161,0.08,24,24,Tamil Nadu,Cuddalore,General,,2026
152,Vriddhachalam,13,Srinivasan.R,Independent,326,2,328,0.16,24,24,Tamil Nadu,Cuddalore,General,,2026
152,Vriddhachalam,14,Durai.K,Independent,737,1,738,0.35,24,24,Tamil Nadu,Cuddalore,General,,2026
152,Vriddhachalam,15,Deiveegadass.M,Independent,163,0,163,0.08,24,24,Tamil Nadu,Cuddalore,General,,2026
152,Vriddhachalam,16,Balu.P,Independent,252,0,252,0.12,24,24,Tamil Nadu,Cuddalore,General,,2026
152,Vriddhachalam,17,Prabakaran.T,Independent,129,0,129,0.06,24,24,Tamil Nadu,Cuddalore,General,,2026
152,Vriddhachalam,18,Jayaprakash.S,Independent,161,1,162,0.08,24,24,Tamil Nadu,Cuddalore,General,,2026
152,Vriddhachalam,19,Nota,None of the Above,740,15,755,0.36,24,24,Tamil Nadu,Cuddalore,General,,2026
153,Neyveli,1,Saba.Rajendran,Dravida Munnetra Kazhagam,51951,818,52769,31.26,20,20,Tamil Nadu,Cuddalore,General,SPA,2026
153,Neyveli,2,Rajendran.R,All India Anna Dravida Munnetra Kazhagam,62862,869,63731,37.76,20,20,Tamil Nadu,Cuddalore,General,NDA,2026
153,Neyveli,3,Veeramani.B,Naam Tamilar Katchi,4382,62,4444,2.63,20,20,Tamil Nadu,Cuddalore,General,,2026
153,Neyveli,4,Jothimurugan.V,Bahujan Samaj Party,130,1,131,0.08,20,20,Tamil Nadu,Cuddalore,General,,2026
153,Neyveli,5,Anand.K,Tamilaga Vettri Kazhagam,33956,335,34291,20.32,20,20,Tamil Nadu,Cuddalore,General,,2026
153,Neyveli,6,Thirumalvalavan.T,Tamizhaga Vaazhvurimai Katchi,11246,135,11381,6.74,20,20,Tamil Nadu,Cuddalore,General,,2026
153,Neyveli,7,Mayakrishnan.K,Veerath Thiyagi Viswanathadoss Thozhilalarkal Katchi,136,0,136,0.08,20,20,Tamil Nadu,Cuddalore,General,,2026
153,Neyveli,8,Karthikeyan.C.M,Independent,457,2,459,0.27,20,20,Tamil Nadu,Cuddalore,General,,2026
153,Neyveli,9,Sathiyaseelan.M,Independent,100,2,102,0.06,20,20,Tamil Nadu,Cuddalore,General,,2026
153,Neyveli,10,Chezhiyan.G,Independent,220,1,221,0.13,20,20,Tamil Nadu,Cuddalore,General,,2026
153,Neyveli,11,Manimaran.P,Independent,343,4,347,0.21,20,20,Tamil Nadu,Cuddalore,General,,2026
153,Neyveli,12,Nota,None of the Above,764,4,768,0.46,20,20,Tamil Nadu,Cuddalore,General,,2026
154,Panruti,1,Abdur Rahman. A.R,Viduthalai Chiruthaigal Katchi,66816,919,67735,32.14,23,23,Tamil Nadu,Cuddalore,General,SPA,2026
154,Panruti,2,Banupriya. M,Naam Tamilar Katchi,4783,101,4884,2.32,23,23,Tamil Nadu,Cuddalore,General,,2026
154,Panruti,3,Mohan. K,All India Anna Dravida Munnetra Kazhagam,77385,1013,78398,37.2,23,23,Tamil Nadu,Cuddalore,General,NDA,2026
154,Panruti,4,Srikanthu. S,Bahujan Samaj Party,410,2,412,0.2,23,23,Tamil Nadu,Cuddalore,General,,2026
154,Panruti,5,Surendar. R,Tamizhaga Vaazhvurimai Katchi,1430,19,1449,0.69,23,23,Tamil Nadu,Cuddalore,General,,2026
154,Panruti,6,Prakash. R,Thamizhaka Padaippalar Makkal Katchi,387,1,388,0.18,23,23,Tamil Nadu,Cuddalore,General,,2026
154,Panruti,7,Manikandan. M,Tamilaga Vettri Kazhagam,55455,567,56022,26.58,23,23,Tamil Nadu,Cuddalore,General,,2026
154,Panruti,8,Mohammed Safi. A,Independent,430,1,431,0.2,23,23,Tamil Nadu,Cuddalore,General,,2026
154,Panruti,9,Ramalingam. A,Independent,138,3,141,0.07,23,23,Tamil Nadu,Cuddalore,General,,2026
154,Panruti,10,Nota,None of the Above,899,8,907,0.43,23,23,Tamil Nadu,Cuddalore,General,,2026
155,Cuddalore,1,A.S.Chandarasekaran,Indian National Congress,54063,1274,55337,29.07,20,20,Tamil Nadu,Cuddalore,General,SPA,2026
155,Cuddalore,2,M.C.Sampath,All India Anna Dravida Munnetra Kazhagam,54176,1082,55258,29.03,20,20,Tamil Nadu,Cuddalore,General,NDA,2026
155,Cuddalore,3,S.Sarasu,Naam Tamilar Katchi,5649,117,5766,3.03,20,20,Tamil Nadu,Cuddalore,General,,2026
155,Cuddalore,4,P.Natarajan,Bahujan Samaj Party,135,1,136,0.07,20,20,Tamil Nadu,Cuddalore,General,,2026
155,Cuddalore,5,S. Ramasamy,All India Puratchi Thalaivar Makkal Munnettra Kazhagam,367,8,375,0.2,20,20,Tamil Nadu,Cuddalore,General,,2026
155,Cuddalore,6,B.Rajkumar,Tamilaga Vettri Kazhagam,69847,1009,70856,37.22,20,20,Tamil Nadu,Cuddalore,General,,2026
155,Cuddalore,7,K.Lenin,Tamizhaga Vaazhvurimai Katchi,615,8,623,0.33,20,20,Tamil Nadu,Cuddalore,General,,2026
155,Cuddalore,8,S.Rajamohan,Independent,51,0,51,0.03,20,20,Tamil Nadu,Cuddalore,General,,2026
155,Cuddalore,9,E.Gurubaran,Independent,95,2,97,0.05,20,20,Tamil Nadu,Cuddalore,General,,2026
155,Cuddalore,10,V. Suganthi,Independent,62,0,62,0.03,20,20,Tamil Nadu,Cuddalore,General,,2026
155,Cuddalore,11,P.Nagasundaram,Independent,320,7,327,0.17,20,20,Tamil Nadu,Cuddalore,General,,2026
155,Cuddalore,12,E.Farook Ali,Independent,74,0,74,0.04,20,20,Tamil Nadu,Cuddalore,General,,2026
155,Cuddalore,13,R.Mayavan,Independent,96,1,97,0.05,20,20,Tamil Nadu,Cuddalore,General,,2026
155,Cuddalore,14,R.Ramachandran,Independent,207,4,211,0.11,20,20,Tamil Nadu,Cuddalore,General,,2026
155,Cuddalore,15,R. Veeramani,Independent,212,2,214,0.11,20,20,Tamil Nadu,Cuddalore,General,,2026
155,Cuddalore,16,Nota,None of the Above,865,29,894,0.47,20,20,Tamil Nadu,Cuddalore,General,,2026
156,Kurinjipadi,1,Kavitha Renganathan,Naam Tamilar Katchi,4744,69,4813,2.25,20,20,Tamil Nadu,Cuddalore,General,,2026
156,Kurinjipadi,2,M Kanagaraj,Bahujan Samaj Party,269,4,273,0.13,20,20,Tamil Nadu,Cuddalore,General,,2026
156,Kurinjipadi,3,M.R.K.Panneerselvam,Dravida Munnetra Kazhagam,75778,917,76695,35.84,20,20,Tamil Nadu,Cuddalore,General,SPA,2026
156,Kurinjipadi,4,A Bhuvanenthiran,All India Anna Dravida Munnetra Kazhagam,68444,662,69106,32.3,20,20,Tamil Nadu,Cuddalore,General,NDA,2026
156,Kurinjipadi,5,T Kannan,Tamizhaga Vaazhvurimai Katchi,7065,48,7113,3.32,20,20,Tamil Nadu,Cuddalore,General,,2026
156,Kurinjipadi,6,R Srinivasan,Tamil Telugu National Party,319,4,323,0.15,20,20,Tamil Nadu,Cuddalore,General,,2026
156,Kurinjipadi,7,Rajkumar D,Tamilaga Vettri Kazhagam,52623,487,53110,24.82,20,20,Tamil Nadu,Cuddalore,General,,2026
156,Kurinjipadi,8,Arumugam R,Independent,928,0,928,0.43,20,20,Tamil Nadu,Cuddalore,General,,2026
156,Kurinjipadi,9,Dhanakesavamoorthy A.C.T,Independent,265,0,265,0.12,20,20,Tamil Nadu,Cuddalore,General,,2026
156,Kurinjipadi,10,Manimala R,Independent,456,2,458,0.21,20,20,Tamil Nadu,Cuddalore,General,,2026
156,Kurinjipadi,11,Muthazhagan N,Independent,252,0,252,0.12,20,20,Tamil Nadu,Cuddalore,General,,2026
156,Kurinjipadi,12,Nota,None of the Above,609,20,629,0.29,20,20,Tamil Nadu,Cuddalore,General,,2026
157,Bhuvanagiri,1,Arunmozhithevan . A,All India Anna Dravida Munnetra Kazhagam,74628,1079,75707,36.52,26,26,Tamil Nadu,Cuddalore,General,NDA,2026
157,Bhuvanagiri,2,Kumaravelu . M,Bahujan Samaj Party,360,3,363,0.18,26,26,Tamil Nadu,Cuddalore,General,,2026
157,Bhuvanagiri,3,Saravanan. Durai . K,Dravida Munnetra Kazhagam,72220,1000,73220,35.32,26,26,Tamil Nadu,Cuddalore,General,SPA,2026
157,Bhuvanagiri,4,Sumathi . S,Naam Tamilar Katchi,5025,80,5105,2.46,26,26,Tamil Nadu,Cuddalore,General,,2026
157,Bhuvanagiri,5,Mahalingam . T,Tamilaga Vettri Kazhagam,49506,398,49904,24.07,26,26,Tamil Nadu,Cuddalore,General,,2026
157,Bhuvanagiri,6,Muthamizhan . Seva,Tamizhaga Vaazhvurimai Katchi,894,18,912,0.44,26,26,Tamil Nadu,Cuddalore,General,,2026
157,Bhuvanagiri,7,Arunmozhi . V,Independent,306,2,308,0.15,26,26,Tamil Nadu,Cuddalore,General,,2026
157,Bhuvanagiri,8,Ezhilventhan . P,Independent,48,1,49,0.02,26,26,Tamil Nadu,Cuddalore,General,,2026
157,Bhuvanagiri,9,Iyyappan . S,Independent,69,1,70,0.03,26,26,Tamil Nadu,Cuddalore,General,,2026
157,Bhuvanagiri,10,Saravanan . J,Independent,83,6,89,0.04,26,26,Tamil Nadu,Cuddalore,General,,2026
157,Bhuvanagiri,11,Balamurugan . M. R,Independent,324,0,324,0.16,26,26,Tamil Nadu,Cuddalore,General,,2026
157,Bhuvanagiri,12,Balamurugan . G. C,Independent,336,3,339,0.16,26,26,Tamil Nadu,Cuddalore,General,,2026
157,Bhuvanagiri,13,Raja Sekar . G,Independent,239,0,239,0.12,26,26,Tamil Nadu,Cuddalore,General,,2026
157,Bhuvanagiri,14,Nota,None of the Above,672,9,681,0.33,26,26,Tamil Nadu,Cuddalore,General,,2026
158,Chidambaram,1,Thamimun Ansari. M,Dravida Munnetra Kazhagam,68566,1173,69739,35.48,24,24,Tamil Nadu,Cuddalore,General,SPA,2026
158,Chidambaram,2,Thamizh,Naam Tamilar Katchi,6014,155,6169,3.14,24,24,Tamil Nadu,Cuddalore,General,,2026
158,Chidambaram,3,Pandian. K.A,All India Anna Dravida Munnetra Kazhagam,62826,1166,63992,32.55,24,24,Tamil Nadu,Cuddalore,General,NDA,2026
158,Chidambaram,4,Dhanasekaran. M,All India Puratchi Thalaivar Makkal Munnettra Kazhagam,333,6,339,0.17,24,24,Tamil Nadu,Cuddalore,General,,2026
158,Chidambaram,5,Nedunchezhiyan,Tamilaga Vettri Kazhagam,53945,639,54584,27.77,24,24,Tamil Nadu,Cuddalore,General,,2026
158,Chidambaram,6,Munisankar. K,Anna Puratchi Thalaivar Amma Dravida Munnetra Kazhagam,126,0,126,0.06,24,24,Tamil Nadu,Cuddalore,General,,2026
158,Chidambaram,7,Easan Natarajan. T,Independent,129,1,130,0.07,24,24,Tamil Nadu,Cuddalore,General,,2026
158,Chidambaram,8,Thirugnanam. K,Independent,162,1,163,0.08,24,24,Tamil Nadu,Cuddalore,General,,2026
158,Chidambaram,9,Manimaran. D,Independent,211,0,211,0.11,24,24,Tamil Nadu,Cuddalore,General,,2026
158,Chidambaram,10,Venkatesan. D,Independent,154,3,157,0.08,24,24,Tamil Nadu,Cuddalore,General,,2026
158,Chidambaram,11,Er. Jayakkumar. R,Independent,158,2,160,0.08,24,24,Tamil Nadu,Cuddalore,General,,2026
158,Chidambaram,12,Nota,None of the Above,777,39,816,0.42,24,24,Tamil Nadu,Cuddalore,General,,2026
159,Kattumannarkoil,1,Satheeshkumar .M,Bahujan Samaj Party,245,7,252,0.13,22,22,Tamil Nadu,Cuddalore,SC,,2026
159,Kattumannarkoil,2,Sivajothi .M,Naam Tamilar Katchi,4480,83,4563,2.43,22,22,Tamil Nadu,Cuddalore,SC,,2026
159,Kattumannarkoil,3,L.E. Jothimani,Viduthalai Chiruthaigal Katchi,84130,1049,85179,45.33,22,22,Tamil Nadu,Cuddalore,SC,SPA,2026
159,Kattumannarkoil,4,Alavanthar .M,Tamizhaga Vaazhvurimai Katchi,559,4,563,0.3,22,22,Tamil Nadu,Cuddalore,SC,,2026
159,Kattumannarkoil,5,G. Kalyana Sundaram,All India Jananayaka Makkal Kazhagam,246,1,247,0.13,22,22,Tamil Nadu,Cuddalore,SC,,2026
159,Kattumannarkoil,6,S. Seenuvasan,Tamilaga Vettri Kazhagam,42798,358,43156,22.97,22,22,Tamil Nadu,Cuddalore,SC,,2026
159,Kattumannarkoil,7,A. Sozhan,Pattali Makkal Katchi,51360,756,52116,27.74,22,22,Tamil Nadu,Cuddalore,SC,NDA,2026
159,Kattumannarkoil,8,Babu .B,Rashtriya Samaj Dal (R),188,1,189,0.1,22,22,Tamil Nadu,Cuddalore,SC,,2026
159,Kattumannarkoil,9,S. Murali,Aanaithinthiya Jananayaka Pathukappu Kazhagam,338,4,342,0.18,22,22,Tamil Nadu,Cuddalore,SC,,2026
159,Kattumannarkoil,10,M.A.T. Archunan,Independent,324,0,324,0.17,22,22,Tamil Nadu,Cuddalore,SC,,2026
159,Kattumannarkoil,11,Sankarkumar .S,Independent,508,1,509,0.27,22,22,Tamil Nadu,Cuddalore,SC,,2026
159,Kattumannarkoil,12,Nota,None of the Above,455,10,465,0.25,22,22,Tamil Nadu,Cuddalore,SC,,2026
160,Sirkazhi,1,Gajendran.Kanaga,Bahujan Samaj Party,634,6,640,0.32,23,23,Tamil Nadu,Mayiladuthurai,SC,,2026
160,Sirkazhi,2,Sakthi.M,All India Anna Dravida Munnetra Kazhagam,59441,591,60032,29.95,23,23,Tamil Nadu,Mayiladuthurai,SC,NDA,2026
160,Sirkazhi,3,Subash.R,Naam Tamilar Katchi,7330,67,7397,3.69,23,23,Tamil Nadu,Mayiladuthurai,SC,,2026
160,Sirkazhi,4,Senthilselvan.R,Dravida Munnetra Kazhagam,70765,684,71449,35.64,23,23,Tamil Nadu,Mayiladuthurai,SC,SPA,2026
160,Sirkazhi,5,Gopinath.S,Tamilaga Vettri Kazhagam,58886,263,59149,29.51,23,23,Tamil Nadu,Mayiladuthurai,SC,,2026
160,Sirkazhi,6,Pandiyan.C.R,Indhu Dravida Makkal Katchi,249,0,249,0.12,23,23,Tamil Nadu,Mayiladuthurai,SC,,2026
160,Sirkazhi,7,Babusankar.R,Our Mahathma National Party,193,1,194,0.1,23,23,Tamil Nadu,Mayiladuthurai,SC,,2026
160,Sirkazhi,8,Pethaperumal.K,Tamizhaga Vaazhvurimai Katchi,201,0,201,0.1,23,23,Tamil Nadu,Mayiladuthurai,SC,,2026
160,Sirkazhi,9,Malathi.A,All India Puratchi Thalaivar Makkal Munnettra Kazhagam,362,3,365,0.18,23,23,Tamil Nadu,Mayiladuthurai,SC,,2026
160,Sirkazhi,10,Tamilventhan.R,Independent,215,2,217,0.11,23,23,Tamil Nadu,Mayiladuthurai,SC,,2026
160,Sirkazhi,11,Nota,None of the Above,549,6,555,0.28,23,23,Tamil Nadu,Mayiladuthurai,SC,,2026
161,Mayiladuthurai,1,Kasiraman. K,Naam Tamilar Katchi,6809,77,6886,3.65,22,22,Tamil Nadu,Mayiladuthurai,General,,2026
161,Mayiladuthurai,2,Venkatesan. K,Bahujan Samaj Party,202,4,206,0.11,22,22,Tamil Nadu,Mayiladuthurai,General,,2026
161,Mayiladuthurai,3,Jamal Mohamed Younoos. Y.N,Indian National Congress,67189,822,68011,36.09,22,22,Tamil Nadu,Mayiladuthurai,General,SPA,2026
161,Mayiladuthurai,4,Aravaazhi. K,All India Jananayaka Makkal Kazhagam,357,4,361,0.19,22,22,Tamil Nadu,Mayiladuthurai,General,,2026
161,Mayiladuthurai,5,Karthick. A,Samaniya Makkal Nala Katchi,76,2,78,0.04,22,22,Tamil Nadu,Mayiladuthurai,General,,2026
161,Mayiladuthurai,6,Saravanan. K,Tamizhaga Vaazhvurimai Katchi,310,2,312,0.17,22,22,Tamil Nadu,Mayiladuthurai,General,,2026
161,Mayiladuthurai,7,Palanisamy. A M.Com.,Pattali Makkal Katchi,56621,545,57166,30.33,22,22,Tamil Nadu,Mayiladuthurai,General,NDA,2026
161,Mayiladuthurai,8,Manimaran,Veerath Thiyagi Viswanathadoss Thozhilalarkal Katchi,295,3,298,0.16,22,22,Tamil Nadu,Mayiladuthurai,General,,2026
161,Mayiladuthurai,9,Haroon Rasheed. S.S,Tamilaga Vettri Kazhagam,52242,296,52538,27.88,22,22,Tamil Nadu,Mayiladuthurai,General,,2026
161,Mayiladuthurai,10,Ananthakumar. R,Independent,196,2,198,0.11,22,22,Tamil Nadu,Mayiladuthurai,General,,2026
161,Mayiladuthurai,11,Gangadharan. R,Independent,305,2,307,0.16,22,22,Tamil Nadu,Mayiladuthurai,General,,2026
161,Mayiladuthurai,12,Gobala Krishnan. S,Independent,142,4,146,0.08,22,22,Tamil Nadu,Mayiladuthurai,General,,2026
161,Mayiladuthurai,13,Sampath. L,Independent,274,3,277,0.15,22,22,Tamil Nadu,Mayiladuthurai,General,,2026
161,Mayiladuthurai,14,Thimothy. T,Independent,277,0,277,0.15,22,22,Tamil Nadu,Mayiladuthurai,General,,2026
161,Mayiladuthurai,15,Natarajan. R,Independent,104,2,106,0.06,22,22,Tamil Nadu,Mayiladuthurai,General,,2026
161,Mayiladuthurai,16,Navanitham. S,Independent,241,4,245,0.13,22,22,Tamil Nadu,Mayiladuthurai,General,,2026
161,Mayiladuthurai,17,Bharathiraja. B,Independent,104,0,104,0.06,22,22,Tamil Nadu,Mayiladuthurai,General,,2026
161,Mayiladuthurai,18,Ramkumar. S Bba.Llb,Independent,58,2,60,0.03,22,22,Tamil Nadu,Mayiladuthurai,General,,2026
161,Mayiladuthurai,19,Veerasamy. T,Independent,329,0,329,0.17,22,22,Tamil Nadu,Mayiladuthurai,General,,2026
161,Mayiladuthurai,20,Jamal Mohamed,Independent,81,1,82,0.04,22,22,Tamil Nadu,Mayiladuthurai,General,,2026
161,Mayiladuthurai,21,Nota,None of the Above,465,9,474,0.25,22,22,Tamil Nadu,Mayiladuthurai,General,,2026
162,Poompuhar,1,Ilayanagulan. K,Naam Tamilar Katchi,6308,45,6353,2.9,25,25,Tamil Nadu,Mayiladuthurai,General,,2026
162,Poompuhar,2,Nivedha M Murugan,Dravida Munnetra Kazhagam,80554,542,81096,36.98,25,25,Tamil Nadu,Mayiladuthurai,General,SPA,2026
162,Poompuhar,3,Pavunraj. S,All India Anna Dravida Munnetra Kazhagam,72293,543,72836,33.21,25,25,Tamil Nadu,Mayiladuthurai,General,NDA,2026
162,Poompuhar,4,Prabakaran. V,Bahujan Samaj Party,343,2,345,0.16,25,25,Tamil Nadu,Mayiladuthurai,General,,2026
162,Poompuhar,5,Puratchidasan. T,Anaithinthiya Anna Dravida Makkal Seyal katchi,263,1,264,0.12,25,25,Tamil Nadu,Mayiladuthurai,General,,2026
162,Poompuhar,6,Vijayalaiyan. J,Tamilaga Vettri Kazhagam,55684,218,55902,25.49,25,25,Tamil Nadu,Mayiladuthurai,General,,2026
162,Poompuhar,7,Anandaraj. D,Independent,104,1,105,0.05,25,25,Tamil Nadu,Mayiladuthurai,General,,2026
162,Poompuhar,8,Inbaraj. T,Independent,177,2,179,0.08,25,25,Tamil Nadu,Mayiladuthurai,General,,2026
162,Poompuhar,9,Noor Nisha. M,Independent,107,0,107,0.05,25,25,Tamil Nadu,Mayiladuthurai,General,,2026
162,Poompuhar,10,Maya Venkatesan. M,Independent,725,5,730,0.33,25,25,Tamil Nadu,Mayiladuthurai,General,,2026
162,Poompuhar,11,Murugan. S,Independent,78,5,83,0.04,25,25,Tamil Nadu,Mayiladuthurai,General,,2026
162,Poompuhar,12,Mujibur Rahman. E.M.M,Independent,310,2,312,0.14,25,25,Tamil Nadu,Mayiladuthurai,General,,2026
162,Poompuhar,13,Shangamiththiran. A,Independent,426,0,426,0.19,25,25,Tamil Nadu,Mayiladuthurai,General,,2026
162,Poompuhar,14,Nota,None of the Above,579,7,586,0.27,25,25,Tamil Nadu,Mayiladuthurai,General,,2026
163,Nagapattinam,1,Thanka.Kathiravan,All India Anna Dravida Munnetra Kazhagam,41108,478,41586,27.48,19,19,Tamil Nadu,Nagapattinam,General,NDA,2026
163,Nagapattinam,2,Fathima Farhana.S,Naam Tamilar Katchi,5305,43,5348,3.53,19,19,Tamil Nadu,Nagapattinam,General,,2026
163,Nagapattinam,3,M.H.Jawahirullah,Dravida Munnetra Kazhagam,55695,610,56305,37.21,19,19,Tamil Nadu,Nagapattinam,General,SPA,2026
163,Nagapattinam,4,M.Sugumar,Tamilaga Vettri Kazhagam,46291,233,46524,30.74,19,19,Tamil Nadu,Nagapattinam,General,,2026
163,Nagapattinam,5,J.V.Durai,All India Youth Development Party,207,0,207,0.14,19,19,Tamil Nadu,Nagapattinam,General,,2026
163,Nagapattinam,6,K.Rajasekar,Puthiya Tamilagam,85,1,86,0.06,19,19,Tamil Nadu,Nagapattinam,General,,2026
163,Nagapattinam,7,Vallabadas.E,Tamizhaga Vaazhvurimai Katchi,60,0,60,0.04,19,19,Tamil Nadu,Nagapattinam,General,,2026
163,Nagapattinam,8,M.Iyyankalai,Independent,72,0,72,0.05,19,19,Tamil Nadu,Nagapattinam,General,,2026
163,Nagapattinam,9,T.Kathiravan,Independent,48,6,54,0.04,19,19,Tamil Nadu,Nagapattinam,General,,2026
163,Nagapattinam,10,Sakthivel,Independent,136,0,136,0.09,19,19,Tamil Nadu,Nagapattinam,General,,2026
163,Nagapattinam,11,N P Bhashgaran,Independent,145,10,155,0.1,19,19,Tamil Nadu,Nagapattinam,General,,2026
163,Nagapattinam,12,S.Prem,Independent,150,0,150,0.1,19,19,Tamil Nadu,Nagapattinam,General,,2026
163,Nagapattinam,13,N.Vijayaragavan,Independent,162,2,164,0.11,19,19,Tamil Nadu,Nagapattinam,General,,2026
163,Nagapattinam,14,Nota,None of the Above,473,6,479,0.32,19,19,Tamil Nadu,Nagapattinam,General,,2026
164,Kilvelur,1,Karthika. M,Naam Tamilar Katchi,7942,127,8069,5.32,17,17,Tamil Nadu,Nagapattinam,SC,,2026
164,Kilvelur,2,Latha. T,Communist Party of India (Marxist),55409,699,56108,37,17,17,Tamil Nadu,Nagapattinam,SC,SPA,2026
164,Kilvelur,3,Surenthar. K,Puthiya Tamilagam,558,5,563,0.37,17,17,Tamil Nadu,Nagapattinam,SC,,2026
164,Kilvelur,4,Senthil Pandian. P,Tamilaga Vettri Kazhagam,53333,497,53830,35.5,17,17,Tamil Nadu,Nagapattinam,SC,,2026
164,Kilvelur,5,Vadivel Ravanan. S,Pattali Makkal Katchi,31322,353,31675,20.89,17,17,Tamil Nadu,Nagapattinam,SC,NDA,2026
164,Kilvelur,6,Vedha Mukundhan,Aanaithinthiya Jananayaka Pathukappu Kazhagam,435,2,437,0.29,17,17,Tamil Nadu,Nagapattinam,SC,,2026
164,Kilvelur,7,Jaivishnudevi. M,Independent,405,5,410,0.27,17,17,Tamil Nadu,Nagapattinam,SC,,2026
164,Kilvelur,8,Nota,None of the Above,537,8,545,0.36,17,17,Tamil Nadu,Nagapattinam,SC,,2026
165,Vedaranyam,1,Karthick. T,Naam Tamilar Katchi,10211,185,10396,6.41,18,18,Tamil Nadu,Nagapattinam,General,,2026
165,Vedaranyam,2,Pugazhendi. M,Dravida Munnetra Kazhagam,50587,1254,51841,31.96,18,18,Tamil Nadu,Nagapattinam,General,SPA,2026
165,Vedaranyam,3,Manian. O.S,All India Anna Dravida Munnetra Kazhagam,58108,1064,59172,36.48,18,18,Tamil Nadu,Nagapattinam,General,NDA,2026
165,Vedaranyam,4,Kingsly Gerald. A,Tamilaga Vettri Kazhagam,38071,276,38347,23.64,18,18,Tamil Nadu,Nagapattinam,General,,2026
165,Vedaranyam,5,Lingeswaran. M,All India Puratchi Thalaivar Makkal Munnettra Kazhagam,378,4,382,0.24,18,18,Tamil Nadu,Nagapattinam,General,,2026
165,Vedaranyam,6,Rajasimman. D,Independent,253,6,259,0.16,18,18,Tamil Nadu,Nagapattinam,General,,2026
165,Vedaranyam,7,Gowthaman. M,Independent,202,2,204,0.13,18,18,Tamil Nadu,Nagapattinam,General,,2026
165,Vedaranyam,8,Sathiyaseelan. M,Independent,206,1,207,0.13,18,18,Tamil Nadu,Nagapattinam,General,,2026
165,Vedaranyam,9,Selvakumar. S,Independent,158,0,158,0.1,18,18,Tamil Nadu,Nagapattinam,General,,2026
165,Vedaranyam,10,Thivaskar. B,Independent,309,15,324,0.2,18,18,Tamil Nadu,Nagapattinam,General,,2026
165,Vedaranyam,11,Veerakumar. V,Independent,352,11,363,0.22,18,18,Tamil Nadu,Nagapattinam,General,,2026
165,Vedaranyam,12,Nota,None of the Above,548,15,563,0.35,18,18,Tamil Nadu,Nagapattinam,General,,2026
166,Thiruthuraipoondi,1,Balathandayutham.U,All India Anna Dravida Munnetra Kazhagam,42732,341,43073,22.55,21,21,Tamil Nadu,Tiruvarur,SC,NDA,2026
166,Thiruthuraipoondi,2,Marimuthu.K,Communist Party of India,73139,923,74062,38.77,21,21,Tamil Nadu,Tiruvarur,SC,SPA,2026
166,Thiruthuraipoondi,3,Vimala.A,Bahujan Samaj Party,512,13,525,0.27,21,21,Tamil Nadu,Tiruvarur,SC,,2026
166,Thiruthuraipoondi,4,Vinothini.R,Naam Tamilar Katchi,10047,129,10176,5.33,21,21,Tamil Nadu,Tiruvarur,SC,,2026
166,Thiruthuraipoondi,5,Arumugam.N,Tamizhaga Vaazhvurimai Katchi,445,5,450,0.24,21,21,Tamil Nadu,Tiruvarur,SC,,2026
166,Thiruthuraipoondi,6,Pandiyan.S,Tamilaga Vettri Kazhagam,60771,369,61140,32.01,21,21,Tamil Nadu,Tiruvarur,SC,,2026
166,Thiruthuraipoondi,7,Sivaprakasam.V,Independent,276,2,278,0.15,21,21,Tamil Nadu,Tiruvarur,SC,,2026
166,Thiruthuraipoondi,8,Muruganantham.V,Independent,163,1,164,0.09,21,21,Tamil Nadu,Tiruvarur,SC,,2026
166,Thiruthuraipoondi,9,Jayasangar.A,Independent,360,5,365,0.19,21,21,Tamil Nadu,Tiruvarur,SC,,2026
166,Thiruthuraipoondi,10,Nota,None of the Above,775,22,797,0.42,21,21,Tamil Nadu,Tiruvarur,SC,,2026
167,Mannargudi,1,Kamaraj.S,Bahujan Samaj Party,385,2,387,0.2,22,22,Tamil Nadu,Tiruvarur,General,,2026
167,Mannargudi,2,Bharathiselvan.R,Naam Tamilar Katchi,8153,87,8240,4.25,22,22,Tamil Nadu,Tiruvarur,General,,2026
167,Mannargudi,3,Rajaa.T.R.B,Dravida Munnetra Kazhagam,66068,782,66850,34.44,22,22,Tamil Nadu,Tiruvarur,General,SPA,2026
167,Mannargudi,4,Kamaraj. S,Amma Makkal Munnettra Kazagam,67837,579,68416,35.25,22,22,Tamil Nadu,Tiruvarur,General,,2026
167,Mannargudi,5,Govindaraj.G,Tamizhaga Vaazhvurimai Katchi,633,2,635,0.33,22,22,Tamil Nadu,Tiruvarur,General,,2026
167,Mannargudi,6,Bharathi.B,Puthiya Tamilagam,328,15,343,0.18,22,22,Tamil Nadu,Tiruvarur,General,,2026
167,Mannargudi,7,Muthuvel.V,Tamilaga Makkal Nala Katchi,114,1,115,0.06,22,22,Tamil Nadu,Tiruvarur,General,,2026
167,Mannargudi,8,Rasupillai.S,All India Puratchi Thalaivar Makkal Munnettra Kazhagam,1943,6,1949,1,22,22,Tamil Nadu,Tiruvarur,General,,2026
167,Mannargudi,9,Rajarajan.U,Tamilaga Vettri Kazhagam,44026,240,44266,22.81,22,22,Tamil Nadu,Tiruvarur,General,,2026
167,Mannargudi,10,Arulprakash. P,Independent,284,1,285,0.15,22,22,Tamil Nadu,Tiruvarur,General,,2026
167,Mannargudi,11,Kamaraj.A,Independent,645,19,664,0.34,22,22,Tamil Nadu,Tiruvarur,General,,2026
167,Mannargudi,12,Durai Arasan.K,Independent,148,1,149,0.08,22,22,Tamil Nadu,Tiruvarur,General,,2026
167,Mannargudi,13,Namasivayam.N,Independent,659,0,659,0.34,22,22,Tamil Nadu,Tiruvarur,General,,2026
167,Mannargudi,14,Prabhu. S,Independent,632,1,633,0.33,22,22,Tamil Nadu,Tiruvarur,General,,2026
167,Mannargudi,15,Marimuthu.A.V.M,Independent,104,0,104,0.05,22,22,Tamil Nadu,Tiruvarur,General,,2026
167,Mannargudi,16,Nota,None of the Above,399,6,405,0.21,22,22,Tamil Nadu,Tiruvarur,General,,2026
168,Thiruvarur,1,Aswini B,Naam Tamilar Katchi,9896,135,10031,4.6,25,25,Tamil Nadu,Tiruvarur,General,,2026
168,Thiruvarur,2,Kalaivanan Poondi K,Dravida Munnetra Kazhagam,92504,904,93408,42.87,25,25,Tamil Nadu,Tiruvarur,General,SPA,2026
168,Thiruvarur,3,Chandrasekaran Govi,Bharatiya Janata Party,35978,409,36387,16.7,25,25,Tamil Nadu,Tiruvarur,General,NDA,2026
168,Thiruvarur,4,Kanthan A,Tamizhaga Vaazhvurimai Katchi,497,6,503,0.23,25,25,Tamil Nadu,Tiruvarur,General,,2026
168,Thiruvarur,5,Thiyagarajan .M,Puthiya Tamilagam,510,16,526,0.24,25,25,Tamil Nadu,Tiruvarur,General,,2026
168,Thiruvarur,6,Veeramani V,Tamilaga Vettri Kazhagam,74822,438,75260,34.54,25,25,Tamil Nadu,Tiruvarur,General,,2026
168,Thiruvarur,7,Mutharasan S,Independent,339,3,342,0.16,25,25,Tamil Nadu,Tiruvarur,General,,2026
168,Thiruvarur,8,Sahul Hameed M,Independent,588,5,593,0.27,25,25,Tamil Nadu,Tiruvarur,General,,2026
168,Thiruvarur,9,Nota,None of the Above,813,12,825,0.38,25,25,Tamil Nadu,Tiruvarur,General,,2026
169,Nannilam,1,Kamaraj. R,All India Anna Dravida Munnetra Kazhagam,102544,918,103462,44.7,25,25,Tamil Nadu,Tiruvarur,General,NDA,2026
169,Nannilam,2,Thenmozhi Dilipkumar,Naam Tamilar Katchi,8370,76,8446,3.65,25,25,Tamil Nadu,Tiruvarur,General,,2026
169,Nannilam,3,Mohamed Mubarak,Dravida Munnetra Kazhagam,61181,557,61738,26.68,25,25,Tamil Nadu,Tiruvarur,General,SPA,2026
169,Nannilam,4,Sivaraman. T,Tamizhaga Vaazhvurimai Katchi,287,2,289,0.12,25,25,Tamil Nadu,Tiruvarur,General,,2026
169,Nannilam,5,Tamilselvan. M,Puthiya Tamilagam,215,4,219,0.09,25,25,Tamil Nadu,Tiruvarur,General,,2026
169,Nannilam,6,Prabhakaran. S,Tamilaga Vettri Kazhagam,54262,268,54530,23.56,25,25,Tamil Nadu,Tiruvarur,General,,2026
169,Nannilam,7,Raja. S,All India Puratchi Thalaivar Makkal Munnettra Kazhagam,854,7,861,0.37,25,25,Tamil Nadu,Tiruvarur,General,,2026
169,Nannilam,8,Sankar. R,Independent,52,0,52,0.02,25,25,Tamil Nadu,Tiruvarur,General,,2026
169,Nannilam,9,Shanmugaraja. D,Independent,76,10,86,0.04,25,25,Tamil Nadu,Tiruvarur,General,,2026
169,Nannilam,10,Suresh. V,Independent,104,0,104,0.04,25,25,Tamil Nadu,Tiruvarur,General,,2026
169,Nannilam,11,Bharathimohan. K.S,Independent,98,5,103,0.04,25,25,Tamil Nadu,Tiruvarur,General,,2026
169,Nannilam,12,Mohumed Riyas. K,Independent,140,3,143,0.06,25,25,Tamil Nadu,Tiruvarur,General,,2026
169,Nannilam,13,Ravichandran. R,Independent,251,0,251,0.11,25,25,Tamil Nadu,Tiruvarur,General,,2026
169,Nannilam,14,Rajasekar. R,Independent,224,0,224,0.1,25,25,Tamil Nadu,Tiruvarur,General,,2026
169,Nannilam,15,Nota,None of the Above,930,6,936,0.4,25,25,Tamil Nadu,Tiruvarur,General,,2026
170,Thiruvidaimarudur,1,Elamathi Subramanian,All India Anna Dravida Munnetra Kazhagam,52592,330,52922,25.33,25,25,Tamil Nadu,Thanjavur,General,NDA,2026
170,Thiruvidaimarudur,2,Govi.Chezhiaan,Dravida Munnetra Kazhagam,79307,644,79951,38.26,25,25,Tamil Nadu,Thanjavur,General,SPA,2026
170,Thiruvidaimarudur,3,M.Divya Bharathi,Naam Tamilar Katchi,6313,50,6363,3.05,25,25,Tamil Nadu,Thanjavur,General,,2026
170,Thiruvidaimarudur,4,T.M.Puratchi Mani,Bahujan Samaj Party,1021,22,1043,0.5,25,25,Tamil Nadu,Thanjavur,General,,2026
170,Thiruvidaimarudur,5,Kannaiyan. T,Communist Party of India (Marxist-Leninist) (Liberation),317,4,321,0.15,25,25,Tamil Nadu,Thanjavur,General,,2026
170,Thiruvidaimarudur,6,S.Prabakaran,Tamilaga Vettri Kazhagam,65620,215,65835,31.51,25,25,Tamil Nadu,Thanjavur,General,,2026
170,Thiruvidaimarudur,7,A.Viswanathan,Tamizhaga Vaazhvurimai Katchi,272,1,273,0.13,25,25,Tamil Nadu,Thanjavur,General,,2026
170,Thiruvidaimarudur,8,Aravindaraj. R,Independent,84,0,84,0.04,25,25,Tamil Nadu,Thanjavur,General,,2026
170,Thiruvidaimarudur,9,Keerthiga. K,Independent,90,5,95,0.05,25,25,Tamil Nadu,Thanjavur,General,,2026
170,Thiruvidaimarudur,10,Selvarani. S,Independent,131,8,139,0.07,25,25,Tamil Nadu,Thanjavur,General,,2026
170,Thiruvidaimarudur,11,M.Tamilmaran,Independent,141,2,143,0.07,25,25,Tamil Nadu,Thanjavur,General,,2026
170,Thiruvidaimarudur,12,Dhanasekar,Independent,266,0,266,0.13,25,25,Tamil Nadu,Thanjavur,General,,2026
170,Thiruvidaimarudur,13,L.Prabakaran,Independent,174,0,174,0.08,25,25,Tamil Nadu,Thanjavur,General,,2026
170,Thiruvidaimarudur,14,P.Manikandan,Independent,587,1,588,0.28,25,25,Tamil Nadu,Thanjavur,General,,2026
170,Thiruvidaimarudur,15,Nota,None of the Above,740,7,747,0.36,25,25,Tamil Nadu,Thanjavur,General,,2026
171,Kumbakonam,1,Ashokkumar R,Bharatiya Janata Party,39558,545,40103,19.25,23,23,Tamil Nadu,Thanjavur,General,NDA,2026
171,Kumbakonam,2,Anbalagan G,Dravida Munnetra Kazhagam,76932,1039,77971,37.43,23,23,Tamil Nadu,Thanjavur,General,SPA,2026
171,Kumbakonam,3,Anandh M,Naam Tamilar Katchi,7611,99,7710,3.7,23,23,Tamil Nadu,Thanjavur,General,,2026
171,Kumbakonam,4,Arokiyaraj V,Tamizhaga Vaazhvurimai Katchi,196,0,196,0.09,23,23,Tamil Nadu,Thanjavur,General,,2026
171,Kumbakonam,5,Sundar G,Thamizh Desiya Munnetra Kazhagam,232,1,233,0.11,23,23,Tamil Nadu,Thanjavur,General,,2026
171,Kumbakonam,6,Vinoth,Tamilaga Vettri Kazhagam,78255,395,78650,37.76,23,23,Tamil Nadu,Thanjavur,General,,2026
171,Kumbakonam,7,Arivazhagan K,Independent,235,6,241,0.12,23,23,Tamil Nadu,Thanjavur,General,,2026
171,Kumbakonam,8,Karthi G,Independent,89,1,90,0.04,23,23,Tamil Nadu,Thanjavur,General,,2026
171,Kumbakonam,9,Srinivasan V,Independent,380,4,384,0.18,23,23,Tamil Nadu,Thanjavur,General,,2026
171,Kumbakonam,10,Senthamilselvi S,Independent,77,6,83,0.04,23,23,Tamil Nadu,Thanjavur,General,,2026
171,Kumbakonam,11,Ramamoorthi R,Independent,89,0,89,0.04,23,23,Tamil Nadu,Thanjavur,General,,2026
171,Kumbakonam,12,Vijayakumar C,Independent,170,3,173,0.08,23,23,Tamil Nadu,Thanjavur,General,,2026
171,Kumbakonam,13,Stalin Ma Ka,Independent,1392,13,1405,0.67,23,23,Tamil Nadu,Thanjavur,General,,2026
171,Kumbakonam,14,Nota,None of the Above,941,19,960,0.46,23,23,Tamil Nadu,Thanjavur,General,,2026
172,Papanasam,1,Anis Fathima,Naam Tamilar Katchi,9497,107,9604,4.62,23,23,Tamil Nadu,Thanjavur,General,,2026
172,Papanasam,2,Dorai. Shanmuga Prabu,All India Anna Dravida Munnetra Kazhagam,56543,529,57072,27.48,23,23,Tamil Nadu,Thanjavur,General,NDA,2026
172,Papanasam,3,Azarudeen Uduman Ali,Tamilaga Vettri Kazhagam,67855,364,68219,32.84,23,23,Tamil Nadu,Thanjavur,General,,2026
172,Papanasam,4,C. Chandrasekaran,Thamizh Desiya Munnetra Kazhagam,515,9,524,0.25,23,23,Tamil Nadu,Thanjavur,General,,2026
172,Papanasam,5,B. Dhamodharan,Tamizhaga Vaazhvurimai Katchi,303,4,307,0.15,23,23,Tamil Nadu,Thanjavur,General,,2026
172,Papanasam,6,K. Masilamani,Communist Party of India (Marxist-Leninist) (Liberation),354,1,355,0.17,23,23,Tamil Nadu,Thanjavur,General,,2026
172,Papanasam,7,A.M. Shahjahan,Indian Union Muslim League,68742,542,69284,33.35,23,23,Tamil Nadu,Thanjavur,General,,2026
172,Papanasam,8,A. Anis Fathima Abdul Rahim,Independent,501,2,503,0.24,23,23,Tamil Nadu,Thanjavur,General,,2026
172,Papanasam,9,V. Kulandhaivelu,Independent,202,3,205,0.1,23,23,Tamil Nadu,Thanjavur,General,,2026
172,Papanasam,10,A S Thangarasu,Independent,196,5,201,0.1,23,23,Tamil Nadu,Thanjavur,General,,2026
172,Papanasam,11,V. Thiyagarajan,Independent,248,0,248,0.12,23,23,Tamil Nadu,Thanjavur,General,,2026
172,Papanasam,12,S. Natarajan,Independent,296,1,297,0.14,23,23,Tamil Nadu,Thanjavur,General,,2026
172,Papanasam,13,K. Rajendran,Independent,187,1,188,0.09,23,23,Tamil Nadu,Thanjavur,General,,2026
172,Papanasam,14,Nota,None of the Above,702,14,716,0.34,23,23,Tamil Nadu,Thanjavur,General,,2026
173,Thiruvaiyaru,1,Durai. Chandrasekaran,Dravida Munnetra Kazhagam,79538,887,80425,36.21,25,25,Tamil Nadu,Thanjavur,General,SPA,2026
173,Thiruvaiyaru,2,Durai. Senthilnathan,Naam Tamilar Katchi,10539,142,10681,4.81,25,25,Tamil Nadu,Thanjavur,General,,2026
173,Thiruvaiyaru,3,Velu. Karthikeyan,Amma Makkal Munnettra Kazagam,54663,458,55121,24.82,25,25,Tamil Nadu,Thanjavur,General,,2026
173,Thiruvaiyaru,4,Mathi. Manikandan,Tamilaga Vettri Kazhagam,71280,590,71870,32.36,25,25,Tamil Nadu,Thanjavur,General,,2026
173,Thiruvaiyaru,5,S. Vijayakumar,Anna Puratchi Thalaivar Amma Dravida Munnetra Kazhagam,293,0,293,0.13,25,25,Tamil Nadu,Thanjavur,General,,2026
173,Thiruvaiyaru,6,Vijaya Babu,Tamizhaga Vaazhvurimai Katchi,1106,24,1130,0.51,25,25,Tamil Nadu,Thanjavur,General,,2026
173,Thiruvaiyaru,7,V. Venu,Puthiya Tamilagam,341,11,352,0.16,25,25,Tamil Nadu,Thanjavur,General,,2026
173,Thiruvaiyaru,8,Abiman,Independent,125,2,127,0.06,25,25,Tamil Nadu,Thanjavur,General,,2026
173,Thiruvaiyaru,9,Er.S. Arjun,Independent,151,5,156,0.07,25,25,Tamil Nadu,Thanjavur,General,,2026
173,Thiruvaiyaru,10,R. Sathiyanarayanan,Independent,177,1,178,0.08,25,25,Tamil Nadu,Thanjavur,General,,2026
173,Thiruvaiyaru,11,Rajasekaran. S,Independent,345,12,357,0.16,25,25,Tamil Nadu,Thanjavur,General,,2026
173,Thiruvaiyaru,12,R. Rajkumar,Independent,306,0,306,0.14,25,25,Tamil Nadu,Thanjavur,General,,2026
173,Thiruvaiyaru,13,Jayaindhraeswaran,Independent,167,0,167,0.08,25,25,Tamil Nadu,Thanjavur,General,,2026
173,Thiruvaiyaru,14,Nota,None of the Above,935,13,948,0.43,25,25,Tamil Nadu,Thanjavur,General,,2026
174,Thanjavur,1,Shan. Ramanathan,Dravida Munnetra Kazhagam,69339,1411,70750,35.59,24,24,Tamil Nadu,Thanjavur,General,SPA,2026
174,Thanjavur,2,N. Krishnakumar,Naam Tamilar Katchi,9235,148,9383,4.72,24,24,Tamil Nadu,Thanjavur,General,,2026
174,Thanjavur,3,Karuppu Muruganantham,Bharatiya Janata Party,26350,440,26790,13.48,24,24,Tamil Nadu,Thanjavur,General,NDA,2026
174,Thanjavur,4,H. Mohamed Abdul Khadir,Tamizhaga Vaazhvurimai Katchi,264,2,266,0.13,24,24,Tamil Nadu,Thanjavur,General,,2026
174,Thanjavur,5,S. Muthuvel,Bahujan Dravida Party,508,5,513,0.26,24,24,Tamil Nadu,Thanjavur,General,,2026
174,Thanjavur,6,R. Vijaysaravanan,Tamilaga Vettri Kazhagam,86874,831,87705,44.12,24,24,Tamil Nadu,Thanjavur,General,,2026
174,Thanjavur,7,S. Karikala Cholan,Independent,793,7,800,0.4,24,24,Tamil Nadu,Thanjavur,General,,2026
174,Thanjavur,8,D. Kumaran,Independent,156,1,157,0.08,24,24,Tamil Nadu,Thanjavur,General,,2026
174,Thanjavur,9,M. Santhosh,Independent,170,9,179,0.09,24,24,Tamil Nadu,Thanjavur,General,,2026
174,Thanjavur,10,R. Sabthagiri,Independent,136,1,137,0.07,24,24,Tamil Nadu,Thanjavur,General,,2026
174,Thanjavur,11,R. Muralidharan,Independent,822,22,844,0.42,24,24,Tamil Nadu,Thanjavur,General,,2026
174,Thanjavur,12,Nota,None of the Above,1245,29,1274,0.64,24,24,Tamil Nadu,Thanjavur,General,,2026
175,Orathanadu,1,M. Sekar,All India Anna Dravida Munnetra Kazhagam,43890,370,44260,22.66,24,24,Tamil Nadu,Thanjavur,General,NDA,2026
175,Orathanadu,2,S.Thirumurugan,Naam Tamilar Katchi,10048,87,10135,5.19,24,24,Tamil Nadu,Thanjavur,General,,2026
175,Orathanadu,3,R. Vaithilingam,Dravida Munnetra Kazhagam,85816,943,86759,44.42,24,24,Tamil Nadu,Thanjavur,General,SPA,2026
175,Orathanadu,4,Dr. K. Arvind,Tamilaga Vettri Kazhagam,51412,319,51731,26.49,24,24,Tamil Nadu,Thanjavur,General,,2026
175,Orathanadu,5,C. Gunasekaran,Thamizh Desiya Munnetra Kazhagam,351,1,352,0.18,24,24,Tamil Nadu,Thanjavur,General,,2026
175,Orathanadu,6,M. Selvaraj,Party for the Rights of Other backward Classes,545,3,548,0.28,24,24,Tamil Nadu,Thanjavur,General,,2026
175,Orathanadu,7,A. Ajeshkannan,Independent,257,0,257,0.13,24,24,Tamil Nadu,Thanjavur,General,,2026
175,Orathanadu,8,M. Kanagaraj,Independent,353,1,354,0.18,24,24,Tamil Nadu,Thanjavur,General,,2026
175,Orathanadu,9,T. Vijayakumar,Independent,269,8,277,0.14,24,24,Tamil Nadu,Thanjavur,General,,2026
175,Orathanadu,10,Nota,None of the Above,625,6,631,0.32,24,24,Tamil Nadu,Thanjavur,General,,2026
176,Pattukkottai,1,Annadurai K,Dravida Munnetra Kazhagam,65297,666,65963,35.9,24,24,Tamil Nadu,Thanjavur,General,SPA,2026
176,Pattukkottai,2,Kannan S,Naam Tamilar Katchi,13032,113,13145,7.15,24,24,Tamil Nadu,Thanjavur,General,,2026
176,Pattukkottai,3,Sekar C V,All India Anna Dravida Munnetra Kazhagam,49324,251,49575,26.98,24,24,Tamil Nadu,Thanjavur,General,NDA,2026
176,Pattukkottai,4,Gurumoorthy M,Puthiya Tamilagam,519,2,521,0.28,24,24,Tamil Nadu,Thanjavur,General,,2026
176,Pattukkottai,5,Mathan C,Tamilaga Vettri Kazhagam,51962,247,52209,28.41,24,24,Tamil Nadu,Thanjavur,General,,2026
176,Pattukkottai,6,Annadurai C N,Independent,382,0,382,0.21,24,24,Tamil Nadu,Thanjavur,General,,2026
176,Pattukkottai,7,Suresh M R,Independent,237,1,238,0.13,24,24,Tamil Nadu,Thanjavur,General,,2026
176,Pattukkottai,8,Suresh R,Independent,195,0,195,0.11,24,24,Tamil Nadu,Thanjavur,General,,2026
176,Pattukkottai,9,Mohamed Sharif M,Independent,243,7,250,0.14,24,24,Tamil Nadu,Thanjavur,General,,2026
176,Pattukkottai,10,Muthukumar D,Independent,240,0,240,0.13,24,24,Tamil Nadu,Thanjavur,General,,2026
176,Pattukkottai,11,Ziaudeen A J,Independent,285,4,289,0.16,24,24,Tamil Nadu,Thanjavur,General,,2026
176,Pattukkottai,12,Nota,None of the Above,729,9,738,0.4,24,24,Tamil Nadu,Thanjavur,General,,2026
177,Peravurani,1,Ashokkumar. N,Dravida Munnetra Kazhagam,60262,657,60919,34.56,21,21,Tamil Nadu,Thanjavur,General,SPA,2026
177,Peravurani,2,Govi.Elango,All India Anna Dravida Munnetra Kazhagam,57353,404,57757,32.77,21,21,Tamil Nadu,Thanjavur,General,NDA,2026
177,Peravurani,3,Bhuvana Maniyarasan,Naam Tamilar Katchi,9054,68,9122,5.17,21,21,Tamil Nadu,Thanjavur,General,,2026
177,Peravurani,4,Neiveli Sasikumar,Tamizhaga Vaazhvurimai Katchi,411,4,415,0.24,21,21,Tamil Nadu,Thanjavur,General,,2026
177,Peravurani,5,D.Chandrakandeeban,Tamilaga Vettri Kazhagam,45394,182,45576,25.86,21,21,Tamil Nadu,Thanjavur,General,,2026
177,Peravurani,6,G.Chithiravelu,Puthiya Tamilagam,275,3,278,0.16,21,21,Tamil Nadu,Thanjavur,General,,2026
177,Peravurani,7,R.Ravi,All India Puratchi Thalaivar Makkal Munnettra Kazhagam,557,3,560,0.32,21,21,Tamil Nadu,Thanjavur,General,,2026
177,Peravurani,8,T.Arulmurugan,Independent,293,1,294,0.17,21,21,Tamil Nadu,Thanjavur,General,,2026
177,Peravurani,9,U.Uthayakumar,Independent,235,6,241,0.14,21,21,Tamil Nadu,Thanjavur,General,,2026
177,Peravurani,10,Pasumaibhoomi Natarajan,Independent,415,2,417,0.24,21,21,Tamil Nadu,Thanjavur,General,,2026
177,Peravurani,11,Nota,None of the Above,692,3,695,0.39,21,21,Tamil Nadu,Thanjavur,General,,2026
178,Gandharvakottai,1,C. Uthayakumar,Bharatiya Janata Party,47427,329,47756,28.49,18,18,Tamil Nadu,Pudukkottai,SC,NDA,2026
178,Gandharvakottai,2,M. Chinnadurai,Communist Party of India (Marxist),46188,546,46734,27.88,18,18,Tamil Nadu,Pudukkottai,SC,SPA,2026
178,Gandharvakottai,3,Nathiya,Naam Tamilar Katchi,10082,107,10189,6.08,18,18,Tamil Nadu,Pudukkottai,SC,,2026
178,Gandharvakottai,4,N. Subramanian,Tamilaga Vettri Kazhagam,58386,409,58795,35.08,18,18,Tamil Nadu,Pudukkottai,SC,,2026
178,Gandharvakottai,5,Dhanarasu,Namadhu Makkal Katchi,403,2,405,0.24,18,18,Tamil Nadu,Pudukkottai,SC,,2026
178,Gandharvakottai,6,Arunkumar . S,Independent,642,11,653,0.39,18,18,Tamil Nadu,Pudukkottai,SC,,2026
178,Gandharvakottai,7,Sasikumar P,Independent,320,9,329,0.2,18,18,Tamil Nadu,Pudukkottai,SC,,2026
178,Gandharvakottai,8,Senthilkumar N,Independent,637,5,642,0.38,18,18,Tamil Nadu,Pudukkottai,SC,,2026
178,Gandharvakottai,9,T. Murugesan,Independent,403,1,404,0.24,18,18,Tamil Nadu,Pudukkottai,SC,,2026
178,Gandharvakottai,10,M. Lakshmanan,Independent,584,0,584,0.35,18,18,Tamil Nadu,Pudukkottai,SC,,2026
178,Gandharvakottai,11,Nota,None of the Above,1120,7,1127,0.67,18,18,Tamil Nadu,Pudukkottai,SC,,2026
179,Viralimalai,1,Sathyalakshmi. K,Naam Tamilar Katchi,9389,78,9467,4.64,22,22,Tamil Nadu,Pudukkottai,General,,2026
179,Viralimalai,2,Chellapandiyan. K.K,Dravida Munnetra Kazhagam,39884,513,40397,19.81,22,22,Tamil Nadu,Pudukkottai,General,SPA,2026
179,Viralimalai,3,Vijayabaskar. C,All India Anna Dravida Munnetra Kazhagam,104857,916,105773,51.87,22,22,Tamil Nadu,Pudukkottai,General,NDA,2026
179,Viralimalai,4,Karthika Prakash,All India Puratchi Thalaivar Makkal Munnettra Kazhagam,830,4,834,0.41,22,22,Tamil Nadu,Pudukkottai,General,,2026
179,Viralimalai,5,Selvaraj. A,Puthiya Tamilagam,245,6,251,0.12,22,22,Tamil Nadu,Pudukkottai,General,,2026
179,Viralimalai,6,Palanisamy. K,Veerath Thiyagi Viswanathadoss Thozhilalarkal Katchi,261,0,261,0.13,22,22,Tamil Nadu,Pudukkottai,General,,2026
179,Viralimalai,7,Murugesan. P,Tamilaga Vettri Kazhagam,43464,236,43700,21.43,22,22,Tamil Nadu,Pudukkottai,General,,2026
179,Viralimalai,8,Adaikalaraj. S,Independent,95,1,96,0.05,22,22,Tamil Nadu,Pudukkottai,General,,2026
179,Viralimalai,9,Alagar. P Advocate,Independent,52,0,52,0.03,22,22,Tamil Nadu,Pudukkottai,General,,2026
179,Viralimalai,10,Chandrajothi. M,Independent,58,2,60,0.03,22,22,Tamil Nadu,Pudukkottai,General,,2026
179,Viralimalai,11,Subbaiah. R,Independent,71,4,75,0.04,22,22,Tamil Nadu,Pudukkottai,General,,2026
179,Viralimalai,12,Thirumurugan. A,Independent,68,2,70,0.03,22,22,Tamil Nadu,Pudukkottai,General,,2026
179,Viralimalai,13,Thirumurugan. K,Independent,217,1,218,0.11,22,22,Tamil Nadu,Pudukkottai,General,,2026
179,Viralimalai,14,Thiruvendran. V,Independent,424,0,424,0.21,22,22,Tamil Nadu,Pudukkottai,General,,2026
179,Viralimalai,15,Palanisamy. A,Independent,134,0,134,0.07,22,22,Tamil Nadu,Pudukkottai,General,,2026
179,Viralimalai,16,Balasubramanian. K.K,Independent,205,0,205,0.1,22,22,Tamil Nadu,Pudukkottai,General,,2026
179,Viralimalai,17,Balasubramanian. M,Independent,130,0,130,0.06,22,22,Tamil Nadu,Pudukkottai,General,,2026
179,Viralimalai,18,Balavel Murugesan. T,Independent,215,0,215,0.11,22,22,Tamil Nadu,Pudukkottai,General,,2026
179,Viralimalai,19,Mahendiran. K,Independent,555,0,555,0.27,22,22,Tamil Nadu,Pudukkottai,General,,2026
179,Viralimalai,20,Manikandan. M,Independent,157,0,157,0.08,22,22,Tamil Nadu,Pudukkottai,General,,2026
179,Viralimalai,21,Mathiyalagan. G,Independent,57,1,58,0.03,22,22,Tamil Nadu,Pudukkottai,General,,2026
179,Viralimalai,22,Raja. P,Independent,41,1,42,0.02,22,22,Tamil Nadu,Pudukkottai,General,,2026
179,Viralimalai,23,Veeramani. M,Independent,90,0,90,0.04,22,22,Tamil Nadu,Pudukkottai,General,,2026
179,Viralimalai,24,Veeramani. M,Independent,56,0,56,0.03,22,22,Tamil Nadu,Pudukkottai,General,,2026
179,Viralimalai,25,Jayagandhi. R,Independent,153,0,153,0.08,22,22,Tamil Nadu,Pudukkottai,General,,2026
179,Viralimalai,26,Jothivel. A,Independent,73,0,73,0.04,22,22,Tamil Nadu,Pudukkottai,General,,2026
179,Viralimalai,27,Nota,None of the Above,370,5,375,0.18,22,22,Tamil Nadu,Pudukkottai,General,,2026
180,Pudukkottai,1,Ezhilarasi Vijayendran,Naam Tamilar Katchi,11509,164,11673,6.13,22,22,Tamil Nadu,Pudukkottai,General,,2026
180,Pudukkottai,2,V. Muthuraja,Dravida Munnetra Kazhagam,65745,1080,66825,35.1,22,22,Tamil Nadu,Pudukkottai,General,SPA,2026
180,Pudukkottai,3,N. Ramachandran,Bharatiya Janata Party,40686,403,41089,21.58,22,22,Tamil Nadu,Pudukkottai,General,NDA,2026
180,Pudukkottai,4,E. Ramalingam,Party for the Rights of Other backward Classes,507,3,510,0.27,22,22,Tamil Nadu,Pudukkottai,General,,2026
180,Pudukkottai,5,K.M. Shariff,Tamilaga Vettri Kazhagam,64454,504,64958,34.12,22,22,Tamil Nadu,Pudukkottai,General,,2026
180,Pudukkottai,6,S. Niyaz Ahamed,Tamizhaga Vaazhvurimai Katchi,369,3,372,0.2,22,22,Tamil Nadu,Pudukkottai,General,,2026
180,Pudukkottai,7,G. Manimegalai,Communist Party of India (Marxist-Leninist) (Liberation),100,0,100,0.05,22,22,Tamil Nadu,Pudukkottai,General,,2026
180,Pudukkottai,8,A. Rajasekar,Veerath Thiyagi Viswanathadoss Thozhilalarkal Katchi,74,0,74,0.04,22,22,Tamil Nadu,Pudukkottai,General,,2026
180,Pudukkottai,9,K. Rengan,Puthiya Tamilagam,121,1,122,0.06,22,22,Tamil Nadu,Pudukkottai,General,,2026
180,Pudukkottai,10,G. Arivazhagan,Independent,80,1,81,0.04,22,22,Tamil Nadu,Pudukkottai,General,,2026
180,Pudukkottai,11,Kangatharan .P,Independent,210,0,210,0.11,22,22,Tamil Nadu,Pudukkottai,General,,2026
180,Pudukkottai,12,C. Karuppaiah,Independent,227,6,233,0.12,22,22,Tamil Nadu,Pudukkottai,General,,2026
180,Pudukkottai,13,C. Karuppaiah,Independent,112,0,112,0.06,22,22,Tamil Nadu,Pudukkottai,General,,2026
180,Pudukkottai,14,K. Kailasakumar,Independent,666,3,669,0.35,22,22,Tamil Nadu,Pudukkottai,General,,2026
180,Pudukkottai,15,C. Govindasamy,Independent,238,1,239,0.13,22,22,Tamil Nadu,Pudukkottai,General,,2026
180,Pudukkottai,16,R. Sivakumar,Independent,192,0,192,0.1,22,22,Tamil Nadu,Pudukkottai,General,,2026
180,Pudukkottai,17,A. Subaresh Raja,Independent,232,0,232,0.12,22,22,Tamil Nadu,Pudukkottai,General,,2026
180,Pudukkottai,18,Senthilnathan .B,Independent,465,1,466,0.24,22,22,Tamil Nadu,Pudukkottai,General,,2026
180,Pudukkottai,19,S. Selvaraj,Independent,350,1,351,0.18,22,22,Tamil Nadu,Pudukkottai,General,,2026
180,Pudukkottai,20,K. Dhanagopal,Independent,102,0,102,0.05,22,22,Tamil Nadu,Pudukkottai,General,,2026
180,Pudukkottai,21,G. Duraisaravanan,Independent,324,0,324,0.17,22,22,Tamil Nadu,Pudukkottai,General,,2026
180,Pudukkottai,22,M. A. Muthukumar,Independent,79,4,83,0.04,22,22,Tamil Nadu,Pudukkottai,General,,2026
180,Pudukkottai,23,G. Muthuraj,Independent,60,2,62,0.03,22,22,Tamil Nadu,Pudukkottai,General,,2026
180,Pudukkottai,24,K. Murugesan,Independent,64,0,64,0.03,22,22,Tamil Nadu,Pudukkottai,General,,2026
180,Pudukkottai,25,D. Ramesh,Independent,193,0,193,0.1,22,22,Tamil Nadu,Pudukkottai,General,,2026
180,Pudukkottai,26,A. Radhakrishnan,Independent,39,0,39,0.02,22,22,Tamil Nadu,Pudukkottai,General,,2026
180,Pudukkottai,27,Ramachandran .C,Independent,125,3,128,0.07,22,22,Tamil Nadu,Pudukkottai,General,,2026
180,Pudukkottai,28,C. Ramachandran,Independent,89,0,89,0.05,22,22,Tamil Nadu,Pudukkottai,General,,2026
180,Pudukkottai,29,R. Ramachandran,Independent,190,0,190,0.1,22,22,Tamil Nadu,Pudukkottai,General,,2026
180,Pudukkottai,30,V.R. Jayakumar,Independent,127,2,129,0.07,22,22,Tamil Nadu,Pudukkottai,General,,2026
180,Pudukkottai,31,Nota,None of the Above,440,27,467,0.25,22,22,Tamil Nadu,Pudukkottai,General,,2026
181,Thirumayam,1,Regupathy.S,Dravida Munnetra Kazhagam,57676,525,58201,31.87,22,22,Tamil Nadu,Pudukkottai,General,SPA,2026
181,Thirumayam,2,Lakshmi Srinivasan,Naam Tamilar Katchi,9037,65,9102,4.98,22,22,Tamil Nadu,Pudukkottai,General,,2026
181,Thirumayam,3,Vairamuthu.Pk,All India Anna Dravida Munnetra Kazhagam,55073,391,55464,30.37,22,22,Tamil Nadu,Pudukkottai,General,NDA,2026
181,Thirumayam,4,Chinthamani.C,Tamilaga Vettri Kazhagam,56463,246,56709,31.05,22,22,Tamil Nadu,Pudukkottai,General,,2026
181,Thirumayam,5,Subbiah.A,Puthiya Tamilagam,358,1,359,0.2,22,22,Tamil Nadu,Pudukkottai,General,,2026
181,Thirumayam,6,Muthukaruppan.Cn,Party for the Rights of Other backward Classes,225,3,228,0.12,22,22,Tamil Nadu,Pudukkottai,General,,2026
181,Thirumayam,7,Ramsingh.Sk,Tamizhaga Vaazhvurimai Katchi,97,0,97,0.05,22,22,Tamil Nadu,Pudukkottai,General,,2026
181,Thirumayam,8,Raja.K,All India Puratchi Thalaivar Makkal Munnettra Kazhagam,133,2,135,0.07,22,22,Tamil Nadu,Pudukkottai,General,,2026
181,Thirumayam,9,Eswar.S,Independent,238,0,238,0.13,22,22,Tamil Nadu,Pudukkottai,General,,2026
181,Thirumayam,10,Sathishkumar.M,Independent,86,0,86,0.05,22,22,Tamil Nadu,Pudukkottai,General,,2026
181,Thirumayam,11,Chinnathambi.P,Independent,193,0,193,0.11,22,22,Tamil Nadu,Pudukkottai,General,,2026
181,Thirumayam,12,Subramanian.P,Independent,278,1,279,0.15,22,22,Tamil Nadu,Pudukkottai,General,,2026
181,Thirumayam,13,Durairajan.M,Independent,289,0,289,0.16,22,22,Tamil Nadu,Pudukkottai,General,,2026
181,Thirumayam,14,Ramnath.T,Independent,285,2,287,0.16,22,22,Tamil Nadu,Pudukkottai,General,,2026
181,Thirumayam,15,Nota,None of the Above,937,8,945,0.52,22,22,Tamil Nadu,Pudukkottai,General,,2026
182,Alangudi,1,Siva.V.Meyyanathan,Dravida Munnetra Kazhagam,64162,767,64929,35.98,21,21,Tamil Nadu,Pudukkottai,General,SPA,2026
182,Alangudi,2,R.Rajaram,Naam Tamilar Katchi,10531,121,10652,5.9,21,21,Tamil Nadu,Pudukkottai,General,,2026
182,Alangudi,3,Dhana Vimal,All India Anna Dravida Munnetra Kazhagam,49794,269,50063,27.74,21,21,Tamil Nadu,Pudukkottai,General,NDA,2026
182,Alangudi,4,Kandasamy,Tamilaga Vettri Kazhagam,51577,375,51952,28.78,21,21,Tamil Nadu,Pudukkottai,General,,2026
182,Alangudi,5,R.Suresh,Party for the Rights of Other backward Classes,530,0,530,0.29,21,21,Tamil Nadu,Pudukkottai,General,,2026
182,Alangudi,6,D.Pushparaj,All India Puratchi Thalaivar Makkal Munnettra Kazhagam,603,15,618,0.34,21,21,Tamil Nadu,Pudukkottai,General,,2026
182,Alangudi,7,S Malaiyandi,Akila Inthiya Makkal Marumalarchi Kazhakam,183,1,184,0.1,21,21,Tamil Nadu,Pudukkottai,General,,2026
182,Alangudi,8,V.Kannadassan,Independent,66,0,66,0.04,21,21,Tamil Nadu,Pudukkottai,General,,2026
182,Alangudi,9,Sasikumar.P,Independent,155,3,158,0.09,21,21,Tamil Nadu,Pudukkottai,General,,2026
182,Alangudi,10,B.Selvam,Independent,131,5,136,0.08,21,21,Tamil Nadu,Pudukkottai,General,,2026
182,Alangudi,11,T.Thirumaran,Independent,90,1,91,0.05,21,21,Tamil Nadu,Pudukkottai,General,,2026
182,Alangudi,12,M.Nagarajan,Independent,123,2,125,0.07,21,21,Tamil Nadu,Pudukkottai,General,,2026
182,Alangudi,13,K.Murugesan,Independent,174,0,174,0.1,21,21,Tamil Nadu,Pudukkottai,General,,2026
182,Alangudi,14,S.Vanmeganadhan,Independent,131,1,132,0.07,21,21,Tamil Nadu,Pudukkottai,General,,2026
182,Alangudi,15,Nota,None of the Above,664,9,673,0.37,21,21,Tamil Nadu,Pudukkottai,General,,2026
183,Aranthangi,1,Kavitha Srikanth,Bharatiya Janata Party,31147,309,31456,17.21,23,23,Tamil Nadu,Pudukkottai,General,NDA,2026
183,Aranthangi,2,Muthulakshmi. S,Naam Tamilar Katchi,9871,104,9975,5.46,23,23,Tamil Nadu,Pudukkottai,General,,2026
183,Aranthangi,3,Ramachandran . T,Indian National Congress,62449,733,63182,34.58,23,23,Tamil Nadu,Pudukkottai,General,SPA,2026
183,Aranthangi,4,Nazim Khan. M,Tamizhaga Vaazhvurimai Katchi,767,7,774,0.42,23,23,Tamil Nadu,Pudukkottai,General,,2026
183,Aranthangi,5,Mohamed Farvas. J,Tamilaga Vettri Kazhagam,72661,583,73244,40.08,23,23,Tamil Nadu,Pudukkottai,General,,2026
183,Aranthangi,6,Abdul Jaffar. S,Independent,319,3,322,0.18,23,23,Tamil Nadu,Pudukkottai,General,,2026
183,Aranthangi,7,Aiyappan,Independent,136,2,138,0.08,23,23,Tamil Nadu,Pudukkottai,General,,2026
183,Aranthangi,8,Arunagiri . M,Independent,209,1,210,0.11,23,23,Tamil Nadu,Pudukkottai,General,,2026
183,Aranthangi,9,Udaiyappan. M,Independent,134,0,134,0.07,23,23,Tamil Nadu,Pudukkottai,General,,2026
183,Aranthangi,10,Karthikeyan. N,Independent,147,2,149,0.08,23,23,Tamil Nadu,Pudukkottai,General,,2026
183,Aranthangi,11,Kalimuthu. P,Independent,754,8,762,0.42,23,23,Tamil Nadu,Pudukkottai,General,,2026
183,Aranthangi,12,Shahul Hameed . N,Independent,798,0,798,0.44,23,23,Tamil Nadu,Pudukkottai,General,,2026
183,Aranthangi,13,Sundar . A,Independent,291,2,293,0.16,23,23,Tamil Nadu,Pudukkottai,General,,2026
183,Aranthangi,14,Dhetchna Moorthy. Doctor. S,Independent,401,7,408,0.22,23,23,Tamil Nadu,Pudukkottai,General,,2026
183,Aranthangi,15,Murugarethinam. T,Independent,302,3,305,0.17,23,23,Tamil Nadu,Pudukkottai,General,,2026
183,Aranthangi,16,Nota,None of the Above,575,5,580,0.32,23,23,Tamil Nadu,Pudukkottai,General,,2026
184,Karaikudi,1,Ranjithkumar Balusamy,Bahujan Samaj Party,454,4,458,0.2,30,30,Tamil Nadu,Sivaganga,General,,2026
184,Karaikudi,2,Seeman,Naam Tamilar Katchi,30477,316,30793,13.43,30,30,Tamil Nadu,Sivaganga,General,,2026
184,Karaikudi,3,Mangudi. S,Indian National Congress,54417,867,55284,24.11,30,30,Tamil Nadu,Sivaganga,General,SPA,2026
184,Karaikudi,4,Aziz Abdul Rahman. J,Samaniya Makkal Nala Katchi,310,5,315,0.14,30,30,Tamil Nadu,Sivaganga,General,,2026
184,Karaikudi,5,Karuppiah. K,Republican Party of India (Athawale),577,13,590,0.26,30,30,Tamil Nadu,Sivaganga,General,,2026
184,Karaikudi,6,Kalimuthu. A,All India Puratchi Thalaivar Makkal Munnettra Kazhagam,597,5,602,0.26,30,30,Tamil Nadu,Sivaganga,General,,2026
184,Karaikudi,7,Dherpoki V.Pandi,Amma Makkal Munnettra Kazagam,33066,286,33352,14.55,30,30,Tamil Nadu,Sivaganga,General,,2026
184,Karaikudi,8,Newton Babu. C,Puthiya Tamilagam,791,5,796,0.35,30,30,Tamil Nadu,Sivaganga,General,,2026
184,Karaikudi,9,Dr.Prabhu. Tk,Tamilaga Vettri Kazhagam,100627,731,101358,44.21,30,30,Tamil Nadu,Sivaganga,General,,2026
184,Karaikudi,10,Ramu. M,Independent,214,2,216,0.09,30,30,Tamil Nadu,Sivaganga,General,,2026
184,Karaikudi,11,Udhuman Ali. M.S,Independent,165,1,166,0.07,30,30,Tamil Nadu,Sivaganga,General,,2026
184,Karaikudi,12,Kalidass. R,Independent,460,9,469,0.2,30,30,Tamil Nadu,Sivaganga,General,,2026
184,Karaikudi,13,Shanthi. B,Independent,261,2,263,0.11,30,30,Tamil Nadu,Sivaganga,General,,2026
184,Karaikudi,14,Suresh. V,Independent,214,2,216,0.09,30,30,Tamil Nadu,Sivaganga,General,,2026
184,Karaikudi,15,Selvi. K,Independent,169,0,169,0.07,30,30,Tamil Nadu,Sivaganga,General,,2026
184,Karaikudi,16,Dinesh. K,Independent,531,0,531,0.23,30,30,Tamil Nadu,Sivaganga,General,,2026
184,Karaikudi,17,Pandi. S,Independent,360,1,361,0.16,30,30,Tamil Nadu,Sivaganga,General,,2026
184,Karaikudi,18,Prabu. G,Independent,497,5,502,0.22,30,30,Tamil Nadu,Sivaganga,General,,2026
184,Karaikudi,19,Manimaran. R,Independent,470,1,471,0.21,30,30,Tamil Nadu,Sivaganga,General,,2026
184,Karaikudi,20,Muthukumar. K,Independent,171,4,175,0.08,30,30,Tamil Nadu,Sivaganga,General,,2026
184,Karaikudi,21,Ramanathan. S.V,Independent,155,2,157,0.07,30,30,Tamil Nadu,Sivaganga,General,,2026
184,Karaikudi,22,Lakshmanan. R,Independent,258,0,258,0.11,30,30,Tamil Nadu,Sivaganga,General,,2026
184,Karaikudi,23,Veeramanikandan. V,Independent,234,2,236,0.1,30,30,Tamil Nadu,Sivaganga,General,,2026
184,Karaikudi,24,Velu. K,Independent,688,1,689,0.3,30,30,Tamil Nadu,Sivaganga,General,,2026
184,Karaikudi,25,Jeevitha. A,Independent,321,0,321,0.14,30,30,Tamil Nadu,Sivaganga,General,,2026
184,Karaikudi,26,Nota,None of the Above,513,6,519,0.23,30,30,Tamil Nadu,Sivaganga,General,,2026
185,Tiruppattur,1,Thirumaran. K.C,Bharatiya Janata Party,28778,276,29054,13.47,30,30,Tamil Nadu,Sivaganga,General,NDA,2026
185,Tiruppattur,2,Periakaruppan. Kr,Dravida Munnetra Kazhagam,82191,1183,83374,38.65,30,30,Tamil Nadu,Sivaganga,General,SPA,2026
185,Tiruppattur,3,Ramya Mohan,Naam Tamilar Katchi,15189,102,15291,7.09,30,30,Tamil Nadu,Sivaganga,General,,2026
185,Tiruppattur,4,Umadevi. S,All India Puratchi Thalaivar Makkal Munnettra Kazhagam,603,8,611,0.28,30,30,Tamil Nadu,Sivaganga,General,,2026
185,Tiruppattur,5,Seenivasa Sethupathy. R,Tamilaga Vettri Kazhagam,83010,365,83375,38.65,30,30,Tamil Nadu,Sivaganga,General,,2026
185,Tiruppattur,6,Shanmugam. M,Independent,380,3,383,0.18,30,30,Tamil Nadu,Sivaganga,General,,2026
185,Tiruppattur,7,Sethu. P,Independent,134,1,135,0.06,30,30,Tamil Nadu,Sivaganga,General,,2026
185,Tiruppattur,8,Panchavarnam. M,Independent,129,0,129,0.06,30,30,Tamil Nadu,Sivaganga,General,,2026
185,Tiruppattur,9,Bakiyalakshmi. M,Independent,265,1,266,0.12,30,30,Tamil Nadu,Sivaganga,General,,2026
185,Tiruppattur,10,Piraman. P,Independent,220,3,223,0.1,30,30,Tamil Nadu,Sivaganga,General,,2026
185,Tiruppattur,11,Mallika. A,Independent,135,8,143,0.07,30,30,Tamil Nadu,Sivaganga,General,,2026
185,Tiruppattur,12,Marimuthu. S,Independent,348,2,350,0.16,30,30,Tamil Nadu,Sivaganga,General,,2026
185,Tiruppattur,13,Raja. K.P.M,Independent,746,7,753,0.35,30,30,Tamil Nadu,Sivaganga,General,,2026
185,Tiruppattur,14,Dr.Vinayaga Meyyarasu. T,Independent,376,4,380,0.18,30,30,Tamil Nadu,Sivaganga,General,,2026
185,Tiruppattur,15,Vishwanathan. S,Independent,496,0,496,0.23,30,30,Tamil Nadu,Sivaganga,General,,2026
185,Tiruppattur,16,Nota,None of the Above,741,6,747,0.35,30,30,Tamil Nadu,Sivaganga,General,,2026
186,Sivaganga,1,Indhuja R,Naam Tamilar Katchi,18714,307,19021,8.89,31,31,Tamil Nadu,Sivaganga,General,,2026
186,Sivaganga,2,Karunaas S,Dravida Munnetra Kazhagam,56470,830,57300,26.77,31,31,Tamil Nadu,Sivaganga,General,SPA,2026
186,Sivaganga,3,Senthilnathan Pr,All India Anna Dravida Munnetra Kazhagam,57987,669,58656,27.4,31,31,Tamil Nadu,Sivaganga,General,NDA,2026
186,Sivaganga,4,Marimuthu K,Bahujan Samaj Party,445,2,447,0.21,31,31,Tamil Nadu,Sivaganga,General,,2026
186,Sivaganga,5,Rajamanickam M,Desiya Makkal Sakthi Katchi,317,2,319,0.15,31,31,Tamil Nadu,Sivaganga,General,,2026
186,Sivaganga,6,Kulanthai Rani A,Tamilaga Vettri Kazhagam,72917,820,73737,34.45,31,31,Tamil Nadu,Sivaganga,General,,2026
186,Sivaganga,7,Muruganantham Guru,All India Puratchi Thalaivar Makkal Munnettra Kazhagam,1168,18,1186,0.55,31,31,Tamil Nadu,Sivaganga,General,,2026
186,Sivaganga,8,Rajesh X,Tamizhaga Vaazhvurimai Katchi,259,4,263,0.12,31,31,Tamil Nadu,Sivaganga,General,,2026
186,Sivaganga,9,Rajkumar C,Party for the Rights of Other backward Classes,223,0,223,0.1,31,31,Tamil Nadu,Sivaganga,General,,2026
186,Sivaganga,10,Irudayaraj V,Independent,98,1,99,0.05,31,31,Tamil Nadu,Sivaganga,General,,2026
186,Sivaganga,11,Karthik M,Independent,361,8,369,0.17,31,31,Tamil Nadu,Sivaganga,General,,2026
186,Sivaganga,12,Kaleeswaran M,Independent,207,3,210,0.1,31,31,Tamil Nadu,Sivaganga,General,,2026
186,Sivaganga,13,Santhanam,Independent,157,4,161,0.08,31,31,Tamil Nadu,Sivaganga,General,,2026
186,Sivaganga,14,Nagaprabu,Independent,264,0,264,0.12,31,31,Tamil Nadu,Sivaganga,General,,2026
186,Sivaganga,15,Paulsamy,Independent,281,1,282,0.13,31,31,Tamil Nadu,Sivaganga,General,,2026
186,Sivaganga,16,Prabakaran S.T,Independent,282,0,282,0.13,31,31,Tamil Nadu,Sivaganga,General,,2026
186,Sivaganga,17,Ramesh K,Independent,195,0,195,0.09,31,31,Tamil Nadu,Sivaganga,General,,2026
186,Sivaganga,18,Nota,None of the Above,1040,13,1053,0.49,31,31,Tamil Nadu,Sivaganga,General,,2026
187,Manamadurai,1,Shanmugapriya.M,Naam Tamilar Katchi,19198,478,19676,9.43,27,27,Tamil Nadu,Sivaganga,SC,,2026
187,Manamadurai,2,Tamilarasi.A,Dravida Munnetra Kazhagam,67820,943,68763,32.96,27,27,Tamil Nadu,Sivaganga,SC,SPA,2026
187,Manamadurai,3,Balaganapathy.V,Bharatiya Janata Party,41824,786,42610,20.42,27,27,Tamil Nadu,Sivaganga,SC,NDA,2026
187,Manamadurai,4,Arunpandian.A,Tamizhaga Vaazhvurimai Katchi,475,9,484,0.23,27,27,Tamil Nadu,Sivaganga,SC,,2026
187,Manamadurai,5,Arumugam.V,Republican Party of India,1657,35,1692,0.81,27,27,Tamil Nadu,Sivaganga,SC,,2026
187,Manamadurai,6,Elangovan.D,Tamilaga Vettri Kazhagam,68882,1089,69971,33.54,27,27,Tamil Nadu,Sivaganga,SC,,2026
187,Manamadurai,7,Thilagaraj.K,All India Puratchi Thalaivar Makkal Munnettra Kazhagam,1645,41,1686,0.81,27,27,Tamil Nadu,Sivaganga,SC,,2026
187,Manamadurai,8,Rajamanikkam.A,Puthiya Tamilagam,679,27,706,0.34,27,27,Tamil Nadu,Sivaganga,SC,,2026
187,Manamadurai,9,Karuppusami.V,Independent,260,1,261,0.13,27,27,Tamil Nadu,Sivaganga,SC,,2026
187,Manamadurai,10,Shankarganesan.S,Independent,261,2,263,0.13,27,27,Tamil Nadu,Sivaganga,SC,,2026
187,Manamadurai,11,Sathish.T,Independent,311,6,317,0.15,27,27,Tamil Nadu,Sivaganga,SC,,2026
187,Manamadurai,12,Bharathidasan.S,Independent,608,4,612,0.29,27,27,Tamil Nadu,Sivaganga,SC,,2026
187,Manamadurai,13,Raju.J.M,Independent,327,1,328,0.16,27,27,Tamil Nadu,Sivaganga,SC,,2026
187,Manamadurai,14,Veerapandi.V,Independent,427,1,428,0.21,27,27,Tamil Nadu,Sivaganga,SC,,2026
187,Manamadurai,15,Nota,None of the Above,833,13,846,0.41,27,27,Tamil Nadu,Sivaganga,SC,,2026
188,Melur,1,Kottaikumar,Naam Tamilar Katchi,9440,130,9570,5.02,21,21,Tamil Nadu,Madurai,General,,2026
188,Melur,2,P.Periyapullan (A) Selvam,All India Anna Dravida Munnetra Kazhagam,56327,417,56744,29.75,21,21,Tamil Nadu,Madurai,General,NDA,2026
188,Melur,3,P.Viswanathan,Indian National Congress,59486,594,60080,31.5,21,21,Tamil Nadu,Madurai,General,SPA,2026
188,Melur,4,Soniagandhi,All India Puratchi Thalaivar Makkal Munnettra Kazhagam,2559,69,2628,1.38,21,21,Tamil Nadu,Madurai,General,,2026
188,Melur,5,M.Panneerselvam,Puthiya Tamilagam,418,5,423,0.22,21,21,Tamil Nadu,Madurai,General,,2026
188,Melur,6,A.Maduraiveeran,Tamilaga Vettri Kazhagam,56916,440,57356,30.07,21,21,Tamil Nadu,Madurai,General,,2026
188,Melur,7,K.Meyyar,Communist Party of India (Marxist-Leninist) (Liberation),273,3,276,0.14,21,21,Tamil Nadu,Madurai,General,,2026
188,Melur,8,K.Sethuraman,Independent,82,3,85,0.04,21,21,Tamil Nadu,Madurai,General,,2026
188,Melur,9,S.Boopathi,Independent,114,2,116,0.06,21,21,Tamil Nadu,Madurai,General,,2026
188,Melur,10,K.Manikandaprabu,Independent,138,0,138,0.07,21,21,Tamil Nadu,Madurai,General,,2026
188,Melur,11,M.Murugan,Independent,2107,63,2170,1.14,21,21,Tamil Nadu,Madurai,General,,2026
188,Melur,12,C.Mohanram,Independent,262,7,269,0.14,21,21,Tamil Nadu,Madurai,General,,2026
188,Melur,13,C.Ramesh,Independent,317,0,317,0.17,21,21,Tamil Nadu,Madurai,General,,2026
188,Melur,14,Nota,None of the Above,544,10,554,0.29,21,21,Tamil Nadu,Madurai,General,,2026
189,Madurai East,1,Selvam K,Naam Tamilar Katchi,13446,183,13629,5.02,29,29,Tamil Nadu,Madurai,General,,2026
189,Madurai East,2,Mahendran K,All India Anna Dravida Munnetra Kazhagam,30511,505,31016,11.42,29,29,Tamil Nadu,Madurai,General,NDA,2026
189,Madurai East,3,Moorthy P,Dravida Munnetra Kazhagam,100856,1374,102230,37.64,29,29,Tamil Nadu,Madurai,General,SPA,2026
189,Madurai East,4,Karthikeyan S,Tamilaga Vettri Kazhagam,117714,1063,118777,43.74,29,29,Tamil Nadu,Madurai,General,,2026
189,Madurai East,5,Bharathiraja A,Puthiya Tamilagam,580,14,594,0.22,29,29,Tamil Nadu,Madurai,General,,2026
189,Madurai East,6,Prince S,Republican Party of India (Athawale),1543,48,1591,0.59,29,29,Tamil Nadu,Madurai,General,,2026
189,Madurai East,7,Boomirajan K,Tamizhaga Vaazhvurimai Katchi,153,6,159,0.06,29,29,Tamil Nadu,Madurai,General,,2026
189,Madurai East,8,Arasu S,Independent,194,2,196,0.07,29,29,Tamil Nadu,Madurai,General,,2026
189,Madurai East,9,Arun Pandian A J,Independent,217,0,217,0.08,29,29,Tamil Nadu,Madurai,General,,2026
189,Madurai East,10,Ajay Kannan A,Independent,163,0,163,0.06,29,29,Tamil Nadu,Madurai,General,,2026
189,Madurai East,11,Karthikeyan G,Independent,730,20,750,0.28,29,29,Tamil Nadu,Madurai,General,,2026
189,Madurai East,12,Chandra Mouliswaran A,Independent,114,7,121,0.04,29,29,Tamil Nadu,Madurai,General,,2026
189,Madurai East,13,Pitchai V,Independent,240,0,240,0.09,29,29,Tamil Nadu,Madurai,General,,2026
189,Madurai East,14,Mugeshkumar M,Independent,560,1,561,0.21,29,29,Tamil Nadu,Madurai,General,,2026
189,Madurai East,15,Velladurai A,Independent,145,0,145,0.05,29,29,Tamil Nadu,Madurai,General,,2026
189,Madurai East,16,Nota,None of the Above,1146,31,1177,0.43,29,29,Tamil Nadu,Madurai,General,,2026
190,Sholavandan,1,Nagalakshmi Thirumaran.T,Naam Tamilar Katchi,10226,204,10430,5.52,19,19,Tamil Nadu,Madurai,SC,,2026
190,Sholavandan,2,Manickam.K,All India Anna Dravida Munnetra Kazhagam,49080,414,49494,26.18,19,19,Tamil Nadu,Madurai,SC,NDA,2026
190,Sholavandan,3,Venkatesan.A,Dravida Munnetra Kazhagam,60621,608,61229,32.38,19,19,Tamil Nadu,Madurai,SC,SPA,2026
190,Sholavandan,4,Karuppaiah.M.V,Tamilaga Vettri Kazhagam,63234,673,63907,33.8,19,19,Tamil Nadu,Madurai,SC,,2026
190,Sholavandan,5,Thangapandi.P,Tamizhaga Vaazhvurimai Katchi,192,3,195,0.1,19,19,Tamil Nadu,Madurai,SC,,2026
190,Sholavandan,6,Balamurugan.K,All India Puratchi Thalaivar Makkal Munnettra Kazhagam,2035,56,2091,1.11,19,19,Tamil Nadu,Madurai,SC,,2026
190,Sholavandan,7,Raghu.K,Puthiya Tamilagam,260,5,265,0.14,19,19,Tamil Nadu,Madurai,SC,,2026
190,Sholavandan,8,Ramadoss.C,Indhu Dravida Makkal Katchi,64,1,65,0.03,19,19,Tamil Nadu,Madurai,SC,,2026
190,Sholavandan,9,Ajay Subash.B,Independent,71,1,72,0.04,19,19,Tamil Nadu,Madurai,SC,,2026
190,Sholavandan,10,Krishnasamy.P,Independent,42,0,42,0.02,19,19,Tamil Nadu,Madurai,SC,,2026
190,Sholavandan,11,Gunasekaran.P,Independent,180,6,186,0.1,19,19,Tamil Nadu,Madurai,SC,,2026
190,Sholavandan,12,Balamurugan.C,Independent,142,1,143,0.08,19,19,Tamil Nadu,Madurai,SC,,2026
190,Sholavandan,13,Balamurugan.R,Independent,203,0,203,0.11,19,19,Tamil Nadu,Madurai,SC,,2026
190,Sholavandan,14,Ranjith Kumar.S,Independent,187,0,187,0.1,19,19,Tamil Nadu,Madurai,SC,,2026
190,Sholavandan,15,Nota,None of the Above,551,20,571,0.3,19,19,Tamil Nadu,Madurai,SC,,2026
191,Madurai North,1,P.Saravanan,All India Anna Dravida Munnetra Kazhagam,24557,425,24982,15.44,19,19,Tamil Nadu,Madurai,General,NDA,2026
191,Madurai North,2,G.Thalapathi,Dravida Munnetra Kazhagam,54088,727,54815,33.88,19,19,Tamil Nadu,Madurai,General,SPA,2026
191,Madurai North,3,V Thirunavukkarasu,Naam Tamilar Katchi,7281,134,7415,4.58,19,19,Tamil Nadu,Madurai,General,,2026
191,Madurai North,4,A.Kallanai,Tamilaga Vettri Kazhagam,72121,732,72853,45.03,19,19,Tamil Nadu,Madurai,General,,2026
191,Madurai North,5,R Rajkumar,Naam Indiar Party,135,3,138,0.09,19,19,Tamil Nadu,Madurai,General,,2026
191,Madurai North,6,M J Voltaire,Socialist Unity Centre Of India (COMMUNIST),120,2,122,0.08,19,19,Tamil Nadu,Madurai,General,,2026
191,Madurai North,7,N.Kuppusamy,Independent,25,0,25,0.02,19,19,Tamil Nadu,Madurai,General,,2026
191,Madurai North,8,J.Kesavarajah,Independent,82,0,82,0.05,19,19,Tamil Nadu,Madurai,General,,2026
191,Madurai North,9,M.P.Sankarapandi,Independent,122,0,122,0.08,19,19,Tamil Nadu,Madurai,General,,2026
191,Madurai North,10,C.Sathishkumar,Independent,92,2,94,0.06,19,19,Tamil Nadu,Madurai,General,,2026
191,Madurai North,11,D.Mohamed Ismail,Independent,161,3,164,0.1,19,19,Tamil Nadu,Madurai,General,,2026
191,Madurai North,12,P Muthusamy,Independent,101,0,101,0.06,19,19,Tamil Nadu,Madurai,General,,2026
191,Madurai North,13,A.Rajangam,Independent,133,2,135,0.08,19,19,Tamil Nadu,Madurai,General,,2026
191,Madurai North,14,Nota,None of the Above,732,21,753,0.47,19,19,Tamil Nadu,Madurai,General,,2026
192,Madurai South,1,Raama Sreenivasan,Bharatiya Janata Party,30900,200,31100,21.98,17,17,Tamil Nadu,Madurai,General,NDA,2026
192,Madurai South,2,B.M.Sumathy,Naam Tamilar Katchi,5808,55,5863,4.14,17,17,Tamil Nadu,Madurai,General,,2026
192,Madurai South,3,M.Boominathan,Dravida Munnetra Kazhagam,40600,286,40886,28.89,17,17,Tamil Nadu,Madurai,General,SPA,2026
192,Madurai South,4,S.Iruthyaraj,Tamizhaga Vaazhvurimai Katchi,368,2,370,0.26,17,17,Tamil Nadu,Madurai,General,,2026
192,Madurai South,5,M.M.Gopison,Tamilaga Vettri Kazhagam,62162,253,62415,44.11,17,17,Tamil Nadu,Madurai,General,,2026
192,Madurai South,6,K.Jeya,Independent,257,0,257,0.18,17,17,Tamil Nadu,Madurai,General,,2026
192,Madurai South,7,Nota,None of the Above,606,6,612,0.43,17,17,Tamil Nadu,Madurai,General,,2026
193,Madurai Central,1,Abdul Hakeem K,Naam Tamilar Katchi,5486,63,5549,3.73,19,19,Tamil Nadu,Madurai,General,,2026
193,Madurai Central,2,Sundar C,All India Anna Dravida Munnetra Kazhagam,33298,240,33538,22.57,19,19,Tamil Nadu,Madurai,General,NDA,2026
193,Madurai Central,3,Palanivel Thiaga Rajan,Dravida Munnetra Kazhagam,43834,452,44286,29.8,19,19,Tamil Nadu,Madurai,General,SPA,2026
193,Madurai Central,4,Ramar Pandi T,Bahujan Samaj Party,263,5,268,0.18,19,19,Tamil Nadu,Madurai,General,,2026
193,Madurai Central,5,Sakkaravarthy P,All India Puratchi Thalaivar Makkal Munnettra Kazhagam,310,3,313,0.21,19,19,Tamil Nadu,Madurai,General,,2026
193,Madurai Central,6,Madhar Badhurudeen,Tamilaga Vettri Kazhagam,63106,308,63414,42.68,19,19,Tamil Nadu,Madurai,General,,2026
193,Madurai Central,7,Avadainathan V,Independent,145,0,145,0.1,19,19,Tamil Nadu,Madurai,General,,2026
193,Madurai Central,8,Guru Karthick T,Independent,72,0,72,0.05,19,19,Tamil Nadu,Madurai,General,,2026
193,Madurai Central,9,Saleem,Independent,104,1,105,0.07,19,19,Tamil Nadu,Madurai,General,,2026
193,Madurai Central,10,Sivaperumal V,Independent,64,1,65,0.04,19,19,Tamil Nadu,Madurai,General,,2026
193,Madurai Central,11,Manivannan,Independent,83,0,83,0.06,19,19,Tamil Nadu,Madurai,General,,2026
193,Madurai Central,12,Rajendran R,Independent,91,1,92,0.06,19,19,Tamil Nadu,Madurai,General,,2026
193,Madurai Central,13,Nota,None of the Above,644,12,656,0.44,19,19,Tamil Nadu,Madurai,General,,2026
194,Madurai West,1,Sellur K Raju,All India Anna Dravida Munnetra Kazhagam,38526,435,38961,18,27,27,Tamil Nadu,Madurai,General,NDA,2026
194,Madurai West,2,Balaji R,Dravida Munnetra Kazhagam,75484,835,76319,35.27,27,27,Tamil Nadu,Madurai,General,SPA,2026
194,Madurai West,3,Vigneshkumar S,Naam Tamilar Katchi,10432,142,10574,4.89,27,27,Tamil Nadu,Madurai,General,,2026
194,Madurai West,4,Thangapandi Sr,Tamilaga Vettri Kazhagam,87539,711,88250,40.78,27,27,Tamil Nadu,Madurai,General,,2026
194,Madurai West,5,Madurai Veeran S,Tamizhaga Vaazhvurimai Katchi,169,1,170,0.08,27,27,Tamil Nadu,Madurai,General,,2026
194,Madurai West,6,Muthupandi R,Vishwa Tamil Kazhagam,116,0,116,0.05,27,27,Tamil Nadu,Madurai,General,,2026
194,Madurai West,7,Anandh K,Independent,129,1,130,0.06,27,27,Tamil Nadu,Madurai,General,,2026
194,Madurai West,8,Tharma Prabu V S,Independent,126,0,126,0.06,27,27,Tamil Nadu,Madurai,General,,2026
194,Madurai West,9,Manoj Kumar R,Independent,51,1,52,0.02,27,27,Tamil Nadu,Madurai,General,,2026
194,Madurai West,10,Muthukumar S,Independent,189,1,190,0.09,27,27,Tamil Nadu,Madurai,General,,2026
194,Madurai West,11,Muthukumar D,Independent,88,1,89,0.04,27,27,Tamil Nadu,Madurai,General,,2026
194,Madurai West,12,Rahamadullah S,Independent,85,1,86,0.04,27,27,Tamil Nadu,Madurai,General,,2026
194,Madurai West,13,Rajkumar S,Independent,255,2,257,0.12,27,27,Tamil Nadu,Madurai,General,,2026
194,Madurai West,14,Venkatesan M,Independent,188,2,190,0.09,27,27,Tamil Nadu,Madurai,General,,2026
194,Madurai West,15,Nota,None of the Above,871,22,893,0.41,27,27,Tamil Nadu,Madurai,General,,2026
195,Thiruparankundram,1,Kiruthiga Thangapandi,Dravida Munnetra Kazhagam,72075,688,72763,28.48,27,27,Tamil Nadu,Madurai,General,SPA,2026
195,Thiruparankundram,2,Sathyadevi. T.,Naam Tamilar Katchi,14156,194,14350,5.62,27,27,Tamil Nadu,Madurai,General,,2026
195,Thiruparankundram,3,Rajanchellappa. V.V.,All India Anna Dravida Munnetra Kazhagam,49423,442,49865,19.52,27,27,Tamil Nadu,Madurai,General,NDA,2026
195,Thiruparankundram,4,Chelladurai. R,Naam Indiar Party,230,1,231,0.09,27,27,Tamil Nadu,Madurai,General,,2026
195,Thiruparankundram,5,Sethuraman. A.,Puthiya Tamilagam,361,7,368,0.14,27,27,Tamil Nadu,Madurai,General,,2026
195,Thiruparankundram,6,Syed Ibrahim. M.,Tamizhaga Vaazhvurimai Katchi,161,2,163,0.06,27,27,Tamil Nadu,Madurai,General,,2026
195,Thiruparankundram,7,Thanapandian. T.,All India Puratchi Thalaivar Makkal Munnettra Kazhagam,1068,20,1088,0.43,27,27,Tamil Nadu,Madurai,General,,2026
195,Thiruparankundram,8,Nirmalkumar. R.,Tamilaga Vettri Kazhagam,113578,738,114316,44.75,27,27,Tamil Nadu,Madurai,General,,2026
195,Thiruparankundram,9,Mookkayee. C.,Ezhuchi Tamilargal Munnetra Kazhagam,249,0,249,0.1,27,27,Tamil Nadu,Madurai,General,,2026
195,Thiruparankundram,10,Renganathan Doraisamy,Rashtriya Samaj Dal (R),137,3,140,0.05,27,27,Tamil Nadu,Madurai,General,,2026
195,Thiruparankundram,11,Arumugam. G.,Independent,103,5,108,0.04,27,27,Tamil Nadu,Madurai,General,,2026
195,Thiruparankundram,12,Ukkra Pandian. S.,Independent,119,3,122,0.05,27,27,Tamil Nadu,Madurai,General,,2026
195,Thiruparankundram,13,Pounraj. N.,Independent,66,0,66,0.03,27,27,Tamil Nadu,Madurai,General,,2026
195,Thiruparankundram,14,Raj. P.,Independent,352,1,353,0.14,27,27,Tamil Nadu,Madurai,General,,2026
195,Thiruparankundram,15,Vallarasan. K.,Independent,136,0,136,0.05,27,27,Tamil Nadu,Madurai,General,,2026
195,Thiruparankundram,16,Nota,None of the Above,1133,15,1148,0.45,27,27,Tamil Nadu,Madurai,General,,2026
196,Thirumangalam,1,Udhayakumar.R.B,All India Anna Dravida Munnetra Kazhagam,63652,832,64484,27.92,26,26,Tamil Nadu,Madurai,General,NDA,2026
196,Thirumangalam,2,Manimaran.M,Dravida Munnetra Kazhagam,87063,1228,88291,38.22,26,26,Tamil Nadu,Madurai,General,SPA,2026
196,Thirumangalam,3,Munish.N,Naam Tamilar Katchi,10751,388,11139,4.82,26,26,Tamil Nadu,Madurai,General,,2026
196,Thirumangalam,4,Alagar.A,Ezhuchi Tamilargal Munnetra Kazhagam,131,2,133,0.06,26,26,Tamil Nadu,Madurai,General,,2026
196,Thirumangalam,5,Kalaiselvi.R,Ahila India Dhayaga Makkal Munnetra Katchi,280,3,283,0.12,26,26,Tamil Nadu,Madurai,General,,2026
196,Thirumangalam,6,Sathishkumar.N,Tamilaga Vettri Kazhagam,59700,1126,60826,26.33,26,26,Tamil Nadu,Madurai,General,,2026
196,Thirumangalam,7,Jeevitha Nachiyar.B,All India Puratchi Thalaivar Makkal Munnettra Kazhagam,2750,101,2851,1.23,26,26,Tamil Nadu,Madurai,General,,2026
196,Thirumangalam,8,Ayyanan.P,Independent,110,2,112,0.05,26,26,Tamil Nadu,Madurai,General,,2026
196,Thirumangalam,9,Girishkumar.A,Independent,52,0,52,0.02,26,26,Tamil Nadu,Madurai,General,,2026
196,Thirumangalam,10,Sakkaravarthy.P,Independent,97,8,105,0.05,26,26,Tamil Nadu,Madurai,General,,2026
196,Thirumangalam,11,Nagoor.M,Independent,80,4,84,0.04,26,26,Tamil Nadu,Madurai,General,,2026
196,Thirumangalam,12,Bharath.M,Independent,906,18,924,0.4,26,26,Tamil Nadu,Madurai,General,,2026
196,Thirumangalam,13,Muthuraja.M,Independent,81,2,83,0.04,26,26,Tamil Nadu,Madurai,General,,2026
196,Thirumangalam,14,Murugan.S,Independent,239,14,253,0.11,26,26,Tamil Nadu,Madurai,General,,2026
196,Thirumangalam,15,Vengateswaran.B,Independent,425,2,427,0.18,26,26,Tamil Nadu,Madurai,General,,2026
196,Thirumangalam,16,Nota,None of the Above,908,25,933,0.4,26,26,Tamil Nadu,Madurai,General,,2026
197,Usilampatti,1,Abirami. D,Naam Tamilar Katchi,14749,436,15185,6.78,25,25,Tamil Nadu,Madurai,General,,2026
197,Usilampatti,2,Saravanakumar. T,Indian National Congress,58841,624,59465,26.54,25,25,Tamil Nadu,Madurai,General,SPA,2026
197,Usilampatti,3,Mahendran. I,All India Anna Dravida Munnetra Kazhagam,63206,732,63938,28.54,25,25,Tamil Nadu,Madurai,General,NDA,2026
197,Usilampatti,4,Vellaipandi. V,Bahujan Samaj Party,711,13,724,0.32,25,25,Tamil Nadu,Madurai,General,,2026
197,Usilampatti,5,Ayyappan. P,All India Puratchi Thalaivar Makkal Munnettra Kazhagam,16303,317,16620,7.42,25,25,Tamil Nadu,Madurai,General,,2026
197,Usilampatti,6,Vijay. M,Tamilaga Vettri Kazhagam,64693,1050,65743,29.34,25,25,Tamil Nadu,Madurai,General,,2026
197,Usilampatti,7,Kiranya. S,Independent,259,3,262,0.12,25,25,Tamil Nadu,Madurai,General,,2026
197,Usilampatti,8,Dhanasekaran. T,Independent,169,0,169,0.08,25,25,Tamil Nadu,Madurai,General,,2026
197,Usilampatti,9,Thiagarajan. O. V,Independent,332,5,337,0.15,25,25,Tamil Nadu,Madurai,General,,2026
197,Usilampatti,10,Thirumoorthy. A,Independent,268,2,270,0.12,25,25,Tamil Nadu,Madurai,General,,2026
197,Usilampatti,11,Praveena. S,Independent,343,0,343,0.15,25,25,Tamil Nadu,Madurai,General,,2026
197,Usilampatti,12,Muthu. N,Independent,299,1,300,0.13,25,25,Tamil Nadu,Madurai,General,,2026
197,Usilampatti,13,Nota,None of the Above,671,21,692,0.31,25,25,Tamil Nadu,Madurai,General,,2026
198,Andipatti,1,Esakkiammal.M,Bahujan Samaj Party,416,4,420,0.19,25,25,Tamil Nadu,Theni,General,,2026
198,Andipatti,2,Gomathi .M,Naam Tamilar Katchi,10075,271,10346,4.76,25,25,Tamil Nadu,Theni,General,,2026
198,Andipatti,3,Maharajan.A,Dravida Munnetra Kazhagam,73609,715,74324,34.2,25,25,Tamil Nadu,Theni,General,SPA,2026
198,Andipatti,4,Logirajan.A,All India Anna Dravida Munnetra Kazhagam,62645,698,63343,29.15,25,25,Tamil Nadu,Theni,General,NDA,2026
198,Andipatti,5,Irumborai.G,Communist Party of India (Marxist-Leninist) Red Star,503,2,505,0.23,25,25,Tamil Nadu,Theni,General,,2026
198,Andipatti,6,Elayaraja.M,Puthiya Tamilagam,499,17,516,0.24,25,25,Tamil Nadu,Theni,General,,2026
198,Andipatti,7,Chellapandiyan.S,All India Puratchi Thalaivar Makkal Munnettra Kazhagam,570,16,586,0.27,25,25,Tamil Nadu,Theni,General,,2026
198,Andipatti,8,Pandi.V,Tamilaga Vettri Kazhagam,63841,929,64770,29.8,25,25,Tamil Nadu,Theni,General,,2026
198,Andipatti,9,Mohammed Rukman.M,Tamizhaga Vaazhvurimai Katchi,142,6,148,0.07,25,25,Tamil Nadu,Theni,General,,2026
198,Andipatti,10,Jeyamurugan.M.P,Veerath Thiyagi Viswanathadoss Thozhilalarkal Katchi,81,1,82,0.04,25,25,Tamil Nadu,Theni,General,,2026
198,Andipatti,11,Karuppaiya,Independent,67,1,68,0.03,25,25,Tamil Nadu,Theni,General,,2026
198,Andipatti,12,Gopal.S,Independent,229,3,232,0.11,25,25,Tamil Nadu,Theni,General,,2026
198,Andipatti,13,Gopinath.P,Independent,181,2,183,0.08,25,25,Tamil Nadu,Theni,General,,2026
198,Andipatti,14,Neelakannan.T,Independent,158,1,159,0.07,25,25,Tamil Nadu,Theni,General,,2026
198,Andipatti,15,Packiaraj.S,Independent,130,3,133,0.06,25,25,Tamil Nadu,Theni,General,,2026
198,Andipatti,16,Pandidurai.P,Independent,220,0,220,0.1,25,25,Tamil Nadu,Theni,General,,2026
198,Andipatti,17,Vijayaraj.R,Independent,112,1,113,0.05,25,25,Tamil Nadu,Theni,General,,2026
198,Andipatti,18,Jagadeesan.P,Independent,151,2,153,0.07,25,25,Tamil Nadu,Theni,General,,2026
198,Andipatti,19,Nota,None of the Above,998,30,1028,0.47,25,25,Tamil Nadu,Theni,General,,2026
199,Periyakulam,1,Sakthivel P.,Viduthalai Chiruthaigal Katchi,65657,678,66335,31.41,26,26,Tamil Nadu,Theni,SC,SPA,2026
199,Periyakulam,2,Vimala R.,Naam Tamilar Katchi,9413,197,9610,4.55,26,26,Tamil Nadu,Theni,SC,,2026
199,Periyakulam,3,Dr Kathirkamu K.,Amma Makkal Munnettra Kazagam,43902,619,44521,21.08,26,26,Tamil Nadu,Theni,SC,,2026
199,Periyakulam,4,Sabari Iyngaran G.,Tamilaga Vettri Kazhagam,84822,834,85656,40.56,26,26,Tamil Nadu,Theni,SC,,2026
199,Periyakulam,5,Marisamy V.,Puthiya Tamilagam,1141,20,1161,0.55,26,26,Tamil Nadu,Theni,SC,,2026
199,Periyakulam,6,Ranjeeth Kumar J.,Socialist Unity Centre Of India (COMMUNIST),237,3,240,0.11,26,26,Tamil Nadu,Theni,SC,,2026
199,Periyakulam,7,Abitha M.,Independent,388,2,390,0.18,26,26,Tamil Nadu,Theni,SC,,2026
199,Periyakulam,8,Kumar S.,Independent,138,8,146,0.07,26,26,Tamil Nadu,Theni,SC,,2026
199,Periyakulam,9,Sanmugavel K.,Independent,141,4,145,0.07,26,26,Tamil Nadu,Theni,SC,,2026
199,Periyakulam,10,Selvaraj R.,Independent,253,2,255,0.12,26,26,Tamil Nadu,Theni,SC,,2026
199,Periyakulam,11,Palanichamy T.,Independent,632,4,636,0.3,26,26,Tamil Nadu,Theni,SC,,2026
199,Periyakulam,12,Dr. Mohanraj A.C. (P.T),Independent,334,9,343,0.16,26,26,Tamil Nadu,Theni,SC,,2026
199,Periyakulam,13,Vairamuthu D.,Independent,263,2,265,0.13,26,26,Tamil Nadu,Theni,SC,,2026
199,Periyakulam,14,Nota,None of the Above,1463,43,1506,0.71,26,26,Tamil Nadu,Theni,SC,,2026
200,Bodinayakanur,1,Kalaiarasu.S,Naam Tamilar Katchi,11172,283,11455,5.19,25,25,Tamil Nadu,Theni,General,,2026
200,Bodinayakanur,2,Narayanasamy V.T.,All India Anna Dravida Munnetra Kazhagam,40787,499,41286,18.71,25,25,Tamil Nadu,Theni,General,NDA,2026
200,Bodinayakanur,3,Panneerselvam.O,Dravida Munnetra Kazhagam,84228,978,85206,38.62,25,25,Tamil Nadu,Theni,General,SPA,2026
200,Bodinayakanur,4,Padmanabhan.N,All India Puratchi Thalaivar Makkal Munnettra Kazhagam,651,8,659,0.3,25,25,Tamil Nadu,Theni,General,,2026
200,Bodinayakanur,5,Dr.Pandikumar.S,Communist Party of India (Marxist-Leninist) (Liberation),404,13,417,0.19,25,25,Tamil Nadu,Theni,General,,2026
200,Bodinayakanur,6,Prakash.S,Tamilaga Vettri Kazhagam,77571,830,78401,35.54,25,25,Tamil Nadu,Theni,General,,2026
200,Bodinayakanur,7,Raja.M,Vishwa Tamil Kazhagam,188,1,189,0.09,25,25,Tamil Nadu,Theni,General,,2026
200,Bodinayakanur,8,Karuppaiah.G,Independent,191,10,201,0.09,25,25,Tamil Nadu,Theni,General,,2026
200,Bodinayakanur,9,Gowtham.R,Independent,78,0,78,0.04,25,25,Tamil Nadu,Theni,General,,2026
200,Bodinayakanur,10,Chandrasekaran.S,Independent,115,4,119,0.05,25,25,Tamil Nadu,Theni,General,,2026
200,Bodinayakanur,11,Saravanakumar.V,Independent,170,2,172,0.08,25,25,Tamil Nadu,Theni,General,,2026
200,Bodinayakanur,12,Selvamurugan.P,Independent,514,15,529,0.24,25,25,Tamil Nadu,Theni,General,,2026
200,Bodinayakanur,13,Nagananthini.V,Independent,524,2,526,0.24,25,25,Tamil Nadu,Theni,General,,2026
200,Bodinayakanur,14,Balasubramani.R,Independent,279,0,279,0.13,25,25,Tamil Nadu,Theni,General,,2026
200,Bodinayakanur,15,Velraj.K,Independent,180,0,180,0.08,25,25,Tamil Nadu,Theni,General,,2026
200,Bodinayakanur,16,Nota,None of the Above,900,31,931,0.42,25,25,Tamil Nadu,Theni,General,,2026
201,Cumbum,1,Anbuselvi A,Naam Tamilar Katchi,9367,232,9599,4.56,25,25,Tamil Nadu,Theni,General,,2026
201,Cumbum,2,Eramakrishnan N,Dravida Munnetra Kazhagam,83594,1049,84643,40.2,25,25,Tamil Nadu,Theni,General,SPA,2026
201,Cumbum,3,Jakkaiyan S.T.K.,All India Anna Dravida Munnetra Kazhagam,26853,454,27307,12.97,25,25,Tamil Nadu,Theni,General,NDA,2026
201,Cumbum,4,Kathiravan S,New Generation People's Party,317,2,319,0.15,25,25,Tamil Nadu,Theni,General,,2026
201,Cumbum,5,Muthu Bagavathi M.,Tamizhaga Vaazhvurimai Katchi,427,4,431,0.2,25,25,Tamil Nadu,Theni,General,,2026
201,Cumbum,6,Jeganathmishra Pla,Tamilaga Vettri Kazhagam,84340,1054,85394,40.55,25,25,Tamil Nadu,Theni,General,,2026
201,Cumbum,7,Ashok Kumar A,Independent,181,3,184,0.09,25,25,Tamil Nadu,Theni,General,,2026
201,Cumbum,8,Arunkumar A,Independent,161,0,161,0.08,25,25,Tamil Nadu,Theni,General,,2026
201,Cumbum,9,Saravanan S.R.,Independent,110,1,111,0.05,25,25,Tamil Nadu,Theni,General,,2026
201,Cumbum,10,Subramaniyam L R,Independent,61,1,62,0.03,25,25,Tamil Nadu,Theni,General,,2026
201,Cumbum,11,Thasthakeer I,Independent,190,6,196,0.09,25,25,Tamil Nadu,Theni,General,,2026
201,Cumbum,12,Nanthakumar A.,Independent,69,2,71,0.03,25,25,Tamil Nadu,Theni,General,,2026
201,Cumbum,13,Balan R,Independent,103,3,106,0.05,25,25,Tamil Nadu,Theni,General,,2026
201,Cumbum,14,Prakash P.,Independent,253,1,254,0.12,25,25,Tamil Nadu,Theni,General,,2026
201,Cumbum,15,Prakash P.,Independent,177,4,181,0.09,25,25,Tamil Nadu,Theni,General,,2026
201,Cumbum,16,Muthuselvam G.,Independent,213,1,214,0.1,25,25,Tamil Nadu,Theni,General,,2026
201,Cumbum,17,Rajadurai S,Independent,96,2,98,0.05,25,25,Tamil Nadu,Theni,General,,2026
201,Cumbum,18,Rajamohammed T,Independent,421,1,422,0.2,25,25,Tamil Nadu,Theni,General,,2026
201,Cumbum,19,Vinoth Kumar R,Independent,154,0,154,0.07,25,25,Tamil Nadu,Theni,General,,2026
201,Cumbum,20,Nota,None of the Above,644,23,667,0.32,25,25,Tamil Nadu,Theni,General,,2026
202,Rajapalayam,1,Dr. Karthikeyan. T.E.,Naam Tamilar Katchi,16675,297,16972,9.27,21,21,Tamil Nadu,Virudhunagar,General,,2026
202,Rajapalayam,2,Thangapandian. S,Dravida Munnetra Kazhagam,54189,754,54943,30.02,21,21,Tamil Nadu,Virudhunagar,General,SPA,2026
202,Rajapalayam,3,Priscilla Pandian. J,Bharatiya Janata Party,35878,440,36318,19.84,21,21,Tamil Nadu,Virudhunagar,General,NDA,2026
202,Rajapalayam,4,Nasrin Banu. T,Republican Party of India (Athawale),1213,27,1240,0.68,21,21,Tamil Nadu,Virudhunagar,General,,2026
202,Rajapalayam,5,Ramadevi. T,Puthiya Tamilagam,2485,59,2544,1.39,21,21,Tamil Nadu,Virudhunagar,General,,2026
202,Rajapalayam,6,Jegadeshwari. K,Tamilaga Vettri Kazhagam,64947,601,65548,35.81,21,21,Tamil Nadu,Virudhunagar,General,,2026
202,Rajapalayam,7,Harish. A,All India Puratchi Thalaivar Makkal Munnettra Kazhagam,1531,16,1547,0.85,21,21,Tamil Nadu,Virudhunagar,General,,2026
202,Rajapalayam,8,Alagupandian. A,Independent,75,0,75,0.04,21,21,Tamil Nadu,Virudhunagar,General,,2026
202,Rajapalayam,9,Alagumurugan. S,Independent,267,1,268,0.15,21,21,Tamil Nadu,Virudhunagar,General,,2026
202,Rajapalayam,10,Ganesan. K,Independent,94,1,95,0.05,21,21,Tamil Nadu,Virudhunagar,General,,2026
202,Rajapalayam,11,Shanmugachandra Velavan. C.C,Independent,135,2,137,0.07,21,21,Tamil Nadu,Virudhunagar,General,,2026
202,Rajapalayam,12,Saravanan. G,Independent,117,2,119,0.07,21,21,Tamil Nadu,Virudhunagar,General,,2026
202,Rajapalayam,13,Samuel Raj,Independent,139,1,140,0.08,21,21,Tamil Nadu,Virudhunagar,General,,2026
202,Rajapalayam,14,Selvakumar. A,Independent,178,2,180,0.1,21,21,Tamil Nadu,Virudhunagar,General,,2026
202,Rajapalayam,15,Selvi. K,Independent,291,7,298,0.16,21,21,Tamil Nadu,Virudhunagar,General,,2026
202,Rajapalayam,16,Thangapandi. B,Independent,304,0,304,0.17,21,21,Tamil Nadu,Virudhunagar,General,,2026
202,Rajapalayam,17,Balamurugan. V,Independent,202,1,203,0.11,21,21,Tamil Nadu,Virudhunagar,General,,2026
202,Rajapalayam,18,Manmathan. M,Independent,411,3,414,0.23,21,21,Tamil Nadu,Virudhunagar,General,,2026
202,Rajapalayam,19,Muthulakshmi. R,Independent,351,0,351,0.19,21,21,Tamil Nadu,Virudhunagar,General,,2026
202,Rajapalayam,20,Murugan. D,Independent,170,1,171,0.09,21,21,Tamil Nadu,Virudhunagar,General,,2026
202,Rajapalayam,21,Vijendran. G,Independent,107,1,108,0.06,21,21,Tamil Nadu,Virudhunagar,General,,2026
202,Rajapalayam,22,Jegathishwari. N,Independent,291,1,292,0.16,21,21,Tamil Nadu,Virudhunagar,General,,2026
202,Rajapalayam,23,Nota,None of the Above,730,23,753,0.41,21,21,Tamil Nadu,Virudhunagar,General,,2026
203,Srivilliputhur,1,Karikalapandiyan.A,Naam Tamilar Katchi,12948,326,13274,6.86,24,24,Tamil Nadu,Virudhunagar,SC,,2026
203,Srivilliputhur,2,Chandraprabha.M,All India Anna Dravida Munnetra Kazhagam,42148,691,42839,22.14,24,24,Tamil Nadu,Virudhunagar,SC,NDA,2026
203,Srivilliputhur,3,Mahalingam.P,Communist Party of India,56261,811,57072,29.5,24,24,Tamil Nadu,Virudhunagar,SC,SPA,2026
203,Srivilliputhur,4,Karthik.A,Tamilaga Vettri Kazhagam,64709,944,65653,33.93,24,24,Tamil Nadu,Virudhunagar,SC,,2026
203,Srivilliputhur,5,Chandra.M,All India Puratchi Thalaivar Makkal Munnettra Kazhagam,1684,42,1726,0.89,24,24,Tamil Nadu,Virudhunagar,SC,,2026
203,Srivilliputhur,6,Varatharajan.A,Naam Indiar Party,126,2,128,0.07,24,24,Tamil Nadu,Virudhunagar,SC,,2026
203,Srivilliputhur,7,Dr. Shyam Krishnasamy,Puthiya Tamilagam,9329,193,9522,4.92,24,24,Tamil Nadu,Virudhunagar,SC,,2026
203,Srivilliputhur,8,Alaguraja T,Independent,360,5,365,0.19,24,24,Tamil Nadu,Virudhunagar,SC,,2026
203,Srivilliputhur,9,Sudandiradoss.M,Independent,151,0,151,0.08,24,24,Tamil Nadu,Virudhunagar,SC,,2026
203,Srivilliputhur,10,Suryaprakash.R,Independent,234,1,235,0.12,24,24,Tamil Nadu,Virudhunagar,SC,,2026
203,Srivilliputhur,11,Devialakshmi Saranya.K,Independent,505,4,509,0.26,24,24,Tamil Nadu,Virudhunagar,SC,,2026
203,Srivilliputhur,12,Pandiyammal.M,Independent,339,1,340,0.18,24,24,Tamil Nadu,Virudhunagar,SC,,2026
203,Srivilliputhur,13,Muthuraj.U,Independent,441,2,443,0.23,24,24,Tamil Nadu,Virudhunagar,SC,,2026
203,Srivilliputhur,14,Murugesan.S,Independent,335,6,341,0.18,24,24,Tamil Nadu,Virudhunagar,SC,,2026
203,Srivilliputhur,15,Nota,None of the Above,845,28,873,0.45,24,24,Tamil Nadu,Virudhunagar,SC,,2026
204,Sattur,1,Anandharaja. D.,Naam Tamilar Katchi,9064,171,9235,4.65,21,21,Tamil Nadu,Virudhunagar,General,,2026
204,Sattur,2,Kadarkarairaj. A,Dravida Munnetra Kazhagam,61342,718,62060,31.23,21,21,Tamil Nadu,Virudhunagar,General,SPA,2026
204,Sattur,3,Kamala Vel Selvan. P,Bahujan Samaj Party,400,4,404,0.2,21,21,Tamil Nadu,Virudhunagar,General,,2026
204,Sattur,4,Nainar Nagenthran,Bharatiya Janata Party,55465,606,56071,28.21,21,21,Tamil Nadu,Virudhunagar,General,NDA,2026
204,Sattur,5,Ajith. M,Tamilaga Vettri Kazhagam,52904,594,53498,26.92,21,21,Tamil Nadu,Virudhunagar,General,,2026
204,Sattur,6,Esakkiraja. K,All India Puratchi Thalaivar Makkal Munnettra Kazhagam,11485,117,11602,5.84,21,21,Tamil Nadu,Virudhunagar,General,,2026
204,Sattur,7,Thanga Durai. P,Puthiya Makkal Tamil Desam Katchi,130,0,130,0.07,21,21,Tamil Nadu,Virudhunagar,General,,2026
204,Sattur,8,Muthukannu. C,Tamilaga Makkal Nala Katchi,100,5,105,0.05,21,21,Tamil Nadu,Virudhunagar,General,,2026
204,Sattur,9,Velmurugan. S,Puthiya Tamilagam,2293,50,2343,1.18,21,21,Tamil Nadu,Virudhunagar,General,,2026
204,Sattur,10,Ajithkumar. S,Independent,86,0,86,0.04,21,21,Tamil Nadu,Virudhunagar,General,,2026
204,Sattur,11,Kaliraj. M,Independent,86,0,86,0.04,21,21,Tamil Nadu,Virudhunagar,General,,2026
204,Sattur,12,Saravanan. P,Independent,186,4,190,0.1,21,21,Tamil Nadu,Virudhunagar,General,,2026
204,Sattur,13,Thanga Mariappan. J,Independent,239,0,239,0.12,21,21,Tamil Nadu,Virudhunagar,General,,2026
204,Sattur,14,Narmada Nandhakumar,Independent,85,3,88,0.04,21,21,Tamil Nadu,Virudhunagar,General,,2026
204,Sattur,15,Mahendran. M,Independent,230,1,231,0.12,21,21,Tamil Nadu,Virudhunagar,General,,2026
204,Sattur,16,Maheshkumar. M,Independent,193,0,193,0.1,21,21,Tamil Nadu,Virudhunagar,General,,2026
204,Sattur,17,Manivasagam.S,Independent,456,0,456,0.23,21,21,Tamil Nadu,Virudhunagar,General,,2026
204,Sattur,18,Mayakkannan. V,Independent,462,0,462,0.23,21,21,Tamil Nadu,Virudhunagar,General,,2026
204,Sattur,19,Mutharasan. M,Independent,126,0,126,0.06,21,21,Tamil Nadu,Virudhunagar,General,,2026
204,Sattur,20,Ramesh Kumar. B,Independent,339,1,340,0.17,21,21,Tamil Nadu,Virudhunagar,General,,2026
204,Sattur,21,Vijendran. G,Independent,186,4,190,0.1,21,21,Tamil Nadu,Virudhunagar,General,,2026
204,Sattur,22,Venkatesan. M,Independent,122,1,123,0.06,21,21,Tamil Nadu,Virudhunagar,General,,2026
204,Sattur,23,Nota,None of the Above,461,15,476,0.24,21,21,Tamil Nadu,Virudhunagar,General,,2026
205,Sivakasi,1,Ashokan G,Indian National Congress,56596,443,57039,29.47,22,22,Tamil Nadu,Virudhunagar,General,SPA,2026
205,Sivakasi,2,Esther Mary Diana A,Naam Tamilar Katchi,10087,104,10191,5.27,22,22,Tamil Nadu,Virudhunagar,General,,2026
205,Sivakasi,3,Suresh K,Bahujan Samaj Party,229,0,229,0.12,22,22,Tamil Nadu,Virudhunagar,General,,2026
205,Sivakasi,4,Rajenthrabhalaji K T,All India Anna Dravida Munnetra Kazhagam,50595,483,51078,26.39,22,22,Tamil Nadu,Virudhunagar,General,NDA,2026
205,Sivakasi,5,Ganesan M,All India Puratchi Thalaivar Makkal Munnettra Kazhagam,1695,34,1729,0.89,22,22,Tamil Nadu,Virudhunagar,General,,2026
205,Sivakasi,6,Kanipandi M,Puthiya Tamilagam,2484,29,2513,1.3,22,22,Tamil Nadu,Virudhunagar,General,,2026
205,Sivakasi,7,Keerthana S,Tamilaga Vettri Kazhagam,68273,436,68709,35.51,22,22,Tamil Nadu,Virudhunagar,General,,2026
205,Sivakasi,8,Chinnadurai Alias Dimitro S,Communist Party of India (Marxist-Leninist) (Liberation),162,0,162,0.08,22,22,Tamil Nadu,Virudhunagar,General,,2026
205,Sivakasi,9,Ganesan S,Independent,102,0,102,0.05,22,22,Tamil Nadu,Virudhunagar,General,,2026
205,Sivakasi,10,Ganesan V,Independent,80,0,80,0.04,22,22,Tamil Nadu,Virudhunagar,General,,2026
205,Sivakasi,11,Nagalakshmi V,Independent,204,1,205,0.11,22,22,Tamil Nadu,Virudhunagar,General,,2026
205,Sivakasi,12,Murugan M,Independent,120,0,120,0.06,22,22,Tamil Nadu,Virudhunagar,General,,2026
205,Sivakasi,13,Ramesh P,Independent,210,3,213,0.11,22,22,Tamil Nadu,Virudhunagar,General,,2026
205,Sivakasi,14,Venkatesh V,Independent,195,4,199,0.1,22,22,Tamil Nadu,Virudhunagar,General,,2026
205,Sivakasi,15,Nota,None of the Above,933,15,948,0.49,22,22,Tamil Nadu,Virudhunagar,General,,2026
206,Virudhunagar,1,Ganesan V.G.,All India Anna Dravida Munnetra Kazhagam,33851,361,34212,20.38,23,23,Tamil Nadu,Virudhunagar,General,NDA,2026
206,Virudhunagar,2,Lakshmanan,Naam Tamilar Katchi,9938,182,10120,6.03,23,23,Tamil Nadu,Virudhunagar,General,,2026
206,Virudhunagar,3,Vijayaprabhakar,Desiya Murpokku Dravida Kazhagam,53689,573,54262,32.33,23,23,Tamil Nadu,Virudhunagar,General,SPA,2026
206,Virudhunagar,4,Selvam P,Tamilaga Vettri Kazhagam,63070,583,63653,37.93,23,23,Tamil Nadu,Virudhunagar,General,,2026
206,Virudhunagar,5,Balasubramaniam M,Puthiya Tamilagam,2166,51,2217,1.32,23,23,Tamil Nadu,Virudhunagar,General,,2026
206,Virudhunagar,6,Rathinaraja S,Nam Naadu Nam Makkal Nam Ethirkaalam Katchi,145,3,148,0.09,23,23,Tamil Nadu,Virudhunagar,General,,2026
206,Virudhunagar,7,Vikraman N,Desa Makkal Munnetrak Kazhagam,115,3,118,0.07,23,23,Tamil Nadu,Virudhunagar,General,,2026
206,Virudhunagar,8,Amirtha Pandi M.V,Independent,121,1,122,0.07,23,23,Tamil Nadu,Virudhunagar,General,,2026
206,Virudhunagar,9,Ajay I,Independent,532,0,532,0.32,23,23,Tamil Nadu,Virudhunagar,General,,2026
206,Virudhunagar,10,Gunasundaram R,Independent,204,0,204,0.12,23,23,Tamil Nadu,Virudhunagar,General,,2026
206,Virudhunagar,11,Gurusamy S,Independent,180,2,182,0.11,23,23,Tamil Nadu,Virudhunagar,General,,2026
206,Virudhunagar,12,Santhosh Kumar R,Independent,137,0,137,0.08,23,23,Tamil Nadu,Virudhunagar,General,,2026
206,Virudhunagar,13,Subburaj K,Independent,342,1,343,0.2,23,23,Tamil Nadu,Virudhunagar,General,,2026
206,Virudhunagar,14,Muthuvel S,Independent,508,1,509,0.3,23,23,Tamil Nadu,Virudhunagar,General,,2026
206,Virudhunagar,15,Ranjith S,Independent,118,1,119,0.07,23,23,Tamil Nadu,Virudhunagar,General,,2026
206,Virudhunagar,16,Nota,None of the Above,940,14,954,0.57,23,23,Tamil Nadu,Virudhunagar,General,,2026
207,Aruppukkottai,1,Ramachandran. K.K.S.S.R,Dravida Munnetra Kazhagam,64124,980,65104,36.49,20,20,Tamil Nadu,Virudhunagar,General,SPA,2026
207,Aruppukkottai,2,Sethupathy. S,All India Anna Dravida Munnetra Kazhagam,36783,407,37190,20.84,20,20,Tamil Nadu,Virudhunagar,General,NDA,2026
207,Aruppukkottai,3,Manimaran. G,Naam Tamilar Katchi,8338,161,8499,4.76,20,20,Tamil Nadu,Virudhunagar,General,,2026
207,Aruppukkottai,4,Elango. G,Ezhuchi Tamilargal Munnetra Kazhagam,137,2,139,0.08,20,20,Tamil Nadu,Virudhunagar,General,,2026
207,Aruppukkottai,5,Ganesan. V,Puthiya Makkal Tamil Desam Katchi,194,0,194,0.11,20,20,Tamil Nadu,Virudhunagar,General,,2026
207,Aruppukkottai,6,Karthik Kumar. K,Tamilaga Vettri Kazhagam,59556,605,60161,33.72,20,20,Tamil Nadu,Virudhunagar,General,,2026
207,Aruppukkottai,7,Sanjay Gandhi. V,Desa Makkal Munnetrak Kazhagam,160,0,160,0.09,20,20,Tamil Nadu,Virudhunagar,General,,2026
207,Aruppukkottai,8,Dharmaraj. P,All India Puratchi Thalaivar Makkal Munnettra Kazhagam,1130,17,1147,0.64,20,20,Tamil Nadu,Virudhunagar,General,,2026
207,Aruppukkottai,9,Ragupathi. K,Puthiya Tamilagam,2107,72,2179,1.22,20,20,Tamil Nadu,Virudhunagar,General,,2026
207,Aruppukkottai,10,Arumugam. V,Independent,639,2,641,0.36,20,20,Tamil Nadu,Virudhunagar,General,,2026
207,Aruppukkottai,11,Anandhan. A,Independent,112,3,115,0.06,20,20,Tamil Nadu,Virudhunagar,General,,2026
207,Aruppukkottai,12,Karthik. M,Independent,52,1,53,0.03,20,20,Tamil Nadu,Virudhunagar,General,,2026
207,Aruppukkottai,13,Advocate Sadhuragiri. M,Independent,159,1,160,0.09,20,20,Tamil Nadu,Virudhunagar,General,,2026
207,Aruppukkottai,14,Chinnasamy. G,Independent,75,1,76,0.04,20,20,Tamil Nadu,Virudhunagar,General,,2026
207,Aruppukkottai,15,Sundaramahalingam. A,Independent,120,0,120,0.07,20,20,Tamil Nadu,Virudhunagar,General,,2026
207,Aruppukkottai,16,Sundaramoorthi. S,Independent,424,0,424,0.24,20,20,Tamil Nadu,Virudhunagar,General,,2026
207,Aruppukkottai,17,Sureshkumar. K,Independent,573,0,573,0.32,20,20,Tamil Nadu,Virudhunagar,General,,2026
207,Aruppukkottai,18,Senthilkumar. S,Independent,263,2,265,0.15,20,20,Tamil Nadu,Virudhunagar,General,,2026
207,Aruppukkottai,19,Palanikumar. M,Independent,68,0,68,0.04,20,20,Tamil Nadu,Virudhunagar,General,,2026
207,Aruppukkottai,20,Marivel. K,Independent,48,0,48,0.03,20,20,Tamil Nadu,Virudhunagar,General,,2026
207,Aruppukkottai,21,Muniyandi. M,Independent,79,1,80,0.04,20,20,Tamil Nadu,Virudhunagar,General,,2026
207,Aruppukkottai,22,Ramakrishnan. S,Independent,161,1,162,0.09,20,20,Tamil Nadu,Virudhunagar,General,,2026
207,Aruppukkottai,23,Ramamoorthy. G,Independent,57,1,58,0.03,20,20,Tamil Nadu,Virudhunagar,General,,2026
207,Aruppukkottai,24,Veeraraj. R,Independent,55,1,56,0.03,20,20,Tamil Nadu,Virudhunagar,General,,2026
207,Aruppukkottai,25,Venkatesan. P.S,Independent,49,0,49,0.03,20,20,Tamil Nadu,Virudhunagar,General,,2026
207,Aruppukkottai,26,Nota,None of the Above,666,26,692,0.39,20,20,Tamil Nadu,Virudhunagar,General,,2026
208,Tiruchuli,1,Avarangadu Karthik Raja,Naam Tamilar Katchi,12522,241,12763,7.04,23,23,Tamil Nadu,Virudhunagar,General,,2026
208,Tiruchuli,2,Thangam Thenarasu,Dravida Munnetra Kazhagam,74298,787,75085,41.43,23,23,Tamil Nadu,Virudhunagar,General,SPA,2026
208,Tiruchuli,3,Rajavarman.M.S.R,All India Anna Dravida Munnetra Kazhagam,25205,376,25581,14.11,23,23,Tamil Nadu,Virudhunagar,General,NDA,2026
208,Tiruchuli,4,Kannan.G,Ezhuchi Tamilargal Munnetra Kazhagam,281,0,281,0.16,23,23,Tamil Nadu,Virudhunagar,General,,2026
208,Tiruchuli,5,Gunasekaran.G,Puthiya Tamilagam,1222,26,1248,0.69,23,23,Tamil Nadu,Virudhunagar,General,,2026
208,Tiruchuli,6,Samayan.S,Tamilaga Vettri Kazhagam,60912,688,61600,33.99,23,23,Tamil Nadu,Virudhunagar,General,,2026
208,Tiruchuli,7,Murugesapandian.T,All India Puratchi Thalaivar Makkal Munnettra Kazhagam,1097,10,1107,0.61,23,23,Tamil Nadu,Virudhunagar,General,,2026
208,Tiruchuli,8,Rajkumar.D,Tamizhaga Vaazhvurimai Katchi,119,0,119,0.07,23,23,Tamil Nadu,Virudhunagar,General,,2026
208,Tiruchuli,9,Vellaisamy.P,Ahimsa Socialist Party,108,0,108,0.06,23,23,Tamil Nadu,Virudhunagar,General,,2026
208,Tiruchuli,10,Aravinthasamy.J,Independent,65,0,65,0.04,23,23,Tamil Nadu,Virudhunagar,General,,2026
208,Tiruchuli,11,Kalimuthu.S,Independent,124,0,124,0.07,23,23,Tamil Nadu,Virudhunagar,General,,2026
208,Tiruchuli,12,Gurusamy.T,Independent,108,6,114,0.06,23,23,Tamil Nadu,Virudhunagar,General,,2026
208,Tiruchuli,13,Chenna Kesavan.P,Independent,82,3,85,0.05,23,23,Tamil Nadu,Virudhunagar,General,,2026
208,Tiruchuli,14,Sethuramalingam.S,Independent,245,0,245,0.14,23,23,Tamil Nadu,Virudhunagar,General,,2026
208,Tiruchuli,15,Advocate Thangapandian,Independent,518,7,525,0.29,23,23,Tamil Nadu,Virudhunagar,General,,2026
208,Tiruchuli,16,Nallamaruthu.K,Independent,164,0,164,0.09,23,23,Tamil Nadu,Virudhunagar,General,,2026
208,Tiruchuli,17,Palaniyandi.M,Independent,194,1,195,0.11,23,23,Tamil Nadu,Virudhunagar,General,,2026
208,Tiruchuli,18,Malai Alagu.M,Independent,631,0,631,0.35,23,23,Tamil Nadu,Virudhunagar,General,,2026
208,Tiruchuli,19,Marimuthu.M,Independent,392,0,392,0.22,23,23,Tamil Nadu,Virudhunagar,General,,2026
208,Tiruchuli,20,Marnadu.M,Independent,66,0,66,0.04,23,23,Tamil Nadu,Virudhunagar,General,,2026
208,Tiruchuli,21,Muniyasamy.R,Independent,77,0,77,0.04,23,23,Tamil Nadu,Virudhunagar,General,,2026
208,Tiruchuli,22,Rajangam.C,Independent,162,0,162,0.09,23,23,Tamil Nadu,Virudhunagar,General,,2026
208,Tiruchuli,23,Jeyachitra,Independent,86,2,88,0.05,23,23,Tamil Nadu,Virudhunagar,General,,2026
208,Tiruchuli,24,Nota,None of the Above,407,18,425,0.23,23,23,Tamil Nadu,Virudhunagar,General,,2026
209,Paramakudi,1,Ezhil Elavarasi. R,Naam Tamilar Katchi,15013,350,15363,8.1,25,25,Tamil Nadu,Ramanathapuram,SC,,2026
209,Paramakudi,2,Advocate. Kathiravan. K.K,Dravida Munnetra Kazhagam,58217,944,59161,31.18,25,25,Tamil Nadu,Ramanathapuram,SC,SPA,2026
209,Paramakudi,3,Dr. Muthiah. S,All India Anna Dravida Munnetra Kazhagam,53299,800,54099,28.51,25,25,Tamil Nadu,Ramanathapuram,SC,NDA,2026
209,Paramakudi,4,Amirtha. M,All India Puratchi Thalaivar Makkal Munnettra Kazhagam,2191,48,2239,1.18,25,25,Tamil Nadu,Ramanathapuram,SC,,2026
209,Paramakudi,5,Rathina Prakash. K,Puthiya Tamilagam,936,68,1004,0.53,25,25,Tamil Nadu,Ramanathapuram,SC,,2026
209,Paramakudi,6,Gopirajan. G,Tamilaga Vettri Kazhagam,54856,757,55613,29.31,25,25,Tamil Nadu,Ramanathapuram,SC,,2026
209,Paramakudi,7,Kathiravan. R,Independent,377,2,379,0.2,25,25,Tamil Nadu,Ramanathapuram,SC,,2026
209,Paramakudi,8,Karthik Vani. B,Independent,230,0,230,0.12,25,25,Tamil Nadu,Ramanathapuram,SC,,2026
209,Paramakudi,9,Muththiah. M,Independent,223,2,225,0.12,25,25,Tamil Nadu,Ramanathapuram,SC,,2026
209,Paramakudi,10,Radha Krishnan. G,Independent,137,1,138,0.07,25,25,Tamil Nadu,Ramanathapuram,SC,,2026
209,Paramakudi,11,Raja. M,Independent,265,3,268,0.14,25,25,Tamil Nadu,Ramanathapuram,SC,,2026
209,Paramakudi,12,Raju. A,Independent,322,2,324,0.17,25,25,Tamil Nadu,Ramanathapuram,SC,,2026
209,Paramakudi,13,Nota,None of the Above,685,25,710,0.37,25,25,Tamil Nadu,Ramanathapuram,SC,,2026
210,Tiruvadanai,1,Rm. Karumanickam,Indian National Congress,66394,644,67038,30.43,28,28,Tamil Nadu,Ramanathapuram,General,SPA,2026
210,Tiruvadanai,2,M.Keerthika,All India Anna Dravida Munnetra Kazhagam,63205,674,63879,29,28,28,Tamil Nadu,Ramanathapuram,General,NDA,2026
210,Tiruvadanai,3,N Premnath,Naam Tamilar Katchi,13224,165,13389,6.08,28,28,Tamil Nadu,Ramanathapuram,General,,2026
210,Tiruvadanai,4,A Muthusamy,Bahujan Samaj Party,256,2,258,0.12,28,28,Tamil Nadu,Ramanathapuram,General,,2026
210,Tiruvadanai,5,R Ilaiyaraja,Indhu Dravida Makkal Katchi,180,0,180,0.08,28,28,Tamil Nadu,Ramanathapuram,General,,2026
210,Tiruvadanai,6,K Kaleeswaran,Tamizhaga Vaazhvurimai Katchi,214,1,215,0.1,28,28,Tamil Nadu,Ramanathapuram,General,,2026
210,Tiruvadanai,7,S Suresh Kasini Venthan,All India Forward Bloc,1463,19,1482,0.67,28,28,Tamil Nadu,Ramanathapuram,General,,2026
210,Tiruvadanai,8,S.Balusamy,Puthiya Tamilagam,607,12,619,0.28,28,28,Tamil Nadu,Ramanathapuram,General,,2026
210,Tiruvadanai,9,Rajeev,Tamilaga Vettri Kazhagam,69001,550,69551,31.57,28,28,Tamil Nadu,Ramanathapuram,General,,2026
210,Tiruvadanai,10,Ms Abdul Bakki,Independent,208,1,209,0.09,28,28,Tamil Nadu,Ramanathapuram,General,,2026
210,Tiruvadanai,11,Alla Pichai,Independent,111,1,112,0.05,28,28,Tamil Nadu,Ramanathapuram,General,,2026
210,Tiruvadanai,12,Alagarsamy Pandian,Independent,657,18,675,0.31,28,28,Tamil Nadu,Ramanathapuram,General,,2026
210,Tiruvadanai,13,N Anbu Bagurudeen,Independent,123,2,125,0.06,28,28,Tamil Nadu,Ramanathapuram,General,,2026
210,Tiruvadanai,14,Sakthik Kumar,Independent,149,1,150,0.07,28,28,Tamil Nadu,Ramanathapuram,General,,2026
210,Tiruvadanai,15,B Sikkandar,Independent,328,2,330,0.15,28,28,Tamil Nadu,Ramanathapuram,General,,2026
210,Tiruvadanai,16,A Segu Ali Uduman,Independent,480,1,481,0.22,28,28,Tamil Nadu,Ramanathapuram,General,,2026
210,Tiruvadanai,17,R Thilageswaran,Independent,455,2,457,0.21,28,28,Tamil Nadu,Ramanathapuram,General,,2026
210,Tiruvadanai,18,A Dinesh Kumar,Independent,486,5,491,0.22,28,28,Tamil Nadu,Ramanathapuram,General,,2026
210,Tiruvadanai,19,Devasitham,Independent,110,2,112,0.05,28,28,Tamil Nadu,Ramanathapuram,General,,2026
210,Tiruvadanai,20,A Mani,Independent,59,3,62,0.03,28,28,Tamil Nadu,Ramanathapuram,General,,2026
210,Tiruvadanai,21,M.Vijay,Independent,106,3,109,0.05,28,28,Tamil Nadu,Ramanathapuram,General,,2026
210,Tiruvadanai,22,Nota,None of the Above,347,7,354,0.16,28,28,Tamil Nadu,Ramanathapuram,General,,2026
211,Ramanathapuram,1,Katharbatcha Muthuramalingam,Dravida Munnetra Kazhagam,88339,798,89137,37.52,31,31,Tamil Nadu,Ramanathapuram,General,SPA,2026
211,Ramanathapuram,2,Gbs K.Nagendran,Bharatiya Janata Party,57156,574,57730,24.3,31,31,Tamil Nadu,Ramanathapuram,General,NDA,2026
211,Ramanathapuram,3,S.M. Muthu Kesavan,Naam Tamilar Katchi,10637,129,10766,4.53,31,31,Tamil Nadu,Ramanathapuram,General,,2026
211,Ramanathapuram,4,Dr.J. Abubakkar Sithick,Anna Puratchi Thalaivar Amma Dravida Munnetra Kazhagam,359,0,359,0.15,31,31,Tamil Nadu,Ramanathapuram,General,,2026
211,Ramanathapuram,5,Shahul Hameed,Tamilaga Vettri Kazhagam,76228,450,76678,32.28,31,31,Tamil Nadu,Ramanathapuram,General,,2026
211,Ramanathapuram,6,C. Parirajan,Veerath Thiyagi Viswanathadoss Thozhilalarkal Katchi,226,3,229,0.1,31,31,Tamil Nadu,Ramanathapuram,General,,2026
211,Ramanathapuram,7,S. Murugaboopathy,Communist Party of India (Marxist-Leninist) (Liberation),145,1,146,0.06,31,31,Tamil Nadu,Ramanathapuram,General,,2026
211,Ramanathapuram,8,Kan Ilango,Independent,340,7,347,0.15,31,31,Tamil Nadu,Ramanathapuram,General,,2026
211,Ramanathapuram,9,Karthigai Pandi,Independent,158,2,160,0.07,31,31,Tamil Nadu,Ramanathapuram,General,,2026
211,Ramanathapuram,10,A. Chinna Raja,Independent,343,7,350,0.15,31,31,Tamil Nadu,Ramanathapuram,General,,2026
211,Ramanathapuram,11,Balakrishnan,Independent,141,1,142,0.06,31,31,Tamil Nadu,Ramanathapuram,General,,2026
211,Ramanathapuram,12,Pullani,Independent,223,0,223,0.09,31,31,Tamil Nadu,Ramanathapuram,General,,2026
211,Ramanathapuram,13,K. Maleswaran,Independent,355,1,356,0.15,31,31,Tamil Nadu,Ramanathapuram,General,,2026
211,Ramanathapuram,14,Nota,None of the Above,942,11,953,0.4,31,31,Tamil Nadu,Ramanathapuram,General,,2026
212,Mudhukulathur,1,Chandra Prabha Jeyapal,Naam Tamilar Katchi,14774,338,15112,6.53,31,31,Tamil Nadu,Ramanathapuram,General,,2026
212,Mudhukulathur,2,S.Pandi,All India Anna Dravida Munnetra Kazhagam,47085,416,47501,20.53,31,31,Tamil Nadu,Ramanathapuram,General,NDA,2026
212,Mudhukulathur,3,R.S.Rajakannappan,Dravida Munnetra Kazhagam,67117,886,68003,29.39,31,31,Tamil Nadu,Ramanathapuram,General,SPA,2026
212,Mudhukulathur,4,M. Irulandi,Naadaalum Makkal Katchi,1250,0,1250,0.54,31,31,Tamil Nadu,Ramanathapuram,General,,2026
212,Mudhukulathur,5,A. Saravanakumar,Naam Indiar Party,147,1,148,0.06,31,31,Tamil Nadu,Ramanathapuram,General,,2026
212,Mudhukulathur,6,K.Senthil Mallar,Tamizhaga Vaazhvurimai Katchi,1086,63,1149,0.5,31,31,Tamil Nadu,Ramanathapuram,General,,2026
212,Mudhukulathur,7,G. Selvaraj,Puthiya Makkal Tamil Desam Katchi,337,2,339,0.15,31,31,Tamil Nadu,Ramanathapuram,General,,2026
212,Mudhukulathur,8,Malarvizhi. B,Tamilaga Vettri Kazhagam,50787,618,51405,22.22,31,31,Tamil Nadu,Ramanathapuram,General,,2026
212,Mudhukulathur,9,C.Malaiselvam,Puthiya Tamilagam,967,26,993,0.43,31,31,Tamil Nadu,Ramanathapuram,General,,2026
212,Mudhukulathur,10,Dr.R.Ramkumar,All India Puratchi Thalaivar Makkal Munnettra Kazhagam,39742,680,40422,17.47,31,31,Tamil Nadu,Ramanathapuram,General,,2026
212,Mudhukulathur,11,K.Gangai Amaran,Independent,194,2,196,0.08,31,31,Tamil Nadu,Ramanathapuram,General,,2026
212,Mudhukulathur,12,M.Karuppa Samy,Independent,159,5,164,0.07,31,31,Tamil Nadu,Ramanathapuram,General,,2026
212,Mudhukulathur,13,C.Kengusamy,Independent,165,1,166,0.07,31,31,Tamil Nadu,Ramanathapuram,General,,2026
212,Mudhukulathur,14,Sathiyam C.Saravanan,Independent,2035,7,2042,0.88,31,31,Tamil Nadu,Ramanathapuram,General,,2026
212,Mudhukulathur,15,V.Pandi,Independent,438,2,440,0.19,31,31,Tamil Nadu,Ramanathapuram,General,,2026
212,Mudhukulathur,16,M.Boominathan (A) M.K.Vaiyavan,Independent,335,0,335,0.14,31,31,Tamil Nadu,Ramanathapuram,General,,2026
212,Mudhukulathur,17,K.Murugan,Independent,207,1,208,0.09,31,31,Tamil Nadu,Ramanathapuram,General,,2026
212,Mudhukulathur,18,R.Moovendran,Independent,484,2,486,0.21,31,31,Tamil Nadu,Ramanathapuram,General,,2026
212,Mudhukulathur,19,Ravi Govinthan,Independent,445,0,445,0.19,31,31,Tamil Nadu,Ramanathapuram,General,,2026
212,Mudhukulathur,20,K.Rajakumar,Independent,140,0,140,0.06,31,31,Tamil Nadu,Ramanathapuram,General,,2026
212,Mudhukulathur,21,Nota,None of the Above,421,8,429,0.19,31,31,Tamil Nadu,Ramanathapuram,General,,2026
213,Vilathikulam,1,R. Sathya,All India Anna Dravida Munnetra Kazhagam,48461,418,48879,27.96,20,20,Tamil Nadu,Thoothukkudi,General,NDA,2026
213,Vilathikulam,2,Balaji Ramachandran,Naam Tamilar Katchi,11574,206,11780,6.74,20,20,Tamil Nadu,Thoothukkudi,General,,2026
213,Vilathikulam,3,Markandayan G V,Dravida Munnetra Kazhagam,57458,937,58395,33.4,20,20,Tamil Nadu,Thoothukkudi,General,SPA,2026
213,Vilathikulam,4,P. Kasiram,Tamilaga Vettri Kazhagam,49578,589,50167,28.7,20,20,Tamil Nadu,Thoothukkudi,General,,2026
213,Vilathikulam,5,R. Perumal,Naam Indiar Party,164,2,166,0.09,20,20,Tamil Nadu,Thoothukkudi,General,,2026
213,Vilathikulam,6,C. Ponpandi,All India Puratchi Thalaivar Makkal Munnettra Kazhagam,1359,21,1380,0.79,20,20,Tamil Nadu,Thoothukkudi,General,,2026
213,Vilathikulam,7,P.Madasamy,Puthiya Tamilagam,1995,62,2057,1.18,20,20,Tamil Nadu,Thoothukkudi,General,,2026
213,Vilathikulam,8,K. Ajay Kumar,Independent,163,3,166,0.09,20,20,Tamil Nadu,Thoothukkudi,General,,2026
213,Vilathikulam,9,V. Ganesan,Independent,87,1,88,0.05,20,20,Tamil Nadu,Thoothukkudi,General,,2026
213,Vilathikulam,10,A. Patturaj,Independent,68,3,71,0.04,20,20,Tamil Nadu,Thoothukkudi,General,,2026
213,Vilathikulam,11,A. Prabahar,Independent,87,0,87,0.05,20,20,Tamil Nadu,Thoothukkudi,General,,2026
213,Vilathikulam,12,M. Ponnusamy,Independent,166,6,172,0.1,20,20,Tamil Nadu,Thoothukkudi,General,,2026
213,Vilathikulam,13,G. Muniyasamy,Independent,175,0,175,0.1,20,20,Tamil Nadu,Thoothukkudi,General,,2026
213,Vilathikulam,14,P. Rajasekaran,Independent,440,1,441,0.25,20,20,Tamil Nadu,Thoothukkudi,General,,2026
213,Vilathikulam,15,P. Jeyakumar,Independent,145,3,148,0.08,20,20,Tamil Nadu,Thoothukkudi,General,,2026
213,Vilathikulam,16,Nota,None of the Above,636,6,642,0.37,20,20,Tamil Nadu,Thoothukkudi,General,,2026
214,Thoothukkudi,1,P. Geetha Jeevan,Dravida Munnetra Kazhagam,62045,760,62805,30.68,26,26,Tamil Nadu,Thoothukkudi,General,SPA,2026
214,Thoothukkudi,2,Chellapandian S.T.,All India Anna Dravida Munnetra Kazhagam,25879,334,26213,12.8,26,26,Tamil Nadu,Thoothukkudi,General,NDA,2026
214,Thoothukkudi,3,Jacob Devadoss Abisheak R.,Naam Tamilar Katchi,11574,178,11752,5.74,26,26,Tamil Nadu,Thoothukkudi,General,,2026
214,Thoothukkudi,4,Yesadurai S.,All India Puratchi Thalaivar Makkal Munnettra Kazhagam,682,7,689,0.34,26,26,Tamil Nadu,Thoothukkudi,General,,2026
214,Thoothukkudi,5,Kidar Samsdeen N.A.,Tamizhaga Vaazhvurimai Katchi,170,2,172,0.08,26,26,Tamil Nadu,Thoothukkudi,General,,2026
214,Thoothukkudi,6,Sahayam T.,Communist Party of India (Marxist-Leninist) (Liberation),143,0,143,0.07,26,26,Tamil Nadu,Thoothukkudi,General,,2026
214,Thoothukkudi,7,Prasanna Kumar M.,Makkal Nalvaazhvuk Katchi,137,0,137,0.07,26,26,Tamil Nadu,Thoothukkudi,General,,2026
214,Thoothukkudi,8,Ponkumaran P.P.M.T,Nam Naadu Nam Makkal Nam Ethirkaalam Katchi,259,2,261,0.13,26,26,Tamil Nadu,Thoothukkudi,General,,2026
214,Thoothukkudi,9,Srikanth M.V.,Naam Indiar Party,243,0,243,0.12,26,26,Tamil Nadu,Thoothukkudi,General,,2026
214,Thoothukkudi,10,Srinath,Tamilaga Vettri Kazhagam,99900,636,100536,49.11,26,26,Tamil Nadu,Thoothukkudi,General,,2026
214,Thoothukkudi,11,Samuel J.,Independent,338,4,342,0.17,26,26,Tamil Nadu,Thoothukkudi,General,,2026
214,Thoothukkudi,12,Dhinakaran S.T.R.M.,Independent,260,2,262,0.13,26,26,Tamil Nadu,Thoothukkudi,General,,2026
214,Thoothukkudi,13,Babu P.,Independent,112,3,115,0.06,26,26,Tamil Nadu,Thoothukkudi,General,,2026
214,Thoothukkudi,14,Maruthu Pandian P.,Independent,85,0,85,0.04,26,26,Tamil Nadu,Thoothukkudi,General,,2026
214,Thoothukkudi,15,Muneeswara Moorthy S.,Independent,103,1,104,0.05,26,26,Tamil Nadu,Thoothukkudi,General,,2026
214,Thoothukkudi,16,Nota,None of the Above,835,18,853,0.42,26,26,Tamil Nadu,Thoothukkudi,General,,2026
215,Tiruchendur,1,Anitha R. Radhakrishnan,Dravida Munnetra Kazhagam,71564,1159,72723,39.09,22,22,Tamil Nadu,Thoothukkudi,General,SPA,2026
215,Tiruchendur,2,Ophiliya,Naam Tamilar Katchi,9676,118,9794,5.26,22,22,Tamil Nadu,Thoothukkudi,General,,2026
215,Tiruchendur,3,K R M Radhakrishnan,Bharatiya Janata Party,33665,494,34159,18.36,22,22,Tamil Nadu,Thoothukkudi,General,NDA,2026
215,Tiruchendur,4,Gopalakrishnan,All India Puratchi Thalaivar Makkal Munnettra Kazhagam,437,5,442,0.24,22,22,Tamil Nadu,Thoothukkudi,General,,2026
215,Tiruchendur,5,Packia Sam. T,Naam Indiar Party,96,1,97,0.05,22,22,Tamil Nadu,Thoothukkudi,General,,2026
215,Tiruchendur,6,Maharajan. M,Puthiya Makkal Tamil Desam Katchi,320,1,321,0.17,22,22,Tamil Nadu,Thoothukkudi,General,,2026
215,Tiruchendur,7,J. Murugan,Tamilaga Vettri Kazhagam,66350,501,66851,35.93,22,22,Tamil Nadu,Thoothukkudi,General,,2026
215,Tiruchendur,8,Rasik Mussammil. K,Tamizhaga Vaazhvurimai Katchi,236,1,237,0.13,22,22,Tamil Nadu,Thoothukkudi,General,,2026
215,Tiruchendur,9,Shaik Abdul Kader. P.S.J,Independent,149,0,149,0.08,22,22,Tamil Nadu,Thoothukkudi,General,,2026
215,Tiruchendur,10,Meera Sahib,Independent,173,2,175,0.09,22,22,Tamil Nadu,Thoothukkudi,General,,2026
215,Tiruchendur,11,Rajalingam. M,Independent,59,0,59,0.03,22,22,Tamil Nadu,Thoothukkudi,General,,2026
215,Tiruchendur,12,Veerappa. T,Independent,95,1,96,0.05,22,22,Tamil Nadu,Thoothukkudi,General,,2026
215,Tiruchendur,13,Venkatesh Perumal. S,Independent,224,1,225,0.12,22,22,Tamil Nadu,Thoothukkudi,General,,2026
215,Tiruchendur,14,Nota,None of the Above,710,12,722,0.39,22,22,Tamil Nadu,Thoothukkudi,General,,2026
216,Srivaikuntam,1,Oorvasi Amirtharaj. S,Indian National Congress,40316,961,41277,23.4,21,21,Tamil Nadu,Thoothukkudi,General,SPA,2026
216,Srivaikuntam,2,Shunmugasundaram. S,Naam Tamilar Katchi,12912,241,13153,7.46,21,21,Tamil Nadu,Thoothukkudi,General,,2026
216,Srivaikuntam,3,Shanmuganathan. S. P,All India Anna Dravida Munnetra Kazhagam,56712,916,57628,32.67,21,21,Tamil Nadu,Thoothukkudi,General,NDA,2026
216,Srivaikuntam,4,Saravanan. G,Tamilaga Vettri Kazhagam,58143,671,58814,33.34,21,21,Tamil Nadu,Thoothukkudi,General,,2026
216,Srivaikuntam,5,Sudalaimani. A,Nam Naadu Nam Makkal Nam Ethirkaalam Katchi,295,1,296,0.17,21,21,Tamil Nadu,Thoothukkudi,General,,2026
216,Srivaikuntam,6,Subramanian. M,Puthiya Makkal Tamil Desam Katchi,206,2,208,0.12,21,21,Tamil Nadu,Thoothukkudi,General,,2026
216,Srivaikuntam,7,Bharath. M,Naam Indiar Party,85,2,87,0.05,21,21,Tamil Nadu,Thoothukkudi,General,,2026
216,Srivaikuntam,8,Mundasamy. K,Vishwa Tamil Kazhagam,129,1,130,0.07,21,21,Tamil Nadu,Thoothukkudi,General,,2026
216,Srivaikuntam,9,Muthuramalingam. S,All India Forward Bloc,2299,48,2347,1.33,21,21,Tamil Nadu,Thoothukkudi,General,,2026
216,Srivaikuntam,10,Rajasuthan. N,Puthiya Tamilagam,959,56,1015,0.58,21,21,Tamil Nadu,Thoothukkudi,General,,2026
216,Srivaikuntam,11,Viyanarasu. A,Tamizhaga Vaazhvurimai Katchi,132,3,135,0.08,21,21,Tamil Nadu,Thoothukkudi,General,,2026
216,Srivaikuntam,12,Arunachalam. C,Independent,137,2,139,0.08,21,21,Tamil Nadu,Thoothukkudi,General,,2026
216,Srivaikuntam,13,Bishop Dr Godfrey Noble,Independent,245,3,248,0.14,21,21,Tamil Nadu,Thoothukkudi,General,,2026
216,Srivaikuntam,14,Murugan. S,Independent,177,1,178,0.1,21,21,Tamil Nadu,Thoothukkudi,General,,2026
216,Srivaikuntam,15,Vasanth Fernando. T,Independent,187,0,187,0.11,21,21,Tamil Nadu,Thoothukkudi,General,,2026
216,Srivaikuntam,16,Nota,None of the Above,566,13,579,0.33,21,21,Tamil Nadu,Thoothukkudi,General,,2026
217,Ottapidaram,1,M. Anusiya,Naam Tamilar Katchi,16966,313,17279,8.81,24,24,Tamil Nadu,Thoothukkudi,SC,,2026
217,Ottapidaram,2,P.M.Ramajeyam,Dravida Munnetra Kazhagam,51927,615,52542,26.79,24,24,Tamil Nadu,Thoothukkudi,SC,SPA,2026
217,Ottapidaram,3,C. Aruna Devi,Nam Naadu Nam Makkal Nam Ethirkaalam Katchi,745,16,761,0.39,24,24,Tamil Nadu,Thoothukkudi,SC,,2026
217,Ottapidaram,4,Dr.K. Krishnasamy,Puthiya Tamilagam,14756,294,15050,7.67,24,24,Tamil Nadu,Thoothukkudi,SC,,2026
217,Ottapidaram,5,R Sundararaj,Amma Makkal Munnettra Kazagam,25390,481,25871,13.19,24,24,Tamil Nadu,Thoothukkudi,SC,,2026
217,Ottapidaram,6,Subbulakshmi. S,Naam Indiar Party,226,4,230,0.12,24,24,Tamil Nadu,Thoothukkudi,SC,,2026
217,Ottapidaram,7,C .Selvakumar,Tamizhaga Vaazhvurimai Katchi,506,9,515,0.26,24,24,Tamil Nadu,Thoothukkudi,SC,,2026
217,Ottapidaram,8,P .Mathanraja,Tamilaga Vettri Kazhagam,80561,1064,81625,41.62,24,24,Tamil Nadu,Thoothukkudi,SC,,2026
217,Ottapidaram,9,M. Ananth,Independent,354,3,357,0.18,24,24,Tamil Nadu,Thoothukkudi,SC,,2026
217,Ottapidaram,10,S .Muthuselvam,Independent,260,4,264,0.13,24,24,Tamil Nadu,Thoothukkudi,SC,,2026
217,Ottapidaram,11,G .Murugan,Independent,152,4,156,0.08,24,24,Tamil Nadu,Thoothukkudi,SC,,2026
217,Ottapidaram,12,M .Lakshmanan,Independent,197,4,201,0.1,24,24,Tamil Nadu,Thoothukkudi,SC,,2026
217,Ottapidaram,13,Vedaprakash. A,Independent,387,0,387,0.2,24,24,Tamil Nadu,Thoothukkudi,SC,,2026
217,Ottapidaram,14,Nota,None of the Above,853,26,879,0.45,24,24,Tamil Nadu,Thoothukkudi,SC,,2026
218,Kovilpatti,1,Kadambur Raju.C,All India Anna Dravida Munnetra Kazhagam,52393,621,53014,27.29,25,25,Tamil Nadu,Thoothukkudi,General,NDA,2026
218,Kovilpatti,2,Karunanithi.K,Dravida Munnetra Kazhagam,60803,840,61643,31.74,25,25,Tamil Nadu,Thoothukkudi,General,SPA,2026
218,Kovilpatti,3,Pandi.P,Naam Tamilar Katchi,11691,228,11919,6.14,25,25,Tamil Nadu,Thoothukkudi,General,,2026
218,Kovilpatti,4,Ramachandran.R,Bahujan Samaj Party,186,8,194,0.1,25,25,Tamil Nadu,Thoothukkudi,General,,2026
218,Kovilpatti,5,Arumugavel.T,Naam Indiar Party,50,2,52,0.03,25,25,Tamil Nadu,Thoothukkudi,General,,2026
218,Kovilpatti,6,Kannan.S,All India Puratchi Thalaivar Makkal Munnettra Kazhagam,437,9,446,0.23,25,25,Tamil Nadu,Thoothukkudi,General,,2026
218,Kovilpatti,7,Saravanan.S,Thamizh Perarasu Katchi,353,3,356,0.18,25,25,Tamil Nadu,Thoothukkudi,General,,2026
218,Kovilpatti,8,Balasubramanian.S,Tamilaga Vettri Kazhagam,60142,658,60800,31.3,25,25,Tamil Nadu,Thoothukkudi,General,,2026
218,Kovilpatti,9,Hari Balakrishnan.G,Puthiya Makkal Tamil Desam Katchi,139,0,139,0.07,25,25,Tamil Nadu,Thoothukkudi,General,,2026
218,Kovilpatti,10,Athikumar Kudumbar.B,Independent,2932,60,2992,1.54,25,25,Tamil Nadu,Thoothukkudi,General,,2026
218,Kovilpatti,11,Gunasekaran.P,Independent,50,5,55,0.03,25,25,Tamil Nadu,Thoothukkudi,General,,2026
218,Kovilpatti,12,Gurusamy.K,Independent,103,1,104,0.05,25,25,Tamil Nadu,Thoothukkudi,General,,2026
218,Kovilpatti,13,Chinna Maharaja.K,Independent,94,0,94,0.05,25,25,Tamil Nadu,Thoothukkudi,General,,2026
218,Kovilpatti,14,Sekar.C,Independent,176,1,177,0.09,25,25,Tamil Nadu,Thoothukkudi,General,,2026
218,Kovilpatti,15,Paramasivan.S,Independent,275,0,275,0.14,25,25,Tamil Nadu,Thoothukkudi,General,,2026
218,Kovilpatti,16,Poundurai.K,Independent,398,0,398,0.2,25,25,Tamil Nadu,Thoothukkudi,General,,2026
218,Kovilpatti,17,Pandimuneeswari.K,Independent,366,1,367,0.19,25,25,Tamil Nadu,Thoothukkudi,General,,2026
218,Kovilpatti,18,Premkumar.K,Independent,376,2,378,0.19,25,25,Tamil Nadu,Thoothukkudi,General,,2026
218,Kovilpatti,19,Ponnusamy.M,Independent,77,0,77,0.04,25,25,Tamil Nadu,Thoothukkudi,General,,2026
218,Kovilpatti,20,Muneeswaran.R,Independent,69,0,69,0.04,25,25,Tamil Nadu,Thoothukkudi,General,,2026
218,Kovilpatti,21,Renganayagalu.S,Independent,90,0,90,0.05,25,25,Tamil Nadu,Thoothukkudi,General,,2026
218,Kovilpatti,22,Nota,None of the Above,574,19,593,0.31,25,25,Tamil Nadu,Thoothukkudi,General,,2026
219,Sankarankovil,1,Sangai. Ganesan,Indian National Congress,41969,598,42567,21.66,24,24,Tamil Nadu,Tenkasi,SC,SPA,2026
219,Sankarankovil,2,M. Kavitha,Naam Tamilar Katchi,12442,325,12767,6.5,24,24,Tamil Nadu,Tenkasi,SC,,2026
219,Sankarankovil,3,Dr. Dhilipan Jaishankar,All India Anna Dravida Munnetra Kazhagam,63854,1011,64865,33.01,24,24,Tamil Nadu,Tenkasi,SC,NDA,2026
219,Sankarankovil,4,S. Mariappan,Bahujan Samaj Party,495,5,500,0.25,24,24,Tamil Nadu,Tenkasi,SC,,2026
219,Sankarankovil,5,N.Selvam,Naam Indiar Party,132,2,134,0.07,24,24,Tamil Nadu,Tenkasi,SC,,2026
219,Sankarankovil,6,K. Thangavel,Puthiya Makkal Tamil Desam Katchi,162,1,163,0.08,24,24,Tamil Nadu,Tenkasi,SC,,2026
219,Sankarankovil,7,J. Pandi,Bharatha Makkal Katchi,181,2,183,0.09,24,24,Tamil Nadu,Tenkasi,SC,,2026
219,Sankarankovil,8,Prabakaran,Puthiya Tamilagam,4509,103,4612,2.35,24,24,Tamil Nadu,Tenkasi,SC,,2026
219,Sankarankovil,9,C. Ravi,Tamilaga Makkal Nala Katchi,481,6,487,0.25,24,24,Tamil Nadu,Tenkasi,SC,,2026
219,Sankarankovil,10,C. Ramarajan,Tamilaga Vettri Kazhagam,57194,1182,58376,29.71,24,24,Tamil Nadu,Tenkasi,SC,,2026
219,Sankarankovil,11,Vasanthi Murugesan,All India Puratchi Thalaivar Makkal Munnettra Kazhagam,7763,243,8006,4.07,24,24,Tamil Nadu,Tenkasi,SC,,2026
219,Sankarankovil,12,Velraj .S,Tamizhaga Vaazhvurimai Katchi,167,3,170,0.09,24,24,Tamil Nadu,Tenkasi,SC,,2026
219,Sankarankovil,13,S.Arulraj,Independent,258,1,259,0.13,24,24,Tamil Nadu,Tenkasi,SC,,2026
219,Sankarankovil,14,Anand,Independent,653,8,661,0.34,24,24,Tamil Nadu,Tenkasi,SC,,2026
219,Sankarankovil,15,K. Subburaj,Independent,214,1,215,0.11,24,24,Tamil Nadu,Tenkasi,SC,,2026
219,Sankarankovil,16,K.Suresh,Independent,762,4,766,0.39,24,24,Tamil Nadu,Tenkasi,SC,,2026
219,Sankarankovil,17,V. Paulpandian,Independent,502,2,504,0.26,24,24,Tamil Nadu,Tenkasi,SC,,2026
219,Sankarankovil,18,S. Muthuselvan,Independent,183,0,183,0.09,24,24,Tamil Nadu,Tenkasi,SC,,2026
219,Sankarankovil,19,K. Ravikumar,Independent,398,0,398,0.2,24,24,Tamil Nadu,Tenkasi,SC,,2026
219,Sankarankovil,20,M. Raj,Independent,104,0,104,0.05,24,24,Tamil Nadu,Tenkasi,SC,,2026
219,Sankarankovil,21,Nota,None of the Above,529,31,560,0.29,24,24,Tamil Nadu,Tenkasi,SC,,2026
220,Vasudevanallur,1,Ananthan Ayyasamy,Bharatiya Janata Party,55452,1010,56462,29.75,23,23,Tamil Nadu,Tenkasi,SC,NDA,2026
220,Vasudevanallur,2,Esai Mathivanan,Naam Tamilar Katchi,12529,327,12856,6.77,23,23,Tamil Nadu,Tenkasi,SC,,2026
220,Vasudevanallur,3,R. Rameshkumar,Bahujan Samaj Party,331,2,333,0.18,23,23,Tamil Nadu,Tenkasi,SC,,2026
220,Vasudevanallur,4,E. Raja,Dravida Munnetra Kazhagam,61907,1138,63045,33.22,23,23,Tamil Nadu,Tenkasi,SC,SPA,2026
220,Vasudevanallur,5,R. Amutharani,Tamilaga Vettri Kazhagam,45074,788,45862,24.16,23,23,Tamil Nadu,Tenkasi,SC,,2026
220,Vasudevanallur,6,K. Paulraj,Puthiya Tamilagam,3991,128,4119,2.17,23,23,Tamil Nadu,Tenkasi,SC,,2026
220,Vasudevanallur,7,A. Ponnuthai,All India Puratchi Thalaivar Makkal Munnettra Kazhagam,2205,44,2249,1.18,23,23,Tamil Nadu,Tenkasi,SC,,2026
220,Vasudevanallur,8,K. Rajendran,Puthiya Makkal Tamil Desam Katchi,141,0,141,0.07,23,23,Tamil Nadu,Tenkasi,SC,,2026
220,Vasudevanallur,9,B. Veeralakshmi,Tamilaga Makkal Nala Katchi,179,4,183,0.1,23,23,Tamil Nadu,Tenkasi,SC,,2026
220,Vasudevanallur,10,M. Arumugasamy,Independent,123,0,123,0.06,23,23,Tamil Nadu,Tenkasi,SC,,2026
220,Vasudevanallur,11,P. Karpagavalli,Independent,481,5,486,0.26,23,23,Tamil Nadu,Tenkasi,SC,,2026
220,Vasudevanallur,12,I. Saravanan,Independent,361,2,363,0.19,23,23,Tamil Nadu,Tenkasi,SC,,2026
220,Vasudevanallur,13,Senthilkumar,Independent,730,1,731,0.39,23,23,Tamil Nadu,Tenkasi,SC,,2026
220,Vasudevanallur,14,Selvaraj .C,Independent,170,7,177,0.09,23,23,Tamil Nadu,Tenkasi,SC,,2026
220,Vasudevanallur,15,K. Nagarajan,Independent,257,2,259,0.14,23,23,Tamil Nadu,Tenkasi,SC,,2026
220,Vasudevanallur,16,A. Palanikumar,Independent,1020,0,1020,0.54,23,23,Tamil Nadu,Tenkasi,SC,,2026
220,Vasudevanallur,17,Prabakaran .R,Independent,568,2,570,0.3,23,23,Tamil Nadu,Tenkasi,SC,,2026
220,Vasudevanallur,18,K. Ramachandran,Independent,178,1,179,0.09,23,23,Tamil Nadu,Tenkasi,SC,,2026
220,Vasudevanallur,19,Nota,None of the Above,616,21,637,0.34,23,23,Tamil Nadu,Tenkasi,SC,,2026
221,Kadayanallur,1,Abubacker Siddheeq,Naam Tamilar Katchi,10813,152,10965,4.94,27,27,Tamil Nadu,Tenkasi,General,,2026
221,Kadayanallur,2,Rajendran. T. M,Dravida Munnetra Kazhagam,78809,1023,79832,35.97,27,27,Tamil Nadu,Tenkasi,General,SPA,2026
221,Kadayanallur,3,C. Krishnamurali,All India Anna Dravida Munnetra Kazhagam,72625,954,73579,33.15,27,27,Tamil Nadu,Tenkasi,General,NDA,2026
221,Kadayanallur,4,T. Maheshkumar,Bahujan Samaj Party,505,5,510,0.23,27,27,Tamil Nadu,Tenkasi,General,,2026
221,Kadayanallur,5,Abdul Jaleel. R. K,Tamilaga Vettri Kazhagam,48793,461,49254,22.19,27,27,Tamil Nadu,Tenkasi,General,,2026
221,Kadayanallur,6,Kavitha. R,Puthiya Tamilagam,2785,97,2882,1.3,27,27,Tamil Nadu,Tenkasi,General,,2026
221,Kadayanallur,7,Shahin Fathima. A,Tamizhaga Vaazhvurimai Katchi,351,5,356,0.16,27,27,Tamil Nadu,Tenkasi,General,,2026
221,Kadayanallur,8,Sureshkumar. S,Naam Indiar Party,53,0,53,0.02,27,27,Tamil Nadu,Tenkasi,General,,2026
221,Kadayanallur,9,Rajan. B. S,Aanaithinthiya Jananayaka Pathukappu Kazhagam,238,6,244,0.11,27,27,Tamil Nadu,Tenkasi,General,,2026
221,Kadayanallur,10,Lakshmi. A,Samata Party,176,3,179,0.08,27,27,Tamil Nadu,Tenkasi,General,,2026
221,Kadayanallur,11,M. Arumugasamy,Independent,99,2,101,0.05,27,27,Tamil Nadu,Tenkasi,General,,2026
221,Kadayanallur,12,Esakki. K,Independent,138,0,138,0.06,27,27,Tamil Nadu,Tenkasi,General,,2026
221,Kadayanallur,13,Esakki Pandi. K,Independent,575,1,576,0.26,27,27,Tamil Nadu,Tenkasi,General,,2026
221,Kadayanallur,14,Ganesan. M,Independent,396,17,413,0.19,27,27,Tamil Nadu,Tenkasi,General,,2026
221,Kadayanallur,15,Seenivasan. S,Independent,369,11,380,0.17,27,27,Tamil Nadu,Tenkasi,General,,2026
221,Kadayanallur,16,Nagarajan. L,Independent,290,0,290,0.13,27,27,Tamil Nadu,Tenkasi,General,,2026
221,Kadayanallur,17,Parthipan. V,Independent,212,4,216,0.1,27,27,Tamil Nadu,Tenkasi,General,,2026
221,Kadayanallur,18,Barisha Banu. M,Independent,463,4,467,0.21,27,27,Tamil Nadu,Tenkasi,General,,2026
221,Kadayanallur,19,Murugan. P,Independent,535,2,537,0.24,27,27,Tamil Nadu,Tenkasi,General,,2026
221,Kadayanallur,20,S. Muruganantham,Independent,107,2,109,0.05,27,27,Tamil Nadu,Tenkasi,General,,2026
221,Kadayanallur,21,Rajamaravan. S,Independent,231,3,234,0.11,27,27,Tamil Nadu,Tenkasi,General,,2026
221,Kadayanallur,22,Venkatesh. P,Independent,108,1,109,0.05,27,27,Tamil Nadu,Tenkasi,General,,2026
221,Kadayanallur,23,Nota,None of the Above,521,6,527,0.24,27,27,Tamil Nadu,Tenkasi,General,,2026
222,Tenkasi,1,Isaki Pandian,Bahujan Samaj Party,515,3,518,0.22,26,26,Tamil Nadu,Tenkasi,General,,2026
222,Tenkasi,2,Dr.Kalai Kathiravan,Dravida Munnetra Kazhagam,78535,1164,79699,33.92,26,26,Tamil Nadu,Tenkasi,General,SPA,2026
222,Tenkasi,3,S.Selva Mohandas Pandian,All India Anna Dravida Munnetra Kazhagam,68626,774,69400,29.53,26,26,Tamil Nadu,Tenkasi,General,NDA,2026
222,Tenkasi,4,P. Pushpalatha,Naam Tamilar Katchi,16121,273,16394,6.98,26,26,Tamil Nadu,Tenkasi,General,,2026
222,Tenkasi,5,Gomathi Sankar,Tamizhaga Vaazhvurimai Katchi,228,6,234,0.1,26,26,Tamil Nadu,Tenkasi,General,,2026
222,Tenkasi,6,R. Selvakumar,Naam Indiar Party,79,1,80,0.03,26,26,Tamil Nadu,Tenkasi,General,,2026
222,Tenkasi,7,S.Thirumalai Kumar,Puthiya Tamilagam,1321,44,1365,0.58,26,26,Tamil Nadu,Tenkasi,General,,2026
222,Tenkasi,8,M.Poosa Durai,All India Puratchi Thalaivar Makkal Munnettra Kazhagam,7639,76,7715,3.28,26,26,Tamil Nadu,Tenkasi,General,,2026
222,Tenkasi,9,S.Manogaran,Kamarajar Deseeya Congress,240,4,244,0.1,26,26,Tamil Nadu,Tenkasi,General,,2026
222,Tenkasi,10,A. Rajaprakash,Tamilaga Vettri Kazhagam,54929,614,55543,23.64,26,26,Tamil Nadu,Tenkasi,General,,2026
222,Tenkasi,11,Ganeshan. S,Independent,89,1,90,0.04,26,26,Tamil Nadu,Tenkasi,General,,2026
222,Tenkasi,12,K.M.Kaliappan,Independent,130,0,130,0.06,26,26,Tamil Nadu,Tenkasi,General,,2026
222,Tenkasi,13,R.Krishnan,Independent,200,4,204,0.09,26,26,Tamil Nadu,Tenkasi,General,,2026
222,Tenkasi,14,Shahul Hameed,Independent,280,15,295,0.13,26,26,Tamil Nadu,Tenkasi,General,,2026
222,Tenkasi,15,S. Thangapalam,Independent,425,7,432,0.18,26,26,Tamil Nadu,Tenkasi,General,,2026
222,Tenkasi,16,Durairaj,Independent,420,4,424,0.18,26,26,Tamil Nadu,Tenkasi,General,,2026
222,Tenkasi,17,P.Noble Krishna,Independent,238,1,239,0.1,26,26,Tamil Nadu,Tenkasi,General,,2026
222,Tenkasi,18,G. Poorana Selvan,Independent,547,1,548,0.23,26,26,Tamil Nadu,Tenkasi,General,,2026
222,Tenkasi,19,M. Ponnudurai,Independent,311,0,311,0.13,26,26,Tamil Nadu,Tenkasi,General,,2026
222,Tenkasi,20,A.Mariappan,Independent,109,2,111,0.05,26,26,Tamil Nadu,Tenkasi,General,,2026
222,Tenkasi,21,K.Muthu,Independent,114,0,114,0.05,26,26,Tamil Nadu,Tenkasi,General,,2026
222,Tenkasi,22,R. Ramkumar,Independent,221,3,224,0.1,26,26,Tamil Nadu,Tenkasi,General,,2026
222,Tenkasi,23,Nota,None of the Above,651,22,673,0.29,26,26,Tamil Nadu,Tenkasi,General,,2026
223,Alangulam,1,Paul Manoj Pandian,Dravida Munnetra Kazhagam,67974,1196,69170,31.32,25,25,Tamil Nadu,Tenkasi,General,SPA,2026
223,Alangulam,2,R Paulraj,Naam Tamilar Katchi,23017,363,23380,10.59,25,25,Tamil Nadu,Tenkasi,General,,2026
223,Alangulam,3,K R P Prabakaran,All India Anna Dravida Munnetra Kazhagam,60584,788,61372,27.79,25,25,Tamil Nadu,Tenkasi,General,NDA,2026
223,Alangulam,4,A Udhayakumar,Puthiya Tamilagam,1590,30,1620,0.73,25,25,Tamil Nadu,Tenkasi,General,,2026
223,Alangulam,5,A Subash Chandra Bose,Thakkam Katchi,180,2,182,0.08,25,25,Tamil Nadu,Tenkasi,General,,2026
223,Alangulam,6,Madasamy,All India Puratchi Thalaivar Makkal Munnettra Kazhagam,2113,45,2158,0.98,25,25,Tamil Nadu,Tenkasi,General,,2026
223,Alangulam,7,Vibin Chakkaravarthy,Tamilaga Vettri Kazhagam,60046,638,60684,27.48,25,25,Tamil Nadu,Tenkasi,General,,2026
223,Alangulam,8,U Aravind,Independent,183,6,189,0.09,25,25,Tamil Nadu,Tenkasi,General,,2026
223,Alangulam,9,K Arunkumar,Independent,111,21,132,0.06,25,25,Tamil Nadu,Tenkasi,General,,2026
223,Alangulam,10,R Kotherimohideen,Independent,195,4,199,0.09,25,25,Tamil Nadu,Tenkasi,General,,2026
223,Alangulam,11,T Marikumar,Independent,151,10,161,0.07,25,25,Tamil Nadu,Tenkasi,General,,2026
223,Alangulam,12,Jeyanthi,Independent,426,6,432,0.2,25,25,Tamil Nadu,Tenkasi,General,,2026
223,Alangulam,13,W Jayson,Independent,196,0,196,0.09,25,25,Tamil Nadu,Tenkasi,General,,2026
223,Alangulam,14,Nota,None of the Above,961,21,982,0.44,25,25,Tamil Nadu,Tenkasi,General,,2026
224,Tirunelveli,1,Thachai Ganesaraja,All India Anna Dravida Munnetra Kazhagam,46953,551,47504,21.75,28,28,Tamil Nadu,Tirunelveli,General,NDA,2026
224,Tirunelveli,2,Sathya. B.,Naam Tamilar Katchi,14908,200,15108,6.92,28,28,Tamil Nadu,Tirunelveli,General,,2026
224,Tirunelveli,3,Subramanian.S,Dravida Munnetra Kazhagam,63449,977,64426,29.5,28,28,Tamil Nadu,Tirunelveli,General,SPA,2026
224,Tirunelveli,4,Arumugaraj. S.,Tamizhaga Vaazhvurimai Katchi,547,9,556,0.25,28,28,Tamil Nadu,Tirunelveli,General,,2026
224,Tirunelveli,5,Eswara Vadivu. S.,Naam Indiar Party,113,1,114,0.05,28,28,Tamil Nadu,Tirunelveli,General,,2026
224,Tirunelveli,6,Kannan. G.,Aanaithinthiya Jananayaka Pathukappu Kazhagam,286,4,290,0.13,28,28,Tamil Nadu,Tirunelveli,General,,2026
224,Tirunelveli,7,Selvakumar Singh,Bahujan Dravida Party,108,1,109,0.05,28,28,Tamil Nadu,Tirunelveli,General,,2026
224,Tirunelveli,8,Chendur Maharajan,Puthiya Makkal Tamil Desam Katchi,343,3,346,0.16,28,28,Tamil Nadu,Tirunelveli,General,,2026
224,Tirunelveli,9,Murughan.R.S.,Tamilaga Vettri Kazhagam,75157,683,75840,34.72,28,28,Tamil Nadu,Tirunelveli,General,,2026
224,Tirunelveli,10,Murugan. P.,Thamizhaka Padaippalar Makkal Katchi,210,0,210,0.1,28,28,Tamil Nadu,Tirunelveli,General,,2026
224,Tirunelveli,11,Dr.Shyam Krishnasamy,Puthiya Tamilagam,10473,161,10634,4.87,28,28,Tamil Nadu,Tirunelveli,General,,2026
224,Tirunelveli,12,Athisaya Pndiyan. V.,Independent,221,9,230,0.11,28,28,Tamil Nadu,Tirunelveli,General,,2026
224,Tirunelveli,13,Esakkiraja. V.,Independent,100,2,102,0.05,28,28,Tamil Nadu,Tirunelveli,General,,2026
224,Tirunelveli,14,Subramanian. E.,Independent,242,18,260,0.12,28,28,Tamil Nadu,Tirunelveli,General,,2026
224,Tirunelveli,15,Thalabathi Murugan. M.,Independent,472,4,476,0.22,28,28,Tamil Nadu,Tirunelveli,General,,2026
224,Tirunelveli,16,Mugesh Subramanian,Independent,345,1,346,0.16,28,28,Tamil Nadu,Tirunelveli,General,,2026
224,Tirunelveli,17,Murugan.S.,Independent,424,4,428,0.2,28,28,Tamil Nadu,Tirunelveli,General,,2026
224,Tirunelveli,18,Murugalakshmanan,Independent,168,3,171,0.08,28,28,Tamil Nadu,Tirunelveli,General,,2026
224,Tirunelveli,19,Veerabaghu. M.,Independent,337,0,337,0.15,28,28,Tamil Nadu,Tirunelveli,General,,2026
224,Tirunelveli,20,Velayutham. P.,Independent,213,8,221,0.1,28,28,Tamil Nadu,Tirunelveli,General,,2026
224,Tirunelveli,21,Nota,None of the Above,698,19,717,0.33,28,28,Tamil Nadu,Tirunelveli,General,,2026
225,Ambasamudram,1,Dr.Esakki Subaya,All India Anna Dravida Munnetra Kazhagam,64632,957,65589,34.3,23,23,Tamil Nadu,Tirunelveli,General,NDA,2026
225,Ambasamudram,2,R.Esaikannan,Bahujan Samaj Party,675,10,685,0.36,23,23,Tamil Nadu,Tirunelveli,General,,2026
225,Ambasamudram,3,Dr.V.Sivasankaran,Naam Tamilar Katchi,14669,237,14906,7.8,23,23,Tamil Nadu,Tirunelveli,General,,2026
225,Ambasamudram,4,V.P.Durai,Indian National Congress,54622,722,55344,28.95,23,23,Tamil Nadu,Tirunelveli,General,SPA,2026
225,Ambasamudram,5,S.Rajagopal,Tamilaga Vettri Kazhagam,53087,524,53611,28.04,23,23,Tamil Nadu,Tirunelveli,General,,2026
225,Ambasamudram,6,Nota,None of the Above,1046,14,1060,0.55,23,23,Tamil Nadu,Tirunelveli,General,,2026
226,Palayamkottai,1,M.Abdul Wahab,Dravida Munnetra Kazhagam,78293,1451,79744,44.15,22,22,Tamil Nadu,Tirunelveli,General,SPA,2026
226,Palayamkottai,2,Sankara Narayanan Alias Saran,Naam Tamilar Katchi,10218,247,10465,5.79,22,22,Tamil Nadu,Tirunelveli,General,,2026
226,Palayamkottai,3,Syed Sulthan Samsudeen,All India Anna Dravida Munnetra Kazhagam,19259,473,19732,10.92,22,22,Tamil Nadu,Tirunelveli,General,NDA,2026
226,Palayamkottai,4,Esakkimuthu,Puthiya Makkal Tamil Desam Katchi,193,8,201,0.11,22,22,Tamil Nadu,Tirunelveli,General,,2026
226,Palayamkottai,5,T.A.Umar,Tamizhaga Vaazhvurimai Katchi,489,4,493,0.27,22,22,Tamil Nadu,Tirunelveli,General,,2026
226,Palayamkottai,6,S.Thangadurai,Naam Indiar Party,121,2,123,0.07,22,22,Tamil Nadu,Tirunelveli,General,,2026
226,Palayamkottai,7,Maria John,Tamilaga Vettri Kazhagam,64944,995,65939,36.51,22,22,Tamil Nadu,Tirunelveli,General,,2026
226,Palayamkottai,8,Abdul Koya,Independent,539,21,560,0.31,22,22,Tamil Nadu,Tirunelveli,General,,2026
226,Palayamkottai,9,Karthick Narayanan S.,Independent,603,16,619,0.34,22,22,Tamil Nadu,Tirunelveli,General,,2026
226,Palayamkottai,10,D.Santhiyagappar Antony,Independent,97,7,104,0.06,22,22,Tamil Nadu,Tirunelveli,General,,2026
226,Palayamkottai,11,A. Sudhahar,Independent,124,3,127,0.07,22,22,Tamil Nadu,Tirunelveli,General,,2026
226,Palayamkottai,12,R.Sesu,Independent,82,7,89,0.05,22,22,Tamil Nadu,Tirunelveli,General,,2026
226,Palayamkottai,13,Nallakkannu Alias Karthic.K,Independent,140,0,140,0.08,22,22,Tamil Nadu,Tirunelveli,General,,2026
226,Palayamkottai,14,Paulraj.V,Independent,700,17,717,0.4,22,22,Tamil Nadu,Tirunelveli,General,,2026
226,Palayamkottai,15,M.Manikandan,Independent,149,0,149,0.08,22,22,Tamil Nadu,Tirunelveli,General,,2026
226,Palayamkottai,16,V.George,Independent,220,1,221,0.12,22,22,Tamil Nadu,Tirunelveli,General,,2026
226,Palayamkottai,17,Srinivash,Independent,346,0,346,0.19,22,22,Tamil Nadu,Tirunelveli,General,,2026
226,Palayamkottai,18,Nota,None of the Above,804,47,851,0.47,22,22,Tamil Nadu,Tirunelveli,General,,2026
227,Nanguneri,1,S. Selvam,Naam Tamilar Katchi,17379,239,17618,8.41,25,25,Tamil Nadu,Tirunelveli,General,,2026
227,Nanguneri,2,Ruby.R.Manoharan,Indian National Congress,57364,1169,58533,27.95,25,25,Tamil Nadu,Tirunelveli,General,SPA,2026
227,Nanguneri,3,R. Janarthanan,Bahujan Samaj Party,647,12,659,0.31,25,25,Tamil Nadu,Tirunelveli,General,,2026
227,Nanguneri,4,R. Esakkimuthu,Amma Makkal Munnettra Kazagam,37817,499,38316,18.3,25,25,Tamil Nadu,Tirunelveli,General,,2026
227,Nanguneri,5,S. Shunmuga Sundaram,Naam Indiar Party,199,3,202,0.1,25,25,Tamil Nadu,Tirunelveli,General,,2026
227,Nanguneri,6,Chithirai Selvan,Tamizhaga Vaazhvurimai Katchi,485,6,491,0.23,25,25,Tamil Nadu,Tirunelveli,General,,2026
227,Nanguneri,7,Tamilselvi,Puthiya Tamilagam,11039,102,11141,5.32,25,25,Tamil Nadu,Tirunelveli,General,,2026
227,Nanguneri,8,Thulasi Sudalai,Puthiya Makkal Tamil Desam Katchi,365,1,366,0.17,25,25,Tamil Nadu,Tirunelveli,General,,2026
227,Nanguneri,9,Reddiarpatti V. Narayanan,Tamilaga Vettri Kazhagam,74047,905,74952,35.79,25,25,Tamil Nadu,Tirunelveli,General,,2026
227,Nanguneri,10,Krish.Mariappan,Thamizhaka Padaippalar Makkal Katchi,375,2,377,0.18,25,25,Tamil Nadu,Tirunelveli,General,,2026
227,Nanguneri,11,Dr.S.Vellai Durai,All India Puratchi Thalaivar Makkal Munnettra Kazhagam,1003,45,1048,0.5,25,25,Tamil Nadu,Tirunelveli,General,,2026
227,Nanguneri,12,M. Aruna,Independent,249,2,251,0.12,25,25,Tamil Nadu,Tirunelveli,General,,2026
227,Nanguneri,13,R.Ananthi,Independent,168,1,169,0.08,25,25,Tamil Nadu,Tirunelveli,General,,2026
227,Nanguneri,14,N.Kalaberumal,Independent,264,1,265,0.13,25,25,Tamil Nadu,Tirunelveli,General,,2026
227,Nanguneri,15,M. Kumar,Independent,1076,22,1098,0.52,25,25,Tamil Nadu,Tirunelveli,General,,2026
227,Nanguneri,16,T. Sankar,Independent,358,2,360,0.17,25,25,Tamil Nadu,Tirunelveli,General,,2026
227,Nanguneri,17,Shanmugam,Independent,285,8,293,0.14,25,25,Tamil Nadu,Tirunelveli,General,,2026
227,Nanguneri,18,Thanithangam,Independent,440,1,441,0.21,25,25,Tamil Nadu,Tirunelveli,General,,2026
227,Nanguneri,19,Nallakkannu Alias Karthic.K,Independent,167,3,170,0.08,25,25,Tamil Nadu,Tirunelveli,General,,2026
227,Nanguneri,20,A.Rani Nadar Alias Pushparani,Independent,528,1,529,0.25,25,25,Tamil Nadu,Tirunelveli,General,,2026
227,Nanguneri,21,S.Mariyappan,Independent,631,6,637,0.3,25,25,Tamil Nadu,Tirunelveli,General,,2026
227,Nanguneri,22,Sudaroli S.Murugan Yadhav B.Com,Independent,186,5,191,0.09,25,25,Tamil Nadu,Tirunelveli,General,,2026
227,Nanguneri,23,T. Rajkumar,Independent,147,1,148,0.07,25,25,Tamil Nadu,Tirunelveli,General,,2026
227,Nanguneri,24,T. Lingadurai,Independent,175,3,178,0.08,25,25,Tamil Nadu,Tirunelveli,General,,2026
227,Nanguneri,25,Dev.P.Jegadeesan,Independent,264,1,265,0.13,25,25,Tamil Nadu,Tirunelveli,General,,2026
227,Nanguneri,26,Nota,None of the Above,704,17,721,0.34,25,25,Tamil Nadu,Tirunelveli,General,,2026
228,Radhapuram,1,Appavu.M,Dravida Munnetra Kazhagam,56640,994,57634,28.83,26,26,Tamil Nadu,Tirunelveli,General,SPA,2026
228,Radhapuram,2,Essakkiammal.E,Bahujan Samaj Party,328,3,331,0.17,26,26,Tamil Nadu,Tirunelveli,General,,2026
228,Radhapuram,3,Girija Thamaraipandian.D,Naam Tamilar Katchi,15225,145,15370,7.69,26,26,Tamil Nadu,Tirunelveli,General,,2026
228,Radhapuram,4,Balakrishnan.S.P,Bharatiya Janata Party,52001,636,52637,26.33,26,26,Tamil Nadu,Tirunelveli,General,NDA,2026
228,Radhapuram,5,Dr.Sathish Christopher,Tamilaga Vettri Kazhagam,69400,547,69947,34.99,26,26,Tamil Nadu,Tirunelveli,General,,2026
228,Radhapuram,6,Jesurajendran.J,Naam Indiar Party,162,1,163,0.08,26,26,Tamil Nadu,Tirunelveli,General,,2026
228,Radhapuram,7,Mahalakshmi,Puthiya Makkal Tamil Desam Katchi,101,2,103,0.05,26,26,Tamil Nadu,Tirunelveli,General,,2026
228,Radhapuram,8,Murugan.P,Thamizhaka Padaippalar Makkal Katchi,120,1,121,0.06,26,26,Tamil Nadu,Tirunelveli,General,,2026
228,Radhapuram,9,Arunraj,Independent,34,0,34,0.02,26,26,Tamil Nadu,Tirunelveli,General,,2026
228,Radhapuram,10,Oliver Anton Navamoni. S,Independent,70,0,70,0.04,26,26,Tamil Nadu,Tirunelveli,General,,2026
228,Radhapuram,11,Ananthi.R,Independent,76,0,76,0.04,26,26,Tamil Nadu,Tirunelveli,General,,2026
228,Radhapuram,12,Anand Prasad,Independent,195,0,195,0.1,26,26,Tamil Nadu,Tirunelveli,General,,2026
228,Radhapuram,13,Karthick.V,Independent,222,10,232,0.12,26,26,Tamil Nadu,Tirunelveli,General,,2026
228,Radhapuram,14,Kingsly Isacc Jebaraj.S,Independent,131,3,134,0.07,26,26,Tamil Nadu,Tirunelveli,General,,2026
228,Radhapuram,15,Sundarajan.S,Independent,93,0,93,0.05,26,26,Tamil Nadu,Tirunelveli,General,,2026
228,Radhapuram,16,Selvan.T,Independent,280,5,285,0.14,26,26,Tamil Nadu,Tirunelveli,General,,2026
228,Radhapuram,17,Daniel.A,Independent,818,1,819,0.41,26,26,Tamil Nadu,Tirunelveli,General,,2026
228,Radhapuram,18,Pon Santhana Kumaran.R,Independent,476,6,482,0.24,26,26,Tamil Nadu,Tirunelveli,General,,2026
228,Radhapuram,19,Manikandan.A.I,Independent,163,1,164,0.08,26,26,Tamil Nadu,Tirunelveli,General,,2026
228,Radhapuram,20,Manikandan.S,Independent,205,0,205,0.1,26,26,Tamil Nadu,Tirunelveli,General,,2026
228,Radhapuram,21,Manikandan.L,Independent,222,1,223,0.11,26,26,Tamil Nadu,Tirunelveli,General,,2026
228,Radhapuram,22,Rajan.P,Independent,52,0,52,0.03,26,26,Tamil Nadu,Tirunelveli,General,,2026
228,Radhapuram,23,Jeyaraj.P V S,Independent,91,1,92,0.05,26,26,Tamil Nadu,Tirunelveli,General,,2026
228,Radhapuram,24,Nota,None of the Above,462,7,469,0.23,26,26,Tamil Nadu,Tirunelveli,General,,2026
229,Kanniyakumari,1,Thalavai Sundaram. N,All India Anna Dravida Munnetra Kazhagam,73563,1482,75045,31.38,34,34,Tamil Nadu,Kanniyakumari,General,NDA,2026
229,Kanniyakumari,2,Mahesh.R,Dravida Munnetra Kazhagam,73186,1645,74831,31.29,34,34,Tamil Nadu,Kanniyakumari,General,SPA,2026
229,Kanniyakumari,3,Maria Jennifer,Naam Tamilar Katchi,13415,274,13689,5.72,34,34,Tamil Nadu,Kanniyakumari,General,,2026
229,Kanniyakumari,4,Manavai Kannan. M,Communist Party of India (Marxist-Leninist) Red Star,137,3,140,0.06,34,34,Tamil Nadu,Kanniyakumari,General,,2026
229,Kanniyakumari,5,Sivalingam.C,Naam Indiar Party,192,2,194,0.08,34,34,Tamil Nadu,Kanniyakumari,General,,2026
229,Kanniyakumari,6,Madhavan.S.R,Tamilaga Vettri Kazhagam,72264,713,72977,30.52,34,34,Tamil Nadu,Kanniyakumari,General,,2026
229,Kanniyakumari,7,Reagon Anto.J,Tamizhaga Vaazhvurimai Katchi,297,4,301,0.13,34,34,Tamil Nadu,Kanniyakumari,General,,2026
229,Kanniyakumari,8,Srikrishnakumar.K,Thamizhaka Padaippalar Makkal Katchi,206,0,206,0.09,34,34,Tamil Nadu,Kanniyakumari,General,,2026
229,Kanniyakumari,9,Kanagaraj.T,Independent,81,0,81,0.03,34,34,Tamil Nadu,Kanniyakumari,General,,2026
229,Kanniyakumari,10,Sudhagar.R,Independent,82,11,93,0.04,34,34,Tamil Nadu,Kanniyakumari,General,,2026
229,Kanniyakumari,11,David Sahaya Bascar,Independent,108,9,117,0.05,34,34,Tamil Nadu,Kanniyakumari,General,,2026
229,Kanniyakumari,12,Thanuneelan . S,Independent,89,1,90,0.04,34,34,Tamil Nadu,Kanniyakumari,General,,2026
229,Kanniyakumari,13,Ramakrishnan.C,Independent,106,1,107,0.04,34,34,Tamil Nadu,Kanniyakumari,General,,2026
229,Kanniyakumari,14,Rajan. S,Independent,453,1,454,0.19,34,34,Tamil Nadu,Kanniyakumari,General,,2026
229,Kanniyakumari,15,Nota,None of the Above,813,12,825,0.34,34,34,Tamil Nadu,Kanniyakumari,General,,2026
230,Nagercoil,1,Austin,Dravida Munnetra Kazhagam,68656,1224,69880,35.6,23,23,Tamil Nadu,Kanniyakumari,General,SPA,2026
230,Nagercoil,2,Gandhi M R,Bharatiya Janata Party,51311,1044,52355,26.67,23,23,Tamil Nadu,Kanniyakumari,General,NDA,2026
230,Nagercoil,3,Muthukumar M,Naam Tamilar Katchi,8421,152,8573,4.37,23,23,Tamil Nadu,Kanniyakumari,General,,2026
230,Nagercoil,4,Antony Michael J,Viro Ke Vir Indian Party,112,4,116,0.06,23,23,Tamil Nadu,Kanniyakumari,General,,2026
230,Nagercoil,5,Salate Kanagaraj A,Naam Indiar Party,65,1,66,0.03,23,23,Tamil Nadu,Kanniyakumari,General,,2026
230,Nagercoil,6,Dino T,Naadaalum Makkal Katchi,326,1,327,0.17,23,23,Tamil Nadu,Kanniyakumari,General,,2026
230,Nagercoil,7,Nagarajan L,Thamizhaka Padaippalar Makkal Katchi,259,1,260,0.13,23,23,Tamil Nadu,Kanniyakumari,General,,2026
230,Nagercoil,8,Bervin Kings G,Tamilaga Vettri Kazhagam,61804,506,62310,31.75,23,23,Tamil Nadu,Kanniyakumari,General,,2026
230,Nagercoil,9,Vallimayil P,Communist Party of India (Marxist-Leninist) Red Star,144,1,145,0.07,23,23,Tamil Nadu,Kanniyakumari,General,,2026
230,Nagercoil,10,Ajith Kumar A,Independent,99,1,100,0.05,23,23,Tamil Nadu,Kanniyakumari,General,,2026
230,Nagercoil,11,Gunasekaran S,Independent,110,1,111,0.06,23,23,Tamil Nadu,Kanniyakumari,General,,2026
230,Nagercoil,12,Sivakumar A,Independent,328,9,337,0.17,23,23,Tamil Nadu,Kanniyakumari,General,,2026
230,Nagercoil,13,Suyambulingam A,Independent,207,2,209,0.11,23,23,Tamil Nadu,Kanniyakumari,General,,2026
230,Nagercoil,14,Suyambulingam P,Independent,107,5,112,0.06,23,23,Tamil Nadu,Kanniyakumari,General,,2026
230,Nagercoil,15,Dinesh,Independent,90,4,94,0.05,23,23,Tamil Nadu,Kanniyakumari,General,,2026
230,Nagercoil,16,Nagoor Meeran Peer Mohamed U,Independent,232,2,234,0.12,23,23,Tamil Nadu,Kanniyakumari,General,,2026
230,Nagercoil,17,Mohideen Faigee Alias Soorankudy Faigee,Independent,357,0,357,0.18,23,23,Tamil Nadu,Kanniyakumari,General,,2026
230,Nagercoil,18,Retna Mony S,Independent,136,1,137,0.07,23,23,Tamil Nadu,Kanniyakumari,General,,2026
230,Nagercoil,19,Vairam Pillai S,Independent,39,1,40,0.02,23,23,Tamil Nadu,Kanniyakumari,General,,2026
230,Nagercoil,20,Jebarson S,Tamizhaga Vaazhvurimai Katchi,69,1,70,0.04,23,23,Tamil Nadu,Kanniyakumari,General,,2026
230,Nagercoil,21,Nota,None of the Above,437,10,447,0.23,23,23,Tamil Nadu,Kanniyakumari,General,,2026
231,Colachal,1,Ancy Shoba Rani. L,Naam Tamilar Katchi,12232,226,12458,6.26,28,28,Tamil Nadu,Kanniyakumari,General,,2026
231,Colachal,2,Sivakumar. T,Bharatiya Janata Party,53413,971,54384,27.33,28,28,Tamil Nadu,Kanniyakumari,General,NDA,2026
231,Colachal,3,Tharahai Cuthbert,Indian National Congress,65190,1017,66207,33.27,28,28,Tamil Nadu,Kanniyakumari,General,SPA,2026
231,Colachal,4,Rajasingh. C,Bahujan Samaj Party,310,4,314,0.16,28,28,Tamil Nadu,Kanniyakumari,General,,2026
231,Colachal,5,Anthony Muthu. S.M,Communist Party of India (Marxist-Leninist) (Liberation),300,4,304,0.15,28,28,Tamil Nadu,Kanniyakumari,General,,2026
231,Colachal,6,Ganesh. N,Thamizhaka Padaippalar Makkal Katchi,237,7,244,0.12,28,28,Tamil Nadu,Kanniyakumari,General,,2026
231,Colachal,7,Christ Miller. S,All India Puratchi Thalaivar Makkal Munnettra Kazhagam,140,5,145,0.07,28,28,Tamil Nadu,Kanniyakumari,General,,2026
231,Colachal,8,Koil Raj. R,Naam Indiar Party,139,1,140,0.07,28,28,Tamil Nadu,Kanniyakumari,General,,2026
231,Colachal,9,Prem Alex Lawrence,Tamilaga Vettri Kazhagam,62801,573,63374,31.84,28,28,Tamil Nadu,Kanniyakumari,General,,2026
231,Colachal,10,Murali. M,Tamizhaga Vaazhvurimai Katchi,124,0,124,0.06,28,28,Tamil Nadu,Kanniyakumari,General,,2026
231,Colachal,11,Antony Alankaram. K,Independent,132,2,134,0.07,28,28,Tamil Nadu,Kanniyakumari,General,,2026
231,Colachal,12,Saravanan. M,Independent,243,12,255,0.13,28,28,Tamil Nadu,Kanniyakumari,General,,2026
231,Colachal,13,Selvaraj. M,Independent,346,3,349,0.18,28,28,Tamil Nadu,Kanniyakumari,General,,2026
231,Colachal,14,Nota,None of the Above,568,13,581,0.29,28,28,Tamil Nadu,Kanniyakumari,General,,2026
232,Padmanabhapuram,1,Seelan,Naam Tamilar Katchi,11048,240,11288,6.25,24,24,Tamil Nadu,Kanniyakumari,General,,2026
232,Padmanabhapuram,2,Chellaswamy. R,Communist Party of India (Marxist),67896,1042,68938,38.18,24,24,Tamil Nadu,Kanniyakumari,General,SPA,2026
232,Padmanabhapuram,3,Ramesh. P,Bharatiya Janata Party,43413,880,44293,24.53,24,24,Tamil Nadu,Kanniyakumari,General,NDA,2026
232,Padmanabhapuram,4,Krishna Kumar. S,Tamilaga Vettri Kazhagam,52741,628,53369,29.56,24,24,Tamil Nadu,Kanniyakumari,General,,2026
232,Padmanabhapuram,5,Syedali. A,Our Mahathma National Party,311,3,314,0.17,24,24,Tamil Nadu,Kanniyakumari,General,,2026
232,Padmanabhapuram,6,Rakesh Kumar. M,Thamizhaka Padaippalar Makkal Katchi,340,6,346,0.19,24,24,Tamil Nadu,Kanniyakumari,General,,2026
232,Padmanabhapuram,7,Vaikundamani. N,Tamizhaga Vaazhvurimai Katchi,139,5,144,0.08,24,24,Tamil Nadu,Kanniyakumari,General,,2026
232,Padmanabhapuram,8,Arul Mani. H,Independent,190,3,193,0.11,24,24,Tamil Nadu,Kanniyakumari,General,,2026
232,Padmanabhapuram,9,Dr. Krishna Prasad. B,Independent,228,1,229,0.13,24,24,Tamil Nadu,Kanniyakumari,General,,2026
232,Padmanabhapuram,10,Durai Raj. S,Independent,371,2,373,0.21,24,24,Tamil Nadu,Kanniyakumari,General,,2026
232,Padmanabhapuram,11,Vasanthi. R,Independent,444,9,453,0.25,24,24,Tamil Nadu,Kanniyakumari,General,,2026
232,Padmanabhapuram,12,Nota,None of the Above,596,19,615,0.34,24,24,Tamil Nadu,Kanniyakumari,General,,2026
233,Vilavancode,1,Praveen T.T,Indian National Congress,69378,1377,70755,40.45,22,22,Tamil Nadu,Kanniyakumari,General,SPA,2026
233,Vilavancode,2,Maria Stella,Naam Tamilar Katchi,6000,199,6199,3.54,22,22,Tamil Nadu,Kanniyakumari,General,,2026
233,Vilavancode,3,Vijayadharani S,Bharatiya Janata Party,44676,928,45604,26.07,22,22,Tamil Nadu,Kanniyakumari,General,NDA,2026
233,Vilavancode,4,Baiju T,Viro Ke Vir Indian Party,287,7,294,0.17,22,22,Tamil Nadu,Kanniyakumari,General,,2026
233,Vilavancode,5,Michael Kumar K,Tamilaga Vettri Kazhagam,49028,757,49785,28.46,22,22,Tamil Nadu,Kanniyakumari,General,,2026
233,Vilavancode,6,Mohan Kumar M,All India Jananayaka Makkal Kazhagam,214,3,217,0.12,22,22,Tamil Nadu,Kanniyakumari,General,,2026
233,Vilavancode,7,Venkadeasan. K,Thamizhaka Padaippalar Makkal Katchi,193,1,194,0.11,22,22,Tamil Nadu,Kanniyakumari,General,,2026
233,Vilavancode,8,John Christopher T,Rashtriya Janata Dal,389,13,402,0.23,22,22,Tamil Nadu,Kanniyakumari,General,,2026
233,Vilavancode,9,Krishnan M,Independent,66,4,70,0.04,22,22,Tamil Nadu,Kanniyakumari,General,,2026
233,Vilavancode,10,David T,Independent,72,9,81,0.05,22,22,Tamil Nadu,Kanniyakumari,General,,2026
233,Vilavancode,11,Praveen Kumar,Independent,106,2,108,0.06,22,22,Tamil Nadu,Kanniyakumari,General,,2026
233,Vilavancode,12,Muruganandha Prasad T,Independent,108,4,112,0.06,22,22,Tamil Nadu,Kanniyakumari,General,,2026
233,Vilavancode,13,Joselal L.V,Independent,185,5,190,0.11,22,22,Tamil Nadu,Kanniyakumari,General,,2026
233,Vilavancode,14,Shibu Amose,Independent,86,2,88,0.05,22,22,Tamil Nadu,Kanniyakumari,General,,2026
233,Vilavancode,15,Nota,None of the Above,811,17,828,0.47,22,22,Tamil Nadu,Kanniyakumari,General,,2026
234,Killiyoor,1,Nivin Simon. J,Bharatiya Janata Party,30435,635,31070,17.5,23,23,Tamil Nadu,Kanniyakumari,General,NDA,2026
234,Killiyoor,2,Rajesh Kumar. S,Indian National Congress,65354,1080,66434,37.42,23,23,Tamil Nadu,Kanniyakumari,General,SPA,2026
234,Killiyoor,3,Himlar,Naam Tamilar Katchi,12490,274,12764,7.19,23,23,Tamil Nadu,Kanniyakumari,General,,2026
234,Killiyoor,4,Sabin. S,Tamilaga Vettri Kazhagam,64441,682,65123,36.68,23,23,Tamil Nadu,Kanniyakumari,General,,2026
234,Killiyoor,5,Prabhu. S,Thamizhaka Padaippalar Makkal Katchi,409,1,410,0.23,23,23,Tamil Nadu,Kanniyakumari,General,,2026
234,Killiyoor,6,Rubin Antony,Tamizhaga Vaazhvurimai Katchi,153,3,156,0.09,23,23,Tamil Nadu,Kanniyakumari,General,,2026
234,Killiyoor,7,Justin. T,Indian Christian Front,82,3,85,0.05,23,23,Tamil Nadu,Kanniyakumari,General,,2026
234,Killiyoor,8,Dr. Ramachandran. M,Independent,71,2,73,0.04,23,23,Tamil Nadu,Kanniyakumari,General,,2026
234,Killiyoor,9,Satheesh. S,Independent,128,0,128,0.07,23,23,Tamil Nadu,Kanniyakumari,General,,2026
234,Killiyoor,10,Ajai (Alias) Nagarajan,Independent,240,1,241,0.14,23,23,Tamil Nadu,Kanniyakumari,General,,2026
234,Killiyoor,11,Berrila. L,Independent,193,4,197,0.11,23,23,Tamil Nadu,Kanniyakumari,General,,2026
234,Killiyoor,12,Baby Raj. P,Independent,157,5,162,0.09,23,23,Tamil Nadu,Kanniyakumari,General,,2026
234,Killiyoor,13,Justin. M,Independent,188,1,189,0.11,23,23,Tamil Nadu,Kanniyakumari,General,,2026
234,Killiyoor,14,Nota,None of the Above,491,11,502,0.28,23,23,Tamil Nadu,Kanniyakumari,General,,2026
