Constituency_Num,Constituency_Name,Serial_Num,Candidate_Name,Party_Name,EVM_Votes,Postal_Votes,Total_Votes,Vote_Percent,Total_Rounds,Current_Round,State,District,Constituency_Category,Coalition,Election_Year
1,Mekliganj,1,Adhikary Paresh Chandra,All India Trinamool Congress,89062,463,89525,40.91,19,19,West Bengal,Cooch Behar,SC,,2026
1,Mekliganj,2,Ila Rani Roy,Indian National Congress,1276,12,1288,0.59,19,19,West Bengal,Cooch Behar,SC,Left–Congress alliance,2026
1,Mekliganj,3,Kamal Kumar Roy,All India Forward Bloc,2345,41,2386,1.09,19,19,West Bengal,Cooch Behar,SC,Left–Congress alliance,2026
1,Mekliganj,4,Dadhiram Ray,Bharatiya Janata Party,118185,924,119109,54.42,19,19,West Bengal,Cooch Behar,SC,,2026
1,Mekliganj,5,Hiten Barman,Socialist Unity Centre Of India (COMMUNIST),1383,9,1392,0.64,19,19,West Bengal,Cooch Behar,SC,,2026
1,Mekliganj,6,Kirttiram Barman,Independent,215,3,218,0.1,19,19,West Bengal,Cooch Behar,SC,,2026
1,Mekliganj,7,Krishna Barman,Independent,231,0,231,0.11,19,19,West Bengal,Cooch Behar,SC,,2026
1,Mekliganj,8,Golapi Roy,Independent,426,1,427,0.2,19,19,West Bengal,Cooch Behar,SC,,2026
1,Mekliganj,9,Purnendu Roy,Independent,897,3,900,0.41,19,19,West Bengal,Cooch Behar,SC,,2026
1,Mekliganj,10,Manoj Kumar Ray,Independent,276,2,278,0.13,19,19,West Bengal,Cooch Behar,SC,,2026
1,Mekliganj,11,Hiranmay Deb Singha,Independent,978,1,979,0.45,19,19,West Bengal,Cooch Behar,SC,,2026
1,Mekliganj,12,Nota,None of the Above,2112,14,2126,0.97,19,19,West Bengal,Cooch Behar,SC,,2026
2,Mathabhanga,1,Kshitendra Nath Barman,Indian National Congress,1110,8,1118,0.46,24,24,West Bengal,Cooch Behar,SC,Left–Congress alliance,2026
2,Mathabhanga,2,Khagen Chandra Barman,Communist Party of India (Marxist),3945,85,4030,1.67,24,24,West Bengal,Cooch Behar,SC,Left–Congress alliance,2026
2,Mathabhanga,3,Nishith Pramanik,Bharatiya Janata Party,142057,1283,143340,59.27,24,24,West Bengal,Cooch Behar,SC,,2026
2,Mathabhanga,4,Mritunjoy Biswas,Bahujan Samaj Party,1096,1,1097,0.45,24,24,West Bengal,Cooch Behar,SC,,2026
2,Mathabhanga,5,Dr. Sablu Barman,All India Trinamool Congress,85735,515,86250,35.66,24,24,West Bengal,Cooch Behar,SC,,2026
2,Mathabhanga,6,Premananda Barman,Kamatapur People's Party (United),753,2,755,0.31,24,24,West Bengal,Cooch Behar,SC,,2026
2,Mathabhanga,7,Bikash Barman,Socialist Unity Centre Of India (COMMUNIST),336,1,337,0.14,24,24,West Bengal,Cooch Behar,SC,,2026
2,Mathabhanga,8,Subodh Barman,Amra Bangalee,192,0,192,0.08,24,24,West Bengal,Cooch Behar,SC,,2026
2,Mathabhanga,9,Kangsa Raj Barman,Independent,324,1,325,0.13,24,24,West Bengal,Cooch Behar,SC,,2026
2,Mathabhanga,10,Goutam Barman,Independent,287,1,288,0.12,24,24,West Bengal,Cooch Behar,SC,,2026
2,Mathabhanga,11,Provakar Roy,Independent,678,6,684,0.28,24,24,West Bengal,Cooch Behar,SC,,2026
2,Mathabhanga,12,Mihir Sarkar,Independent,882,1,883,0.37,24,24,West Bengal,Cooch Behar,SC,,2026
2,Mathabhanga,13,Dr. Harekrishna Sarkar,Independent,1164,4,1168,0.48,24,24,West Bengal,Cooch Behar,SC,,2026
2,Mathabhanga,14,Haradhan Roy,Independent,464,1,465,0.19,24,24,West Bengal,Cooch Behar,SC,,2026
2,Mathabhanga,15,Nota,None of the Above,899,14,913,0.38,24,24,West Bengal,Cooch Behar,SC,,2026
3,Coochbehar Uttar,1,Partha Pratim Ray,All India Trinamool Congress,84168,775,84943,33.42,23,23,West Bengal,Cooch Behar,SC,,2026
3,Coochbehar Uttar,2,Partha Pratim Ishor,Indian National Congress,1912,27,1939,0.76,23,23,West Bengal,Cooch Behar,SC,Left–Congress alliance,2026
3,Coochbehar Uttar,3,Pranay Karjee,Communist Party of India (Marxist),5182,111,5293,2.08,23,23,West Bengal,Cooch Behar,SC,Left–Congress alliance,2026
3,Coochbehar Uttar,4,Sukumar Ray,Bharatiya Janata Party,153169,2158,155327,61.11,23,23,West Bengal,Cooch Behar,SC,,2026
3,Coochbehar Uttar,5,Upendra Nath Basunia,Amra Bangalee,871,3,874,0.34,23,23,West Bengal,Cooch Behar,SC,,2026
3,Coochbehar Uttar,6,Nirmal Kumar Roy,Kamatapur People's Party (United),210,11,221,0.09,23,23,West Bengal,Cooch Behar,SC,,2026
3,Coochbehar Uttar,7,Swapan Kumar Barman,Socialist Unity Centre Of India (COMMUNIST),379,9,388,0.15,23,23,West Bengal,Cooch Behar,SC,,2026
3,Coochbehar Uttar,8,Uttam Barman,Independent,294,13,307,0.12,23,23,West Bengal,Cooch Behar,SC,,2026
3,Coochbehar Uttar,9,Naresh Chandra Roy,Independent,402,1,403,0.16,23,23,West Bengal,Cooch Behar,SC,,2026
3,Coochbehar Uttar,10,Panchanan Roy,Independent,955,6,961,0.38,23,23,West Bengal,Cooch Behar,SC,,2026
3,Coochbehar Uttar,11,Sukumar Roy,Independent,886,9,895,0.35,23,23,West Bengal,Cooch Behar,SC,,2026
3,Coochbehar Uttar,12,Sukumar Roy,Independent,801,4,805,0.32,23,23,West Bengal,Cooch Behar,SC,,2026
3,Coochbehar Uttar,13,Nota,None of the Above,1796,23,1819,0.72,23,23,West Bengal,Cooch Behar,SC,,2026
4,Coochbehar Dakshin,1,Avijit De Bhowmik,All India Trinamool Congress,84428,770,85198,41.48,23,23,West Bengal,Cooch Behar,General,,2026
4,Coochbehar Dakshin,2,Khokan Miah,Indian National Congress,2926,45,2971,1.45,23,23,West Bengal,Cooch Behar,General,Left–Congress alliance,2026
4,Coochbehar Dakshin,3,Nazmul Alom Sarkar,All India Forward Bloc,3025,112,3137,1.53,23,23,West Bengal,Cooch Behar,General,Left–Congress alliance,2026
4,Coochbehar Dakshin,4,Bhaskar Jyoti Dutta,Bahujan Samaj Party,555,6,561,0.27,23,23,West Bengal,Cooch Behar,General,,2026
4,Coochbehar Dakshin,5,Rathindra Bose,Bharatiya Janata Party,106787,1695,108482,52.81,23,23,West Bengal,Cooch Behar,General,,2026
4,Coochbehar Dakshin,6,Bidhan Barma,Kamatapur People's Party (United),465,6,471,0.23,23,23,West Bengal,Cooch Behar,General,,2026
4,Coochbehar Dakshin,7,Suman Pandit,Socialist Unity Centre Of India (COMMUNIST),395,5,400,0.19,23,23,West Bengal,Cooch Behar,General,,2026
4,Coochbehar Dakshin,8,Haridas Modak,Amra Bangalee,182,3,185,0.09,23,23,West Bengal,Cooch Behar,General,,2026
4,Coochbehar Dakshin,9,Ananta Barman,Independent,250,9,259,0.13,23,23,West Bengal,Cooch Behar,General,,2026
4,Coochbehar Dakshin,10,Abhijit Dey,Independent,124,1,125,0.06,23,23,West Bengal,Cooch Behar,General,,2026
4,Coochbehar Dakshin,11,Koushik Bhattacharjee,Independent,243,2,245,0.12,23,23,West Bengal,Cooch Behar,General,,2026
4,Coochbehar Dakshin,12,Ranjit Sarkar,Independent,502,0,502,0.24,23,23,West Bengal,Cooch Behar,General,,2026
4,Coochbehar Dakshin,13,Rashidul Alam,Independent,194,2,196,0.1,23,23,West Bengal,Cooch Behar,General,,2026
4,Coochbehar Dakshin,14,Santosh Barman,Independent,336,0,336,0.16,23,23,West Bengal,Cooch Behar,General,,2026
4,Coochbehar Dakshin,15,Surath Kumar Hom Roy,Independent,575,0,575,0.28,23,23,West Bengal,Cooch Behar,General,,2026
4,Coochbehar Dakshin,16,Nota,None of the Above,1743,27,1770,0.86,23,23,West Bengal,Cooch Behar,General,,2026
5,Sitalkuchi,1,Namadipti Roy Adhikary,Communist Party of India (Marxist),3931,48,3979,1.42,27,27,West Bengal,Cooch Behar,SC,Left–Congress alliance,2026
5,Sitalkuchi,2,Shyamsundar Ray,Bahujan Samaj Party,945,0,945,0.34,27,27,West Bengal,Cooch Behar,SC,,2026
5,Sitalkuchi,3,Sabitri Barman,Bharatiya Janata Party,143605,762,144367,51.59,27,27,West Bengal,Cooch Behar,SC,,2026
5,Sitalkuchi,4,Sukamal Barman,Indian National Congress,2511,11,2522,0.9,27,27,West Bengal,Cooch Behar,SC,Left–Congress alliance,2026
5,Sitalkuchi,5,Harihar Das,All India Trinamool Congress,118605,484,119089,42.56,27,27,West Bengal,Cooch Behar,SC,,2026
5,Sitalkuchi,6,Kamal Barman,Amra Bangalee,1347,5,1352,0.48,27,27,West Bengal,Cooch Behar,SC,,2026
5,Sitalkuchi,7,Jagadish Adhikari,Socialist Unity Centre Of India (COMMUNIST),772,1,773,0.28,27,27,West Bengal,Cooch Behar,SC,,2026
5,Sitalkuchi,8,Manik Chandra Barman,Kamatapur People's Party (United),1504,2,1506,0.54,27,27,West Bengal,Cooch Behar,SC,,2026
5,Sitalkuchi,9,Gajendra Barman,Independent,1195,4,1199,0.43,27,27,West Bengal,Cooch Behar,SC,,2026
5,Sitalkuchi,10,Paresh Chandra Manta,Independent,1683,1,1684,0.6,27,27,West Bengal,Cooch Behar,SC,,2026
5,Sitalkuchi,11,Harekrishna Sarkar,Independent,749,3,752,0.27,27,27,West Bengal,Cooch Behar,SC,,2026
5,Sitalkuchi,12,Nota,None of the Above,1645,9,1654,0.59,27,27,West Bengal,Cooch Behar,SC,,2026
6,Sitai,1,Arun Kumar Barma,All India Forward Bloc,2076,29,2105,0.79,23,23,West Bengal,Cooch Behar,SC,Left–Congress alliance,2026
6,Sitai,2,Ashutosh Barma,Bharatiya Janata Party,124735,732,125467,47.29,23,23,West Bengal,Cooch Behar,SC,,2026
6,Sitai,3,Rabin Roy,Indian National Congress,3239,23,3262,1.23,23,23,West Bengal,Cooch Behar,SC,Left–Congress alliance,2026
6,Sitai,4,Sangita Roy,All India Trinamool Congress,127382,806,128188,48.31,23,23,West Bengal,Cooch Behar,SC,,2026
6,Sitai,5,Binapani Ray,Socialist Unity Centre Of India (COMMUNIST),1803,6,1809,0.68,23,23,West Bengal,Cooch Behar,SC,,2026
6,Sitai,6,Manik Roy,Aam Janata Unnayan party,1384,0,1384,0.52,23,23,West Bengal,Cooch Behar,SC,,2026
6,Sitai,7,Goutam Roy,Independent,536,3,539,0.2,23,23,West Bengal,Cooch Behar,SC,,2026
6,Sitai,8,Sunil Chandra Mahanta,Independent,1240,1,1241,0.47,23,23,West Bengal,Cooch Behar,SC,,2026
6,Sitai,9,Nota,None of the Above,1315,9,1324,0.5,23,23,West Bengal,Cooch Behar,SC,,2026
7,Dinhata,1,Ajay Ray,Bharatiya Janata Party,136795,1460,138255,51.6,25,25,West Bengal,Cooch Behar,General,,2026
7,Dinhata,2,Udayan Guha,All India Trinamool Congress,119831,977,120808,45.09,25,25,West Bengal,Cooch Behar,General,,2026
7,Dinhata,3,Bikas Mandal,All India Forward Bloc,2994,48,3042,1.14,25,25,West Bengal,Cooch Behar,General,Left–Congress alliance,2026
7,Dinhata,4,Harihar Roy Singha,Indian National Congress,1591,17,1608,0.6,25,25,West Bengal,Cooch Behar,General,Left–Congress alliance,2026
7,Dinhata,5,Ajijul Hoque,Socialist Unity Centre Of India (COMMUNIST),429,3,432,0.16,25,25,West Bengal,Cooch Behar,General,,2026
7,Dinhata,6,Animesh Barman,Independent,293,1,294,0.11,25,25,West Bengal,Cooch Behar,General,,2026
7,Dinhata,7,Pampa Ray Barman,Independent,504,2,506,0.19,25,25,West Bengal,Cooch Behar,General,,2026
7,Dinhata,8,Prabir Kumar Roy Sarkar,Independent,1164,2,1166,0.44,25,25,West Bengal,Cooch Behar,General,,2026
7,Dinhata,9,Nota,None of the Above,1786,28,1814,0.68,25,25,West Bengal,Cooch Behar,General,,2026
8,Natabari,1,Akik Hassan,Communist Party of India (Marxist),6503,103,6606,2.84,22,22,West Bengal,Cooch Behar,General,Left–Congress alliance,2026
8,Natabari,2,Girija Shankar Ray,Bharatiya Janata Party,125600,1311,126911,54.53,22,22,West Bengal,Cooch Behar,General,,2026
8,Natabari,3,Biswajit Sarkar,Indian National Congress,2497,19,2516,1.08,22,22,West Bengal,Cooch Behar,General,Left–Congress alliance,2026
8,Natabari,4,Sailendra Nath Barma,All India Trinamool Congress,91641,657,92298,39.66,22,22,West Bengal,Cooch Behar,General,,2026
8,Natabari,5,Abdus Salam,Socialist Unity Centre Of India (COMMUNIST),972,4,976,0.42,22,22,West Bengal,Cooch Behar,General,,2026
8,Natabari,6,Md. Sakowat Ali,Aam Janata Unnayan party,429,2,431,0.19,22,22,West Bengal,Cooch Behar,General,,2026
8,Natabari,7,Mrinal Kanti Saha,Independent,673,4,677,0.29,22,22,West Bengal,Cooch Behar,General,,2026
8,Natabari,8,Raghunath Biswas,Independent,373,1,374,0.16,22,22,West Bengal,Cooch Behar,General,,2026
8,Natabari,9,Sahidul Hossain,Independent,807,7,814,0.35,22,22,West Bengal,Cooch Behar,General,,2026
8,Natabari,10,Nota,None of the Above,1100,13,1113,0.48,22,22,West Bengal,Cooch Behar,General,,2026
9,Tufanganj,1,Debendranath Barma,Indian National Congress,1645,13,1658,0.72,22,22,West Bengal,Cooch Behar,General,Left–Congress alliance,2026
9,Tufanganj,2,Dhananjoy Rava,Communist Party of India (Marxist),4772,91,4863,2.11,22,22,West Bengal,Cooch Behar,General,Left–Congress alliance,2026
9,Tufanganj,3,Malati Rava Roy,Bharatiya Janata Party,121146,1379,122525,53.08,22,22,West Bengal,Cooch Behar,General,,2026
9,Tufanganj,4,Shibsankar Paul,All India Trinamool Congress,95434,634,96068,41.62,22,22,West Bengal,Cooch Behar,General,,2026
9,Tufanganj,5,Kabir Hossain,Aam Janata Unnayan party,967,3,970,0.42,22,22,West Bengal,Cooch Behar,General,,2026
9,Tufanganj,6,Bhola Saha,Socialist Unity Centre Of India (COMMUNIST),400,0,400,0.17,22,22,West Bengal,Cooch Behar,General,,2026
9,Tufanganj,7,Maheswar Gayen,Kamatapur People's Party (United),492,5,497,0.22,22,22,West Bengal,Cooch Behar,General,,2026
9,Tufanganj,8,Prafulla Prodhan,Independent,821,1,822,0.36,22,22,West Bengal,Cooch Behar,General,,2026
9,Tufanganj,9,Pramath Sarkar,Independent,629,2,631,0.27,22,22,West Bengal,Cooch Behar,General,,2026
9,Tufanganj,10,Bibhas Dakua,Independent,970,4,974,0.42,22,22,West Bengal,Cooch Behar,General,,2026
9,Tufanganj,11,Nota,None of the Above,1404,17,1421,0.62,22,22,West Bengal,Cooch Behar,General,,2026
10,Kumargram,1,Manoj Kumar Oraon,Bharatiya Janata Party,141540,1504,143044,57.95,24,24,West Bengal,Alipurduars,ST,,2026
10,Kumargram,2,Rajeev Tirkey,All India Trinamool Congress,89521,646,90167,36.53,24,24,West Bengal,Alipurduars,ST,,2026
10,Kumargram,3,Sudham Lama,Indian National Congress,2229,32,2261,0.92,24,24,West Bengal,Alipurduars,ST,Left–Congress alliance,2026
10,Kumargram,4,Unilish Mochari,Aam Janata Unnayan party,449,12,461,0.19,24,24,West Bengal,Alipurduars,ST,,2026
10,Kumargram,5,Kishor Minj,Revolutionary Socialist Party,4047,64,4111,1.67,24,24,West Bengal,Alipurduars,ST,Left–Congress alliance,2026
10,Kumargram,6,Ram Oraon,Socialist Unity Centre Of India (COMMUNIST),278,1,279,0.11,24,24,West Bengal,Alipurduars,ST,,2026
10,Kumargram,7,Sushil Minz,Gana Suraksha Party,242,3,245,0.1,24,24,West Bengal,Alipurduars,ST,,2026
10,Kumargram,8,Amit Chompramari,Independent,241,7,248,0.1,24,24,West Bengal,Alipurduars,ST,,2026
10,Kumargram,9,Abkari Kujur,Independent,418,5,423,0.17,24,24,West Bengal,Alipurduars,ST,,2026
10,Kumargram,10,Paulus Tudu,Independent,870,3,873,0.35,24,24,West Bengal,Alipurduars,ST,,2026
10,Kumargram,11,Bikash Oraon,Independent,1791,0,1791,0.73,24,24,West Bengal,Alipurduars,ST,,2026
10,Kumargram,12,Nota,None of the Above,2908,16,2924,1.18,24,24,West Bengal,Alipurduars,ST,,2026
11,Kalchini,1,Anjan Chik Baraik,Indian National Congress,3163,23,3186,1.57,23,23,West Bengal,Alipurduars,ST,Left–Congress alliance,2026
11,Kalchini,2,Birendra Bara (Oraon),All India Trinamool Congress,76418,498,76916,37.96,23,23,West Bengal,Alipurduars,ST,,2026
11,Kalchini,3,Bishal Lama,Bharatiya Janata Party,113928,831,114759,56.64,23,23,West Bengal,Alipurduars,ST,,2026
11,Kalchini,4,Arjun Indwar,Mulnibasi Party of India,1222,5,1227,0.61,23,23,West Bengal,Alipurduars,ST,,2026
11,Kalchini,5,Passang Sherpa,Revolutionary Socialist Party,2380,25,2405,1.19,23,23,West Bengal,Alipurduars,ST,Left–Congress alliance,2026
11,Kalchini,6,Narayan Lama,Independent,1086,6,1092,0.54,23,23,West Bengal,Alipurduars,ST,,2026
11,Kalchini,7,Ranajit Rabha,Independent,1227,0,1227,0.61,23,23,West Bengal,Alipurduars,ST,,2026
11,Kalchini,8,Nota,None of the Above,1784,11,1795,0.89,23,23,West Bengal,Alipurduars,ST,,2026
12,Alipurduars,1,Paritosh Das,Bharatiya Janata Party,141407,1835,143242,61.62,24,24,West Bengal,Alipurduars,General,,2026
12,Alipurduars,2,Mrinmoy Sarkar (Papan),Indian National Congress,2587,57,2644,1.14,24,24,West Bengal,Alipurduars,General,Left–Congress alliance,2026
12,Alipurduars,3,Shyamal Roy,Communist Party of India (Marxist),7117,184,7301,3.14,24,24,West Bengal,Alipurduars,General,Left–Congress alliance,2026
12,Alipurduars,4,Suman Kanjilal,All India Trinamool Congress,72246,576,72822,31.33,24,24,West Bengal,Alipurduars,General,,2026
12,Alipurduars,5,Abdul Latif Choudhury,Aam Janata Unnayan party,642,5,647,0.28,24,24,West Bengal,Alipurduars,General,,2026
12,Alipurduars,6,Pijush Kanti Sarma,Socialist Unity Centre Of India (COMMUNIST),406,2,408,0.18,24,24,West Bengal,Alipurduars,General,,2026
12,Alipurduars,7,Manik Barman,Kamatapur People's Party (United),350,24,374,0.16,24,24,West Bengal,Alipurduars,General,,2026
12,Alipurduars,8,Abinash Das,Independent,949,5,954,0.41,24,24,West Bengal,Alipurduars,General,,2026
12,Alipurduars,9,Abhijit Saha,Independent,528,3,531,0.23,24,24,West Bengal,Alipurduars,General,,2026
12,Alipurduars,10,Bhupesh Das,Independent,914,9,923,0.4,24,24,West Bengal,Alipurduars,General,,2026
12,Alipurduars,11,Nota,None of the Above,2587,33,2620,1.13,24,24,West Bengal,Alipurduars,General,,2026
13,Falakata,1,Akshoy Kumar Barman,Indian National Congress,1845,10,1855,0.79,24,24,West Bengal,Alipurduars,SC,Left–Congress alliance,2026
13,Falakata,2,Kamal Kishor Roy,Communist Party of India (Marxist),6036,97,6133,2.6,24,24,West Bengal,Alipurduars,SC,Left–Congress alliance,2026
13,Falakata,3,Dipak Barman,Bharatiya Janata Party,133209,1161,134370,56.95,24,24,West Bengal,Alipurduars,SC,,2026
13,Falakata,4,Subhash Chandra Roy,All India Trinamool Congress,87817,554,88371,37.45,24,24,West Bengal,Alipurduars,SC,,2026
13,Falakata,5,Ukil Chandra Bhuimali,Socialist Unity Centre Of India (COMMUNIST),1111,7,1118,0.47,24,24,West Bengal,Alipurduars,SC,,2026
13,Falakata,6,Dipankar Barman,Kamatapur People's Party (United),1033,14,1047,0.44,24,24,West Bengal,Alipurduars,SC,,2026
13,Falakata,7,Tarun Barman,Independent,1028,5,1033,0.44,24,24,West Bengal,Alipurduars,SC,,2026
13,Falakata,8,Dilip Barman,Independent,593,1,594,0.25,24,24,West Bengal,Alipurduars,SC,,2026
13,Falakata,9,Nota,None of the Above,1425,7,1432,0.61,24,24,West Bengal,Alipurduars,SC,,2026
14,Madarihat,1,Ishak Rabha,Bahujan Samaj Party,1402,4,1406,0.8,19,19,West Bengal,Alipurduars,ST,,2026
14,Madarihat,2,Jayprakash Toppo,All India Trinamool Congress,61255,323,61578,34.84,19,19,West Bengal,Alipurduars,ST,,2026
14,Madarihat,3,Joy Prafful Lakra,Indian National Congress,3000,29,3029,1.71,19,19,West Bengal,Alipurduars,ST,Left–Congress alliance,2026
14,Madarihat,4,Laxuman Limbu,Bharatiya Janata Party,101864,624,102488,57.98,19,19,West Bengal,Alipurduars,ST,,2026
14,Madarihat,5,Babita Bara Tirkey,Gana Suraksha Party,886,2,888,0.5,19,19,West Bengal,Alipurduars,ST,,2026
14,Madarihat,6,Sudhist Baraik,Socialist Unity Centre Of India (COMMUNIST),488,3,491,0.28,19,19,West Bengal,Alipurduars,ST,,2026
14,Madarihat,7,Subhash Lohar,Revolutionary Socialist Party,3091,38,3129,1.77,19,19,West Bengal,Alipurduars,ST,Left–Congress alliance,2026
14,Madarihat,8,Haren Rabha,Mulnibasi Party of India,637,1,638,0.36,19,19,West Bengal,Alipurduars,ST,,2026
14,Madarihat,9,Saradip Narjeenary,Independent,1223,3,1226,0.69,19,19,West Bengal,Alipurduars,ST,,2026
14,Madarihat,10,Nota,None of the Above,1873,7,1880,1.06,19,19,West Bengal,Alipurduars,ST,,2026
15,Dhupguri,1,Jiban Mitra,Bahujan Samaj Party,890,3,893,0.36,15,15,West Bengal,Jalpaiguri,SC	,,2026
15,Dhupguri,2,Naresh Roy,Bharatiya Janata Party,133692,1106,134798,54.25,15,15,West Bengal,Jalpaiguri,SC	,,2026
15,Dhupguri,3,Niranjan Roy,Communist Party of India (Marxist),7524,101,7625,3.07,15,15,West Bengal,Jalpaiguri,SC	,Left–Congress alliance,2026
15,Dhupguri,4,Nirmal Chandra Roy,All India Trinamool Congress,95612,636,96248,38.73,15,15,West Bengal,Jalpaiguri,SC	,,2026
15,Dhupguri,5,Harish Chandra Roy,Indian National Congress,1451,16,1467,0.59,15,15,West Bengal,Jalpaiguri,SC	,Left–Congress alliance,2026
15,Dhupguri,6,Adyanath Roy,Kamatapur People's Party (United),279,6,285,0.11,15,15,West Bengal,Jalpaiguri,SC	,,2026
15,Dhupguri,7,Jayanti Roy Oraon,Gana Suraksha Party,177,0,177,0.07,15,15,West Bengal,Jalpaiguri,SC	,,2026
15,Dhupguri,8,Priya Roy,Socialist Unity Centre Of India (COMMUNIST),284,3,287,0.12,15,15,West Bengal,Jalpaiguri,SC	,,2026
15,Dhupguri,9,Alok Roy,Independent,157,1,158,0.06,15,15,West Bengal,Jalpaiguri,SC	,,2026
15,Dhupguri,10,Kalyan Roy,Independent,405,10,415,0.17,15,15,West Bengal,Jalpaiguri,SC	,,2026
15,Dhupguri,11,Ganesh Mahato,Independent,1084,2,1086,0.44,15,15,West Bengal,Jalpaiguri,SC	,,2026
15,Dhupguri,12,Tapas Chandra Sarkar,Independent,1542,6,1548,0.62,15,15,West Bengal,Jalpaiguri,SC	,,2026
15,Dhupguri,13,Malay Siddha,Independent,856,2,858,0.35,15,15,West Bengal,Jalpaiguri,SC	,,2026
15,Dhupguri,14,Hrishikesh Adhikari,Independent,1492,0,1492,0.6,15,15,West Bengal,Jalpaiguri,SC	,,2026
15,Dhupguri,15,Nota,None of the Above,1149,10,1159,0.47,15,15,West Bengal,Jalpaiguri,SC	,,2026
16,Maynaguri,1,Dalim Chandra Roy,Bharatiya Janata Party,146047,1356,147403,58.62,17,17,West Bengal,Jalpaiguri,SC,,2026
16,Maynaguri,2,Priyanka Sarkar,Bahujan Samaj Party,898,5,903,0.36,17,17,West Bengal,Jalpaiguri,SC,,2026
16,Maynaguri,3,Jogen Sarkar,Indian National Congress,946,13,959,0.38,17,17,West Bengal,Jalpaiguri,SC,Left–Congress alliance,2026
16,Maynaguri,4,Rammohan Ray,All India Trinamool Congress,90202,698,90900,36.15,17,17,West Bengal,Jalpaiguri,SC,,2026
16,Maynaguri,5,Adhir Chandra Barman,Mulnibasi Party of India,741,5,746,0.3,17,17,West Bengal,Jalpaiguri,SC,,2026
16,Maynaguri,6,Dipak Roy,Kamatapur People's Party (United),654,20,674,0.27,17,17,West Bengal,Jalpaiguri,SC,,2026
16,Maynaguri,7,Shyamal Ray,Socialist Unity Centre Of India (COMMUNIST),290,9,299,0.12,17,17,West Bengal,Jalpaiguri,SC,,2026
16,Maynaguri,8,Sudeb Ray,Revolutionary Socialist Party,2743,50,2793,1.11,17,17,West Bengal,Jalpaiguri,SC,Left–Congress alliance,2026
16,Maynaguri,9,Suparna Sarkar,Amra Bangalee,249,10,259,0.1,17,17,West Bengal,Jalpaiguri,SC,,2026
16,Maynaguri,10,Tapati Roy Mallick,Independent,292,12,304,0.12,17,17,West Bengal,Jalpaiguri,SC,,2026
16,Maynaguri,11,Bishnu Das,Independent,611,1,612,0.24,17,17,West Bengal,Jalpaiguri,SC,,2026
16,Maynaguri,12,Ratna Roy,Independent,1823,6,1829,0.73,17,17,West Bengal,Jalpaiguri,SC,,2026
16,Maynaguri,13,Ramchandra Roy,Independent,692,3,695,0.28,17,17,West Bengal,Jalpaiguri,SC,,2026
16,Maynaguri,14,Sujan Mandal,Independent,938,3,941,0.37,17,17,West Bengal,Jalpaiguri,SC,,2026
16,Maynaguri,15,Nota,None of the Above,2116,14,2130,0.85,17,17,West Bengal,Jalpaiguri,SC,,2026
17,Jalpaiguri,1,Ananta Deb Adhikary,Bharatiya Janata Party,140474,2513,142987,60.11,19,19,West Bengal,Jalpaiguri,SC,,2026
17,Jalpaiguri,2,Krishna Das,All India Trinamool Congress,73298,884,74182,31.19,19,19,West Bengal,Jalpaiguri,SC,,2026
17,Jalpaiguri,3,Debraj Barman,Communist Party of India (Marxist),10975,349,11324,4.76,19,19,West Bengal,Jalpaiguri,SC,Left–Congress alliance,2026
17,Jalpaiguri,4,Bedodyuti Roy,Bahujan Samaj Party,381,4,385,0.16,19,19,West Bengal,Jalpaiguri,SC,,2026
17,Jalpaiguri,5,Sudipta Mohanta,Indian National Congress,2555,62,2617,1.1,19,19,West Bengal,Jalpaiguri,SC,Left–Congress alliance,2026
17,Jalpaiguri,6,Iswar Barai,Amra Bangalee,124,1,125,0.05,19,19,West Bengal,Jalpaiguri,SC,,2026
17,Jalpaiguri,7,Bilash Sarkar,Guruchand Sena Dal,160,3,163,0.07,19,19,West Bengal,Jalpaiguri,SC,,2026
17,Jalpaiguri,8,Manabendra Roy,Kamatapur People's Party (United),178,5,183,0.08,19,19,West Bengal,Jalpaiguri,SC,,2026
17,Jalpaiguri,9,Jashoda Barman,Socialist Unity Centre Of India (COMMUNIST),503,8,511,0.21,19,19,West Bengal,Jalpaiguri,SC,,2026
17,Jalpaiguri,10,Ambalika Roy,Independent,339,3,342,0.14,19,19,West Bengal,Jalpaiguri,SC,,2026
17,Jalpaiguri,11,Ujjal Sarkar,Independent,170,2,172,0.07,19,19,West Bengal,Jalpaiguri,SC,,2026
17,Jalpaiguri,12,Tumpa Das,Independent,229,1,230,0.1,19,19,West Bengal,Jalpaiguri,SC,,2026
17,Jalpaiguri,13,Debendranath Roy,Independent,702,3,705,0.3,19,19,West Bengal,Jalpaiguri,SC,,2026
17,Jalpaiguri,14,Sujit Mandal,Independent,1321,1,1322,0.56,19,19,West Bengal,Jalpaiguri,SC,,2026
17,Jalpaiguri,15,Nota,None of the Above,2577,31,2608,1.1,19,19,West Bengal,Jalpaiguri,SC,,2026
18,Rajganj,1,Kharendra Nath Roy,Communist Party of India (Marxist),6299,72,6371,2.84,13,13,West Bengal,Jalpaiguri,SC,Left–Congress alliance,2026
18,Rajganj,2,Tushar Kanti Roy,Indian National Congress,1452,8,1460,0.65,13,13,West Bengal,Jalpaiguri,SC,Left–Congress alliance,2026
18,Rajganj,3,Dinesh Sarkar,Bharatiya Janata Party,113791,866,114657,51.1,13,13,West Bengal,Jalpaiguri,SC,,2026
18,Rajganj,4,Radhu Mandal,Bahujan Samaj Party,1229,3,1232,0.55,13,13,West Bengal,Jalpaiguri,SC,,2026
18,Rajganj,5,Swapna Barman,All India Trinamool Congress,92643,537,93180,41.53,13,13,West Bengal,Jalpaiguri,SC,,2026
18,Rajganj,6,Ananta Kumar Roy,Socialist Unity Centre Of India (COMMUNIST),1053,1,1054,0.47,13,13,West Bengal,Jalpaiguri,SC,,2026
18,Rajganj,7,Jagadish Chandra Roy,Kamatapur People's Party (United),300,7,307,0.14,13,13,West Bengal,Jalpaiguri,SC,,2026
18,Rajganj,8,Harendranath Roy,Amra Bangalee,306,2,308,0.14,13,13,West Bengal,Jalpaiguri,SC,,2026
18,Rajganj,9,Kunal Roy,Independent,338,0,338,0.15,13,13,West Bengal,Jalpaiguri,SC,,2026
18,Rajganj,10,Prakash Chandra Roy,Independent,990,9,999,0.45,13,13,West Bengal,Jalpaiguri,SC,,2026
18,Rajganj,11,Bapi Roy,Independent,625,0,625,0.28,13,13,West Bengal,Jalpaiguri,SC,,2026
18,Rajganj,12,Sanjib Roy,Independent,1588,6,1594,0.71,13,13,West Bengal,Jalpaiguri,SC,,2026
18,Rajganj,13,Swapna Barman,Independent,927,5,932,0.42,13,13,West Bengal,Jalpaiguri,SC,,2026
18,Rajganj,14,Nota,None of the Above,1311,11,1322,0.59,13,13,West Bengal,Jalpaiguri,SC,,2026
19,Dabgram,1,Dilip Singh,Communist Party of India (Marxist),7592,103,7695,3.05,18,18,West Bengal,Jalpaiguri,General,Left–Congress alliance,2026
19,Dabgram,2,Biraj Sarkar,Bahujan Samaj Party,566,6,572,0.23,18,18,West Bengal,Jalpaiguri,General,,2026
19,Dabgram,3,Ranjan Sil Sharma,All India Trinamool Congress,68168,417,68585,27.23,18,18,West Bengal,Jalpaiguri,General,,2026
19,Dabgram,4,Rohit Sing (Guddu),Indian National Congress,2282,29,2311,0.92,18,18,West Bengal,Jalpaiguri,General,Left–Congress alliance,2026
19,Dabgram,5,Sikha Chatterjee,Bharatiya Janata Party,165182,1118,166300,66.02,18,18,West Bengal,Jalpaiguri,General,,2026
19,Dabgram,6,Uttam Das,North Bengal People's Party,631,1,632,0.25,18,18,West Bengal,Jalpaiguri,General,,2026
19,Dabgram,7,Mousumi Aich,Amra Bangalee,316,3,319,0.13,18,18,West Bengal,Jalpaiguri,General,,2026
19,Dabgram,8,Renuka Roy,Socialist Unity Centre Of India (COMMUNIST),325,6,331,0.13,18,18,West Bengal,Jalpaiguri,General,,2026
19,Dabgram,9,Alok Sen,Independent,325,3,328,0.13,18,18,West Bengal,Jalpaiguri,General,,2026
19,Dabgram,10,Astami Roy,Independent,868,13,881,0.35,18,18,West Bengal,Jalpaiguri,General,,2026
19,Dabgram,11,Krishnadev Adhikary,Independent,543,3,546,0.22,18,18,West Bengal,Jalpaiguri,General,,2026
19,Dabgram,12,Dipali Aditya,Independent,576,2,578,0.23,18,18,West Bengal,Jalpaiguri,General,,2026
19,Dabgram,13,Dhanabala Roy,Independent,1124,4,1128,0.45,18,18,West Bengal,Jalpaiguri,General,,2026
19,Dabgram,14,Ramesh Barman,Independent,562,0,562,0.22,18,18,West Bengal,Jalpaiguri,General,,2026
19,Dabgram,15,Nota,None of the Above,1102,19,1121,0.45,18,18,West Bengal,Jalpaiguri,General,,2026
20,Mal,1,Bulu Chik Baraik,All India Trinamool Congress,96302,301,96603,43.04,19,19,West Bengal,Jalpaiguri,ST,,2026
20,Mal,2,Manu Oraon,Communist Party of India (Marxist),5780,51,5831,2.6,19,19,West Bengal,Jalpaiguri,ST,Left–Congress alliance,2026
20,Mal,3,Rakesh Kujur,Indian National Congress,2858,28,2886,1.29,19,19,West Bengal,Jalpaiguri,ST,Left–Congress alliance,2026
20,Mal,4,Sukra Munda,Bharatiya Janata Party,111648,447,112095,49.94,19,19,West Bengal,Jalpaiguri,ST,,2026
20,Mal,5,Shibnath Oraon,Socialist Unity Centre Of India (COMMUNIST),1107,4,1111,0.49,19,19,West Bengal,Jalpaiguri,ST,,2026
20,Mal,6,Chandan Lohara,Independent,1479,11,1490,0.66,19,19,West Bengal,Jalpaiguri,ST,,2026
20,Mal,7,Dipika Sabar,Independent,593,7,600,0.27,19,19,West Bengal,Jalpaiguri,ST,,2026
20,Mal,8,Manju Kerketta (Baraik),Independent,818,0,818,0.36,19,19,West Bengal,Jalpaiguri,ST,,2026
20,Mal,9,Nota,None of the Above,3012,7,3019,1.35,19,19,West Bengal,Jalpaiguri,ST,,2026
21,Nagrakata,1,Dil Kumar Oraon,Communist Party of India (Marxist),9674,34,9708,4.76,19,19,West Bengal,Jalpaiguri,ST,Left–Congress alliance,2026
21,Nagrakata,2,Puna Bhengra,Bharatiya Janata Party,103011,467,103478,50.73,19,19,West Bengal,Jalpaiguri,ST,,2026
21,Nagrakata,3,Sanjay Kujur,All India Trinamool Congress,77388,232,77620,38.06,19,19,West Bengal,Jalpaiguri,ST,,2026
21,Nagrakata,4,Sinu Munda,Indian National Congress,4546,21,4567,2.24,19,19,West Bengal,Jalpaiguri,ST,Left–Congress alliance,2026
21,Nagrakata,5,Kaharu Oraon,Socialist Unity Centre Of India (COMMUNIST),619,2,621,0.3,19,19,West Bengal,Jalpaiguri,ST,,2026
21,Nagrakata,6,Pingal Minj,Gana Suraksha Party,762,1,763,0.37,19,19,West Bengal,Jalpaiguri,ST,,2026
21,Nagrakata,7,Sibdas Baskey,Aam Janata Unnayan party,2142,0,2142,1.05,19,19,West Bengal,Jalpaiguri,ST,,2026
21,Nagrakata,8,Hemant Kujur,Independent,2156,21,2177,1.07,19,19,West Bengal,Jalpaiguri,ST,,2026
21,Nagrakata,9,Nota,None of the Above,2880,7,2887,1.42,19,19,West Bengal,Jalpaiguri,ST,,2026
22,Kalimpong,1,Bharat Kumar Chetri,Bharatiya Janata Party,83154,1136,84290,49.74,12,12,West Bengal,Kalimpong,General,,2026
22,Kalimpong,2,Rita Thapa,Communist Party of India (Marxist),887,24,911,0.54,12,12,West Bengal,Kalimpong,General,Left–Congress alliance,2026
22,Kalimpong,3,Santa Kumar Pradhan,Indian National Congress,1756,53,1809,1.07,12,12,West Bengal,Kalimpong,General,Left–Congress alliance,2026
22,Kalimpong,4,Ruden Sada Lepcha,Bharatiya Gorkha Prajatantrik Morcha,62220,606,62826,37.07,12,12,West Bengal,Kalimpong,General,,2026
22,Kalimpong,5,Sisir Kumar Sharma,Akhil Bharatiya Gorkha League,1948,13,1961,1.16,12,12,West Bengal,Kalimpong,General,,2026
22,Kalimpong,6,Aldrin Lepcha,Independent,1350,39,1389,0.82,12,12,West Bengal,Kalimpong,General,,2026
22,Kalimpong,7,Bhernone Britto Lepcha,Independent,14068,163,14231,8.4,12,12,West Bengal,Kalimpong,General,,2026
22,Kalimpong,8,Nota,None of the Above,2046,14,2060,1.22,12,12,West Bengal,Kalimpong,General,,2026
23,Darjeeling,1,Noman Rai,Bharatiya Janata Party,60733,1343,62076,35.72,17,17,West Bengal,Darjeeling,General,,2026
23,Darjeeling,2,Madhap Rai,Indian National Congress,1649,80,1729,0.99,17,17,West Bengal,Darjeeling,General,Left–Congress alliance,2026
23,Darjeeling,3,Bijoy Kumar Rai,Bharatiya Gorkha Prajatantrik Morcha,55440,579,56019,32.23,17,17,West Bengal,Darjeeling,General,,2026
23,Darjeeling,4,Milan Thokar,Rastriya Aam Jan Seva Party,1352,19,1371,0.79,17,17,West Bengal,Darjeeling,General,,2026
23,Darjeeling,5,Ajoy Lucas Edwards,Independent,47824,811,48635,27.98,17,17,West Bengal,Darjeeling,General,,2026
23,Darjeeling,6,Jatin Ghalay,Independent,1911,26,1937,1.11,17,17,West Bengal,Darjeeling,General,,2026
23,Darjeeling,7,Nota,None of the Above,1992,48,2040,1.17,17,17,West Bengal,Darjeeling,General,,2026
24,Kurseong,1,Uttam Brahman,Communist Party of India (Marxist),1678,12,1690,0.93,15,15,West Bengal,Darjeeling,General,Left–Congress alliance,2026
24,Kurseong,2,Saroj Kumar Khattri,Indian National Congress,1603,48,1651,0.91,15,15,West Bengal,Darjeeling,General,Left–Congress alliance,2026
24,Kurseong,3,Sonam Lama,Bharatiya Janata Party,73838,1040,74878,41.18,15,15,West Bengal,Darjeeling,General,,2026
24,Kurseong,4,Amar Lama,Bharatiya Gorkha Prajatantrik Morcha,57426,445,57871,31.83,15,15,West Bengal,Darjeeling,General,,2026
24,Kurseong,5,Bandana Rai,Independent,40591,497,41088,22.6,15,15,West Bengal,Darjeeling,General,,2026
24,Kurseong,6,Mohan Sharma,Independent,1391,8,1399,0.77,15,15,West Bengal,Darjeeling,General,,2026
24,Kurseong,7,Sumendra Tamang,Independent,1466,22,1488,0.82,15,15,West Bengal,Darjeeling,General,,2026
24,Kurseong,8,Nota,None of the Above,1755,13,1768,0.97,15,15,West Bengal,Darjeeling,General,,2026
25,Matigara,1,Amitava Sarkar,Indian National Congress,5426,72,5498,2.19,14,14,West Bengal,Darjeeling,SC,Left–Congress alliance,2026
25,Matigara,2,Anandamay Barman,Bharatiya Janata Party,165450,1455,166905,66.5,14,14,West Bengal,Darjeeling,SC,,2026
25,Matigara,3,Jharen Roy,Communist Party of India (Marxist),8482,103,8585,3.42,14,14,West Bengal,Darjeeling,SC,Left–Congress alliance,2026
25,Matigara,4,Shankar Malakar,All India Trinamool Congress,62223,417,62640,24.96,14,14,West Bengal,Darjeeling,SC,,2026
25,Matigara,5,Laxmi Das,Socialist Unity Centre Of India (COMMUNIST),975,8,983,0.39,14,14,West Bengal,Darjeeling,SC,,2026
25,Matigara,6,Krishna Pada Sinha,Independent,510,4,514,0.2,14,14,West Bengal,Darjeeling,SC,,2026
25,Matigara,7,Nimesh Sundas,Independent,1538,21,1559,0.62,14,14,West Bengal,Darjeeling,SC,,2026
25,Matigara,8,Pappu Roy,Independent,1498,12,1510,0.6,14,14,West Bengal,Darjeeling,SC,,2026
25,Matigara,9,Bikash Mandal,Independent,977,3,980,0.39,14,14,West Bengal,Darjeeling,SC,,2026
25,Matigara,10,Nota,None of the Above,1788,23,1811,0.72,14,14,West Bengal,Darjeeling,SC,,2026
26,Siliguri,1,Alok Dhara,Indian National Congress,2257,18,2275,1.24,15,15,West Bengal,Darjeeling,General,Left–Congress alliance,2026
26,Siliguri,2,Goutam Deb,All India Trinamool Congress,47194,374,47568,25.91,15,15,West Bengal,Darjeeling,General,,2026
26,Siliguri,3,Priyanka Bose,Bahujan Samaj Party,556,5,561,0.31,15,15,West Bengal,Darjeeling,General,,2026
26,Siliguri,4,Shankar Ghosh,Bharatiya Janata Party,119752,1008,120760,65.78,15,15,West Bengal,Darjeeling,General,,2026
26,Siliguri,5,Saradindu Chakraborty (Joy),Communist Party of India (Marxist),9015,153,9168,4.99,15,15,West Bengal,Darjeeling,General,Left–Congress alliance,2026
26,Siliguri,6,Mamata Das,Amra Bangalee,250,1,251,0.14,15,15,West Bengal,Darjeeling,General,,2026
26,Siliguri,7,Dr. Shahriar Alam,Socialist Unity Centre Of India (COMMUNIST),242,3,245,0.13,15,15,West Bengal,Darjeeling,General,,2026
26,Siliguri,8,Krishna Nand Singh,Independent,266,5,271,0.15,15,15,West Bengal,Darjeeling,General,,2026
26,Siliguri,9,Tarun Talapatra,Independent,563,4,567,0.31,15,15,West Bengal,Darjeeling,General,,2026
26,Siliguri,10,Sunil Pandit,Independent,225,1,226,0.12,15,15,West Bengal,Darjeeling,General,,2026
26,Siliguri,11,Suraj Bishwakarma,Independent,455,2,457,0.25,15,15,West Bengal,Darjeeling,General,,2026
26,Siliguri,12,Nota,None of the Above,1195,29,1224,0.67,15,15,West Bengal,Darjeeling,General,,2026
27,Phansidewa,1,Durga Murmu,Bharatiya Janata Party,117555,686,118241,56.92,15,15,West Bengal,Darjeeling,ST,,2026
27,Phansidewa,2,Navaneeta Tirkey,Indian National Congress,4912,36,4948,2.38,15,15,West Bengal,Darjeeling,ST,Left–Congress alliance,2026
27,Phansidewa,3,Reena Topno Ekka,All India Trinamool Congress,72619,359,72978,35.13,15,15,West Bengal,Darjeeling,ST,,2026
27,Phansidewa,4,Renuka Mardi,Aam Janata Unnayan party,1086,4,1090,0.52,15,15,West Bengal,Darjeeling,ST,,2026
27,Phansidewa,5,Sunita Murmu,Socialist Unity Centre Of India (COMMUNIST),780,1,781,0.38,15,15,West Bengal,Darjeeling,ST,,2026
27,Phansidewa,6,Sumanti Ekka,Communist Party of India (Marxist-Leninist) (Liberation),2217,12,2229,1.07,15,15,West Bengal,Darjeeling,ST,,2026
27,Phansidewa,7,Amit Kumar Lakra,Independent,3489,14,3503,1.69,15,15,West Bengal,Darjeeling,ST,,2026
27,Phansidewa,8,Baishakhi Rava Roy,Independent,1752,17,1769,0.85,15,15,West Bengal,Darjeeling,ST,,2026
27,Phansidewa,9,Nota,None of the Above,2190,3,2193,1.06,15,15,West Bengal,Darjeeling,ST,,2026
28,Chopra,1,Zakir Abedin,Indian National Congress,25530,35,25565,12.11,20,20,West Bengal,Uttar Dinajpur,General,Left–Congress alliance,2026
28,Chopra,2,Makleswar Rahaman,Communist Party of India (Marxist),5797,19,5816,2.75,20,20,West Bengal,Uttar Dinajpur,General,Left–Congress alliance,2026
28,Chopra,3,Sankar Adhikari,Bharatiya Janata Party,51630,232,51862,24.56,20,20,West Bengal,Uttar Dinajpur,General,,2026
28,Chopra,4,Hamidul Rahaman,All India Trinamool Congress,120658,328,120986,57.3,20,20,West Bengal,Uttar Dinajpur,General,,2026
28,Chopra,5,Ajoy Kumar Sinha,Amra Bangalee,1488,4,1492,0.71,20,20,West Bengal,Uttar Dinajpur,General,,2026
28,Chopra,6,Md Nazim Sarif,Aam Janata Unnayan party,2365,1,2366,1.12,20,20,West Bengal,Uttar Dinajpur,General,,2026
28,Chopra,7,Md Nasiruddin,Independent,1249,1,1250,0.59,20,20,West Bengal,Uttar Dinajpur,General,,2026
28,Chopra,8,Md Parbeez Alam,Independent,601,0,601,0.28,20,20,West Bengal,Uttar Dinajpur,General,,2026
28,Chopra,9,Nota,None of the Above,1219,6,1225,0.58,20,20,West Bengal,Uttar Dinajpur,General,,2026
29,Islampur,1,Agarwal Kanaia Lal,All India Trinamool Congress,107744,373,108117,58.14,18,18,West Bengal,Uttar Dinajpur,General,,2026
29,Islampur,2,Guddy Riaz,Indian National Congress,1386,5,1391,0.75,18,18,West Bengal,Uttar Dinajpur,General,Left–Congress alliance,2026
29,Islampur,3,Chitrajit Roy,Bharatiya Janata Party,67351,703,68054,36.6,18,18,West Bengal,Uttar Dinajpur,General,,2026
29,Islampur,4,Md. Sami Khan,Communist Party of India (Marxist),4208,29,4237,2.28,18,18,West Bengal,Uttar Dinajpur,General,Left–Congress alliance,2026
29,Islampur,5,Rupa Sarkar,Bahujan Samaj Party,263,1,264,0.14,18,18,West Bengal,Uttar Dinajpur,General,,2026
29,Islampur,6,Birendra Nath Sinha,Socialist Unity Centre Of India (COMMUNIST),163,0,163,0.09,18,18,West Bengal,Uttar Dinajpur,General,,2026
29,Islampur,7,Md. Ziaul Haque Chowdhury,Aam Janata Unnayan party,143,0,143,0.08,18,18,West Bengal,Uttar Dinajpur,General,,2026
29,Islampur,8,Kamal Majumdar,Independent,99,0,99,0.05,18,18,West Bengal,Uttar Dinajpur,General,,2026
29,Islampur,9,Neyaz Imam,Independent,111,0,111,0.06,18,18,West Bengal,Uttar Dinajpur,General,,2026
29,Islampur,10,Md. Tousique Reza,Independent,240,0,240,0.13,18,18,West Bengal,Uttar Dinajpur,General,,2026
29,Islampur,11,Md Hashibur Rahaman,Independent,753,1,754,0.41,18,18,West Bengal,Uttar Dinajpur,General,,2026
29,Islampur,12,Sourav Sarkar,Independent,368,0,368,0.2,18,18,West Bengal,Uttar Dinajpur,General,,2026
29,Islampur,13,Nota,None of the Above,2017,3,2020,1.09,18,18,West Bengal,Uttar Dinajpur,General,,2026
30,Goalpokhar,1,Zamaluddin,All India Forward Bloc,676,3,679,0.37,19,19,West Bengal,Uttar Dinajpur,General,Left–Congress alliance,2026
30,Goalpokhar,2,Masood Md. Naseem Ahsen,Indian National Congress,2959,7,2966,1.62,19,19,West Bengal,Uttar Dinajpur,General,Left–Congress alliance,2026
30,Goalpokhar,3,Md Ghulam Rabbani,All India Trinamool Congress,121895,210,122105,66.66,19,19,West Bengal,Uttar Dinajpur,General,,2026
30,Goalpokhar,4,Sarajit Biswas,Bharatiya Janata Party,38215,100,38315,20.92,19,19,West Bengal,Uttar Dinajpur,General,,2026
30,Goalpokhar,5,Sunil Biswas,Bahujan Samaj Party,708,0,708,0.39,19,19,West Bengal,Uttar Dinajpur,General,,2026
30,Goalpokhar,6,Towhid Ahmed Khan,Aam Janata Unnayan party,286,1,287,0.16,19,19,West Bengal,Uttar Dinajpur,General,,2026
30,Goalpokhar,7,Nabin Chandra Singha,Socialist Unity Centre Of India (COMMUNIST),220,3,223,0.12,19,19,West Bengal,Uttar Dinajpur,General,,2026
30,Goalpokhar,8,Md. Nazir Akhtar,All India Majlis-E-Inquilab-E-Millat,545,0,545,0.3,19,19,West Bengal,Uttar Dinajpur,General,,2026
30,Goalpokhar,9,Shambhu Lal Roy,Swaraj India,1471,0,1471,0.8,19,19,West Bengal,Uttar Dinajpur,General,,2026
30,Goalpokhar,10,Md. Ghulam Sarwar,Independent,14490,5,14495,7.91,19,19,West Bengal,Uttar Dinajpur,General,,2026
30,Goalpokhar,11,Raghu Nath Singha,Independent,448,0,448,0.24,19,19,West Bengal,Uttar Dinajpur,General,,2026
30,Goalpokhar,12,Nota,None of the Above,933,1,934,0.51,19,19,West Bengal,Uttar Dinajpur,General,,2026
31,Chakulia,1,Azad Minhajul Arfin,All India Trinamool Congress,90014,263,90277,45.34,21,21,West Bengal,Uttar Dinajpur,General,,2026
31,Chakulia,2,Ali Imran Ramz,Indian National Congress,40272,74,40346,20.26,21,21,West Bengal,Uttar Dinajpur,General,Left–Congress alliance,2026
31,Chakulia,3,Goutam Paul,Bahujan Samaj Party,825,1,826,0.41,21,21,West Bengal,Uttar Dinajpur,General,,2026
31,Chakulia,4,Manoj Kumar Jain,Bharatiya Janata Party,61937,329,62266,31.27,21,21,West Bengal,Uttar Dinajpur,General,,2026
31,Chakulia,5,Mohafejul Islam,All India Forward Bloc,837,5,842,0.42,21,21,West Bengal,Uttar Dinajpur,General,Left–Congress alliance,2026
31,Chakulia,6,Abai Dullah,Socialist Unity Centre Of India (COMMUNIST),154,1,155,0.08,21,21,West Bengal,Uttar Dinajpur,General,,2026
31,Chakulia,7,Md Feroz Akhtar,Aam Janata Unnayan party,142,0,142,0.07,21,21,West Bengal,Uttar Dinajpur,General,,2026
31,Chakulia,8,Sukhen Kumar Singha,North Bengal People's Party,135,0,135,0.07,21,21,West Bengal,Uttar Dinajpur,General,,2026
31,Chakulia,9,Abul Kashim,Independent,97,0,97,0.05,21,21,West Bengal,Uttar Dinajpur,General,,2026
31,Chakulia,10,Md Aslam,Independent,176,1,177,0.09,21,21,West Bengal,Uttar Dinajpur,General,,2026
31,Chakulia,11,Md Tauquir Raza,Independent,400,1,401,0.2,21,21,West Bengal,Uttar Dinajpur,General,,2026
31,Chakulia,12,Md Mosa,Independent,482,1,483,0.24,21,21,West Bengal,Uttar Dinajpur,General,,2026
31,Chakulia,13,Md Saifuddin,Independent,337,0,337,0.17,21,21,West Bengal,Uttar Dinajpur,General,,2026
31,Chakulia,14,Md. Yamin Akhtar,Independent,916,1,917,0.46,21,21,West Bengal,Uttar Dinajpur,General,,2026
31,Chakulia,15,Nota,None of the Above,1723,1,1724,0.87,21,21,West Bengal,Uttar Dinajpur,General,,2026
32,Karandighi,1,Goutam Paul,All India Trinamool Congress,76107,284,76391,34.73,15,15,West Bengal,Uttar Dinajpur,General,,2026
32,Karandighi,2,Nirod Bandhu Biswas,Bahujan Samaj Party,761,3,764,0.35,15,15,West Bengal,Uttar Dinajpur,General,,2026
32,Karandighi,3,Biraj Biswas,Bharatiya Janata Party,95813,447,96260,43.76,15,15,West Bengal,Uttar Dinajpur,General,,2026
32,Karandighi,4,Md. Sahabuddin,Communist Party of India (Marxist),39308,106,39414,17.92,15,15,West Bengal,Uttar Dinajpur,General,Left–Congress alliance,2026
32,Karandighi,5,Mursid Alam,Indian National Congress,1594,5,1599,0.73,15,15,West Bengal,Uttar Dinajpur,General,Left–Congress alliance,2026
32,Karandighi,6,Sushanta Kumar Sinha,Socialist Unity Centre Of India (COMMUNIST),154,1,155,0.07,15,15,West Bengal,Uttar Dinajpur,General,,2026
32,Karandighi,7,Ananda Singha,Independent,204,2,206,0.09,15,15,West Bengal,Uttar Dinajpur,General,,2026
32,Karandighi,8,Gautam Pal,Independent,160,0,160,0.07,15,15,West Bengal,Uttar Dinajpur,General,,2026
32,Karandighi,9,Bahamoni Hansda,Independent,130,1,131,0.06,15,15,West Bengal,Uttar Dinajpur,General,,2026
32,Karandighi,10,Biraj Biswas,Independent,530,2,532,0.24,15,15,West Bengal,Uttar Dinajpur,General,,2026
32,Karandighi,11,Md. Sahabuddin,Independent,366,3,369,0.17,15,15,West Bengal,Uttar Dinajpur,General,,2026
32,Karandighi,12,Md. Faruque Hossain,Independent,228,0,228,0.1,15,15,West Bengal,Uttar Dinajpur,General,,2026
32,Karandighi,13,Ramesh Chandra Sinha,Independent,711,0,711,0.32,15,15,West Bengal,Uttar Dinajpur,General,,2026
32,Karandighi,14,Sk. Mohammad Alam,Independent,1042,0,1042,0.47,15,15,West Bengal,Uttar Dinajpur,General,,2026
32,Karandighi,15,Hasib Reja,Independent,364,0,364,0.17,15,15,West Bengal,Uttar Dinajpur,General,,2026
32,Karandighi,16,Nota,None of the Above,1644,3,1647,0.75,15,15,West Bengal,Uttar Dinajpur,General,,2026
33,Hemtabad,1,Anamika Roy,Indian National Congress,9526,61,9587,4.01,15,15,West Bengal,Uttar Dinajpur,SC,Left–Congress alliance,2026
33,Hemtabad,2,Alakesh Barman,Bahujan Samaj Party,511,4,515,0.22,15,15,West Bengal,Uttar Dinajpur,SC,,2026
33,Hemtabad,3,Tanushree Das,Communist Party of India (Marxist),4958,59,5017,2.1,15,15,West Bengal,Uttar Dinajpur,SC,Left–Congress alliance,2026
33,Hemtabad,4,Satyajit Barman,All India Trinamool Congress,102475,693,103168,43.1,15,15,West Bengal,Uttar Dinajpur,SC,,2026
33,Hemtabad,5,Haripada Barman,Bharatiya Janata Party,114597,932,115529,48.26,15,15,West Bengal,Uttar Dinajpur,SC,,2026
33,Hemtabad,6,Dipankar Roy,Aam Janata Unnayan party,658,3,661,0.28,15,15,West Bengal,Uttar Dinajpur,SC,,2026
33,Hemtabad,7,Prabodh Kumar Sarkar,Socialist Unity Centre Of India (COMMUNIST),237,0,237,0.1,15,15,West Bengal,Uttar Dinajpur,SC,,2026
33,Hemtabad,8,Manindra Barman,Amra Bangalee,251,1,252,0.11,15,15,West Bengal,Uttar Dinajpur,SC,,2026
33,Hemtabad,9,Indranil Biswas,Independent,303,1,304,0.13,15,15,West Bengal,Uttar Dinajpur,SC,,2026
33,Hemtabad,10,Dulal Chandra Sarkar,Independent,1190,1,1191,0.5,15,15,West Bengal,Uttar Dinajpur,SC,,2026
33,Hemtabad,11,Bikash Mondal,Independent,1042,4,1046,0.44,15,15,West Bengal,Uttar Dinajpur,SC,,2026
33,Hemtabad,12,Hari Barman,Independent,449,3,452,0.19,15,15,West Bengal,Uttar Dinajpur,SC,,2026
33,Hemtabad,13,Harekrishna Barman,Independent,655,1,656,0.27,15,15,West Bengal,Uttar Dinajpur,SC,,2026
33,Hemtabad,14,Nota,None of the Above,753,4,757,0.32,15,15,West Bengal,Uttar Dinajpur,SC,,2026
34,Kaliaganj,1,Utpal Brahmacharo,Bharatiya Janata Party,156919,1430,158349,61.32,19,19,West Bengal,Uttar Dinajpur,SC,,2026
34,Kaliaganj,2,Giridhari Pramanik,Indian National Congress,4707,40,4747,1.84,19,19,West Bengal,Uttar Dinajpur,SC,Left–Congress alliance,2026
34,Kaliaganj,3,Nitai Baishya,All India Trinamool Congress,81355,569,81924,31.73,19,19,West Bengal,Uttar Dinajpur,SC,,2026
34,Kaliaganj,4,Basudeb Debsharma,Bahujan Samaj Party,697,1,698,0.27,19,19,West Bengal,Uttar Dinajpur,SC,,2026
34,Kaliaganj,5,Hiru Roy Sarkar,Communist Party of India (Marxist),5661,118,5779,2.24,19,19,West Bengal,Uttar Dinajpur,SC,Left–Congress alliance,2026
34,Kaliaganj,6,Anjay Debsarma,Aam Janata Unnayan party,184,6,190,0.07,19,19,West Bengal,Uttar Dinajpur,SC,,2026
34,Kaliaganj,7,Dhulesh Sarkar,Socialist Unity Centre Of India (COMMUNIST),126,1,127,0.05,19,19,West Bengal,Uttar Dinajpur,SC,,2026
34,Kaliaganj,8,Ajay Chouhan,Independent,112,4,116,0.04,19,19,West Bengal,Uttar Dinajpur,SC,,2026
34,Kaliaganj,9,Uttam Barman,Independent,132,1,133,0.05,19,19,West Bengal,Uttar Dinajpur,SC,,2026
34,Kaliaganj,10,Dharanikanta Sarkar,Independent,703,5,708,0.27,19,19,West Bengal,Uttar Dinajpur,SC,,2026
34,Kaliaganj,11,Panna Chowhan,Independent,405,0,405,0.16,19,19,West Bengal,Uttar Dinajpur,SC,,2026
34,Kaliaganj,12,Mintu Barman,Independent,1293,0,1293,0.5,19,19,West Bengal,Uttar Dinajpur,SC,,2026
34,Kaliaganj,13,Sanjib Roy,Independent,762,1,763,0.3,19,19,West Bengal,Uttar Dinajpur,SC,,2026
34,Kaliaganj,14,Nota,None of the Above,2978,15,2993,1.16,19,19,West Bengal,Uttar Dinajpur,SC,,2026
35,Raiganj,1,Krishna Kalyani,All India Trinamool Congress,46424,496,46920,28.47,14,14,West Bengal,Uttar Dinajpur,General,,2026
35,Raiganj,2,Koushik Chowdhury,Bharatiya Janata Party,103441,2120,105561,64.05,14,14,West Bengal,Uttar Dinajpur,General,,2026
35,Raiganj,3,Jibananda Singha,Communist Party of India (Marxist),3622,165,3787,2.3,14,14,West Bengal,Uttar Dinajpur,General,Left–Congress alliance,2026
35,Raiganj,4,Mantu Kumar Mandal,Bahujan Samaj Party,146,5,151,0.09,14,14,West Bengal,Uttar Dinajpur,General,,2026
35,Raiganj,5,Mohit Sengupta,Indian National Congress,4297,89,4386,2.66,14,14,West Bengal,Uttar Dinajpur,General,Left–Congress alliance,2026
35,Raiganj,6,Goutam Biswas,Amra Bangalee,82,1,83,0.05,14,14,West Bengal,Uttar Dinajpur,General,,2026
35,Raiganj,7,Manjur Alam,Aam Janata Unnayan party,72,1,73,0.04,14,14,West Bengal,Uttar Dinajpur,General,,2026
35,Raiganj,8,Madhabilata Paul,Socialist Unity Centre Of India (COMMUNIST),115,1,116,0.07,14,14,West Bengal,Uttar Dinajpur,General,,2026
35,Raiganj,9,Saprative Chakraborty,North Bengal People's Party,75,6,81,0.05,14,14,West Bengal,Uttar Dinajpur,General,,2026
35,Raiganj,10,Anwarul Hoque,Independent,45,2,47,0.03,14,14,West Bengal,Uttar Dinajpur,General,,2026
35,Raiganj,11,Dwarik Nath Barman,Independent,139,2,141,0.09,14,14,West Bengal,Uttar Dinajpur,General,,2026
35,Raiganj,12,Fakira Md,Independent,129,0,129,0.08,14,14,West Bengal,Uttar Dinajpur,General,,2026
35,Raiganj,13,Md. Rafik Alam,Independent,302,1,303,0.18,14,14,West Bengal,Uttar Dinajpur,General,,2026
35,Raiganj,14,Sabinay Das,Independent,1372,0,1372,0.83,14,14,West Bengal,Uttar Dinajpur,General,,2026
35,Raiganj,15,Nota,None of the Above,1633,21,1654,1,14,14,West Bengal,Uttar Dinajpur,General,,2026
36,Itahar,1,Amal Acharjee,Indian National Congress,27890,155,28045,13.74,15,15,West Bengal,Uttar Dinajpur,General,Left–Congress alliance,2026
36,Itahar,2,Mosaraf Hussen,All India Trinamool Congress,97611,561,98172,48.09,15,15,West Bengal,Uttar Dinajpur,General,,2026
36,Itahar,3,Sabita Barman,Bharatiya Janata Party,69723,571,70294,34.43,15,15,West Bengal,Uttar Dinajpur,General,,2026
36,Itahar,4,Utpal Das,Communist Party of India,2974,41,3015,1.48,15,15,West Bengal,Uttar Dinajpur,General,Left–Congress alliance,2026
36,Itahar,5,Tapan Kumar Das,Socialist Unity Centre Of India (COMMUNIST),130,1,131,0.06,15,15,West Bengal,Uttar Dinajpur,General,,2026
36,Itahar,6,Firoj Alam,Aam Janata Unnayan party,117,1,118,0.06,15,15,West Bengal,Uttar Dinajpur,General,,2026
36,Itahar,7,Saidur Rahaman,Bhumiputra United Party,87,1,88,0.04,15,15,West Bengal,Uttar Dinajpur,General,,2026
36,Itahar,8,Khitan Barman,Independent,58,1,59,0.03,15,15,West Bengal,Uttar Dinajpur,General,,2026
36,Itahar,9,Tufan Baraman,Independent,77,1,78,0.04,15,15,West Bengal,Uttar Dinajpur,General,,2026
36,Itahar,10,Dilip Kumar Barman,Independent,67,1,68,0.03,15,15,West Bengal,Uttar Dinajpur,General,,2026
36,Itahar,11,Mohasin Ali,Independent,294,2,296,0.14,15,15,West Bengal,Uttar Dinajpur,General,,2026
36,Itahar,12,Mahatab Ali,Independent,154,1,155,0.08,15,15,West Bengal,Uttar Dinajpur,General,,2026
36,Itahar,13,Mosaraf Hossain,Independent,661,0,661,0.32,15,15,West Bengal,Uttar Dinajpur,General,,2026
36,Itahar,14,Sahanawaz Ali,Independent,991,0,991,0.49,15,15,West Bengal,Uttar Dinajpur,General,,2026
36,Itahar,15,Swapan Kumar Ray,Independent,1288,1,1289,0.63,15,15,West Bengal,Uttar Dinajpur,General,,2026
36,Itahar,16,Nota,None of the Above,692,7,699,0.34,15,15,West Bengal,Uttar Dinajpur,General,,2026
37,Kushmandi,1,Tapas Chandra Roy,Bharatiya Janata Party,96963,474,97437,48.83,20,20,West Bengal,Dakshin Dinajpur,SC,,2026
37,Kushmandi,2,Bablu Sarkar,Indian National Congress,2635,10,2645,1.33,20,20,West Bengal,Dakshin Dinajpur,SC,Left–Congress alliance,2026
37,Kushmandi,3,Rekha Roy,All India Trinamool Congress,88086,288,88374,44.29,20,20,West Bengal,Dakshin Dinajpur,SC,,2026
37,Kushmandi,4,Jyotirmoy Roy,Revolutionary Socialist Party,6820,41,6861,3.44,20,20,West Bengal,Dakshin Dinajpur,SC,Left–Congress alliance,2026
37,Kushmandi,5,Kansha Roy,Independent,358,3,361,0.18,20,20,West Bengal,Dakshin Dinajpur,SC,,2026
37,Kushmandi,6,Nirod Candra Roy,Independent,494,0,494,0.25,20,20,West Bengal,Dakshin Dinajpur,SC,,2026
37,Kushmandi,7,Paresh Adhikari,Independent,1167,0,1167,0.58,20,20,West Bengal,Dakshin Dinajpur,SC,,2026
37,Kushmandi,8,Jugal Biswas,Independent,602,1,603,0.3,20,20,West Bengal,Dakshin Dinajpur,SC,,2026
37,Kushmandi,9,Nota,None of the Above,1574,10,1584,0.79,20,20,West Bengal,Dakshin Dinajpur,SC,,2026
38,Kumarganj,1,Golam Mortuja Mondal,Indian National Congress,1395,9,1404,0.81,17,17,West Bengal,Dakshin Dinajpur,General,Left–Congress alliance,2026
38,Kumarganj,2,Toraf Hossain Mandal,All India Trinamool Congress,82478,313,82791,47.62,17,17,West Bengal,Dakshin Dinajpur,General,,2026
38,Kumarganj,3,Bipul Tudu,Bahujan Samaj Party,915,1,916,0.53,17,17,West Bengal,Dakshin Dinajpur,General,,2026
38,Kumarganj,4,Mofazzal Hossain,Communist Party of India (Marxist),10085,64,10149,5.84,17,17,West Bengal,Dakshin Dinajpur,General,Left–Congress alliance,2026
38,Kumarganj,5,Subhendu Sarkar,Bharatiya Janata Party,75579,527,76106,43.77,17,17,West Bengal,Dakshin Dinajpur,General,,2026
38,Kumarganj,6,Ranjit Dev,Socialist Unity Centre Of India (COMMUNIST),722,2,724,0.42,17,17,West Bengal,Dakshin Dinajpur,General,,2026
38,Kumarganj,7,Charlesh Kisku,Independent,449,2,451,0.26,17,17,West Bengal,Dakshin Dinajpur,General,,2026
38,Kumarganj,8,Ruhul Amin Haque,Independent,539,0,539,0.31,17,17,West Bengal,Dakshin Dinajpur,General,,2026
38,Kumarganj,9,Nota,None of the Above,782,7,789,0.45,17,17,West Bengal,Dakshin Dinajpur,General,,2026
39,Balurghat,1,Arpita Ghosh,All India Trinamool Congress,47581,540,48121,30.4,16,16,West Bengal,Dakshin Dinajpur,General,,2026
39,Balurghat,2,Pradip Kumar Mitra,Indian National Congress,1620,28,1648,1.04,16,16,West Bengal,Dakshin Dinajpur,General,Left–Congress alliance,2026
39,Balurghat,3,Bidyut Kumar Roy,Bharatiya Janata Party,93950,1747,95697,60.45,16,16,West Bengal,Dakshin Dinajpur,General,,2026
39,Balurghat,4,Jogesh Chandra Murmu,Bahujan Samaj Party,626,3,629,0.4,16,16,West Bengal,Dakshin Dinajpur,General,,2026
39,Balurghat,5,Arnab Chowdhury,Revolutionary Socialist Party,8398,195,8593,5.43,16,16,West Bengal,Dakshin Dinajpur,General,Left–Congress alliance,2026
39,Balurghat,6,Namita Mahanta (Poli),Socialist Unity Centre Of India (COMMUNIST),290,9,299,0.19,16,16,West Bengal,Dakshin Dinajpur,General,,2026
39,Balurghat,7,Narottam Saha,Amra Bangalee,111,1,112,0.07,16,16,West Bengal,Dakshin Dinajpur,General,,2026
39,Balurghat,8,Masuma Khatun,Aam Janata Unnayan party,120,2,122,0.08,16,16,West Bengal,Dakshin Dinajpur,General,,2026
39,Balurghat,9,Dipankar Barman,Independent,189,5,194,0.12,16,16,West Bengal,Dakshin Dinajpur,General,,2026
39,Balurghat,10,Dulal Barman,Independent,174,1,175,0.11,16,16,West Bengal,Dakshin Dinajpur,General,,2026
39,Balurghat,11,Pradyut Kumar Saha,Independent,285,5,290,0.18,16,16,West Bengal,Dakshin Dinajpur,General,,2026
39,Balurghat,12,Mithun Barman,Independent,510,2,512,0.32,16,16,West Bengal,Dakshin Dinajpur,General,,2026
39,Balurghat,13,Sushil Mardi,Independent,458,2,460,0.29,16,16,West Bengal,Dakshin Dinajpur,General,,2026
39,Balurghat,14,Nota,None of the Above,1420,24,1444,0.91,16,16,West Bengal,Dakshin Dinajpur,General,,2026
40,Tapan,1,Chintamani Biha,All India Trinamool Congress,68427,366,68793,36.85,17,17,West Bengal,Dakshin Dinajpur,ST,,2026
40,Tapan,2,Jyoti Kujur,Bahujan Samaj Party,920,2,922,0.49,17,17,West Bengal,Dakshin Dinajpur,ST,,2026
40,Tapan,3,Bankim Chandra Toppo,Indian National Congress,1601,15,1616,0.87,17,17,West Bengal,Dakshin Dinajpur,ST,Left–Congress alliance,2026
40,Tapan,4,Budhrai Tudu,Bharatiya Janata Party,104931,849,105780,56.66,17,17,West Bengal,Dakshin Dinajpur,ST,,2026
40,Tapan,5,Bappai Horo,Revolutionary Socialist Party,5855,85,5940,3.18,17,17,West Bengal,Dakshin Dinajpur,ST,Left–Congress alliance,2026
40,Tapan,6,Bikash Nona,Socialist Unity Centre Of India (COMMUNIST),334,2,336,0.18,17,17,West Bengal,Dakshin Dinajpur,ST,,2026
40,Tapan,7,Manuel Hansada,Aam Janata Unnayan party,264,1,265,0.14,17,17,West Bengal,Dakshin Dinajpur,ST,,2026
40,Tapan,8,Avijit Baskey,Independent,398,2,400,0.21,17,17,West Bengal,Dakshin Dinajpur,ST,,2026
40,Tapan,9,Arjun Mardi,Independent,453,0,453,0.24,17,17,West Bengal,Dakshin Dinajpur,ST,,2026
40,Tapan,10,Brijesh Hembram,Independent,325,3,328,0.18,17,17,West Bengal,Dakshin Dinajpur,ST,,2026
40,Tapan,11,Sukanta Kisku,Independent,424,4,428,0.23,17,17,West Bengal,Dakshin Dinajpur,ST,,2026
40,Tapan,12,Nota,None of the Above,1426,15,1441,0.77,17,17,West Bengal,Dakshin Dinajpur,ST,,2026
41,Gangarampur,1,Goutam Das,All India Trinamool Congress,76260,484,76744,39.8,18,18,West Bengal,Dakshin Dinajpur,SC,,2026
41,Gangarampur,2,Jui Barman,Indian National Congress,1561,9,1570,0.81,18,18,West Bengal,Dakshin Dinajpur,SC,Left–Congress alliance,2026
41,Gangarampur,3,Biplab Barman,Communist Party of India (Marxist),5868,123,5991,3.11,18,18,West Bengal,Dakshin Dinajpur,SC,Left–Congress alliance,2026
41,Gangarampur,4,Jatindra Nath Barman,Bahujan Samaj Party,606,5,611,0.32,18,18,West Bengal,Dakshin Dinajpur,SC,,2026
41,Gangarampur,5,Satyendra Nath Roy,Bharatiya Janata Party,104013,1070,105083,54.5,18,18,West Bengal,Dakshin Dinajpur,SC,,2026
41,Gangarampur,6,Amrita Barman,Socialist Unity Centre Of India (COMMUNIST),526,4,530,0.27,18,18,West Bengal,Dakshin Dinajpur,SC,,2026
41,Gangarampur,7,Tarun Ray,Independent,286,1,287,0.15,18,18,West Bengal,Dakshin Dinajpur,SC,,2026
41,Gangarampur,8,Sadhan Biswas,Independent,567,2,569,0.3,18,18,West Bengal,Dakshin Dinajpur,SC,,2026
41,Gangarampur,9,Nota,None of the Above,1427,11,1438,0.75,18,18,West Bengal,Dakshin Dinajpur,SC,,2026
42,Harirampur,1,Gautam Goswami,Communist Party of India (Marxist),6184,70,6254,3.06,18,18,West Bengal,Dakshin Dinajpur,General,Left–Congress alliance,2026
42,Harirampur,2,Debabrata Majumder,Bharatiya Janata Party,90481,631,91112,44.65,18,18,West Bengal,Dakshin Dinajpur,General,,2026
42,Harirampur,3,Biplab Mitra,All India Trinamool Congress,92622,476,93098,45.62,18,18,West Bengal,Dakshin Dinajpur,General,,2026
42,Harirampur,4,Subhasish Pal (Sona),Indian National Congress,8434,28,8462,4.15,18,18,West Bengal,Dakshin Dinajpur,General,Left–Congress alliance,2026
42,Harirampur,5,Ahidur Rahaman,Aam Janata Unnayan party,428,2,430,0.21,18,18,West Bengal,Dakshin Dinajpur,General,,2026
42,Harirampur,6,Pradeep Hansda,Ambedkarite Party of India,754,3,757,0.37,18,18,West Bengal,Dakshin Dinajpur,General,,2026
42,Harirampur,7,Lalit Orawn,Socialist Unity Centre Of India (COMMUNIST),252,2,254,0.12,18,18,West Bengal,Dakshin Dinajpur,General,,2026
42,Harirampur,8,Bholanath Sarkar,Independent,489,3,492,0.24,18,18,West Bengal,Dakshin Dinajpur,General,,2026
42,Harirampur,9,Mihir Chandra Ray,Independent,1203,2,1205,0.59,18,18,West Bengal,Dakshin Dinajpur,General,,2026
42,Harirampur,10,Ramkrishna Mahato,Independent,996,1,997,0.49,18,18,West Bengal,Dakshin Dinajpur,General,,2026
42,Harirampur,11,Nota,None of the Above,1005,8,1013,0.5,18,18,West Bengal,Dakshin Dinajpur,General,,2026
43,Habibpur,1,Amal Kisku,All India Trinamool Congress,63550,324,63874,28.06,20,20,West Bengal,Maldah,ST,,2026
43,Habibpur,2,Joyel Murmu,Bharatiya Janata Party,140972,1090,142062,62.41,20,20,West Bengal,Maldah,ST,,2026
43,Habibpur,3,Basudev Murmu,Communist Party of India (Marxist),8651,74,8725,3.83,20,20,West Bengal,Maldah,ST,Left–Congress alliance,2026
43,Habibpur,4,Rajen Soren,Indian National Congress,2476,14,2490,1.09,20,20,West Bengal,Maldah,ST,Left–Congress alliance,2026
43,Habibpur,5,Nicholas Soren,Kamatapur People's Party (United),569,1,570,0.25,20,20,West Bengal,Maldah,ST,,2026
43,Habibpur,6,Babulal Hasda,Aam Janata Unnayan party,385,0,385,0.17,20,20,West Bengal,Maldah,ST,,2026
43,Habibpur,7,Bimal Murmu,Socialist Unity Centre Of India (COMMUNIST),327,2,329,0.14,20,20,West Bengal,Maldah,ST,,2026
43,Habibpur,8,Baburam Kisku,Independent,4567,12,4579,2.01,20,20,West Bengal,Maldah,ST,,2026
43,Habibpur,9,Manjla Mardi,Independent,1240,5,1245,0.55,20,20,West Bengal,Maldah,ST,,2026
43,Habibpur,10,Lakhin Hembrom,Independent,1235,0,1235,0.54,20,20,West Bengal,Maldah,ST,,2026
43,Habibpur,11,Nota,None of the Above,2110,9,2119,0.93,20,20,West Bengal,Maldah,ST,,2026
44,Gazole,1,Kshitish Chandra Sarkar,Communist Party of India (Marxist),5899,50,5949,2.44,21,21,West Bengal,Maldah,SC,Left–Congress alliance,2026
44,Gazole,2,Chinmoy Deb Barman,Bharatiya Janata Party,130493,1048,131541,53.94,21,21,West Bengal,Maldah,SC,,2026
44,Gazole,3,Prasenjit Das,All India Trinamool Congress,92954,395,93349,38.28,21,21,West Bengal,Maldah,SC,,2026
44,Gazole,4,Prem Chowdhury,Indian National Congress,5024,26,5050,2.07,21,21,West Bengal,Maldah,SC,Left–Congress alliance,2026
44,Gazole,5,Sudipta Roy,Bahujan Samaj Party,579,4,583,0.24,21,21,West Bengal,Maldah,SC,,2026
44,Gazole,6,Minoti Sarkar,Mulnibasi Party of India,506,2,508,0.21,21,21,West Bengal,Maldah,SC,,2026
44,Gazole,7,Ratan Roy,Aam Janata Unnayan party,400,2,402,0.16,21,21,West Bengal,Maldah,SC,,2026
44,Gazole,8,Supen Kumar Roy,Socialist Unity Centre Of India (COMMUNIST),378,1,379,0.16,21,21,West Bengal,Maldah,SC,,2026
44,Gazole,9,Sushil Chandra Barman,Ambedkarite Party of India,1254,1,1255,0.51,21,21,West Bengal,Maldah,SC,,2026
44,Gazole,10,Ujjwal Barman,Independent,306,0,306,0.13,21,21,West Bengal,Maldah,SC,,2026
44,Gazole,11,Chandan Mandal,Independent,377,0,377,0.15,21,21,West Bengal,Maldah,SC,,2026
44,Gazole,12,Bijoy Kumar Biswas,Independent,1320,1,1321,0.54,21,21,West Bengal,Maldah,SC,,2026
44,Gazole,13,Mirana Sarkar,Independent,1372,0,1372,0.56,21,21,West Bengal,Maldah,SC,,2026
44,Gazole,14,Nota,None of the Above,1480,13,1493,0.61,21,21,West Bengal,Maldah,SC,,2026
45,Chanchal,1,Anwarul Hoque,Communist Party of India (Marxist),13453,69,13522,5.77,22,22,West Bengal,Maldah,General,Left–Congress alliance,2026
45,Chanchal,2,Asif Mehbub,Indian National Congress,16282,54,16336,6.97,22,22,West Bengal,Maldah,General,Left–Congress alliance,2026
45,Chanchal,3,Younish Mia,Bahujan Samaj Party,889,1,890,0.38,22,22,West Bengal,Maldah,General,,2026
45,Chanchal,4,Prasun Banerjee,All India Trinamool Congress,127677,337,128014,54.61,22,22,West Bengal,Maldah,General,,2026
45,Chanchal,5,Ratan Das,Bharatiya Janata Party,63749,391,64140,27.36,22,22,West Bengal,Maldah,General,,2026
45,Chanchal,6,Jhantu Kumar Rabidas,Socialist Unity Centre Of India (COMMUNIST),525,2,527,0.22,22,22,West Bengal,Maldah,General,,2026
45,Chanchal,7,Bhakta Prasad Saha,Rastriya Aam Jan Seva Party,244,0,244,0.1,22,22,West Bengal,Maldah,General,,2026
45,Chanchal,8,Md Masiur Rahaman,Aam Janata Unnayan party,645,0,645,0.28,22,22,West Bengal,Maldah,General,,2026
45,Chanchal,9,Mastar Shahjahan Ali,Welfare Party Of India,708,3,711,0.3,22,22,West Bengal,Maldah,General,,2026
45,Chanchal,10,Anjarul Hoque,Independent,6602,17,6619,2.82,22,22,West Bengal,Maldah,General,,2026
45,Chanchal,11,Abdul Khaleque,Independent,986,2,988,0.42,22,22,West Bengal,Maldah,General,,2026
45,Chanchal,12,Abdul Bari,Independent,466,3,469,0.2,22,22,West Bengal,Maldah,General,,2026
45,Chanchal,13,Munna Thakur,Independent,523,0,523,0.22,22,22,West Bengal,Maldah,General,,2026
45,Chanchal,14,Nota,None of the Above,776,5,781,0.33,22,22,West Bengal,Maldah,General,,2026
46,Harischandrapur,1,Mostaque Alam,Indian National Congress,31312,119,31431,13.84,21,21,West Bengal,Maldah,General,Left–Congress alliance,2026
46,Harischandrapur,2,Efrajul Hoque,Bahujan Samaj Party,747,2,749,0.33,21,21,West Bengal,Maldah,General,,2026
46,Harischandrapur,3,Md. Matibur Rahaman,All India Trinamool Congress,112766,338,113104,49.8,21,21,West Bengal,Maldah,General,,2026
46,Harischandrapur,4,Ratan Das,Bharatiya Janata Party,64552,281,64833,28.55,21,21,West Bengal,Maldah,General,,2026
46,Harischandrapur,5,Sk Khalil,Communist Party of India (Marxist),12727,59,12786,5.63,21,21,West Bengal,Maldah,General,Left–Congress alliance,2026
46,Harischandrapur,6,Md Oliur Rahaman,Rastriya Aam Jan Seva Party,325,2,327,0.14,21,21,West Bengal,Maldah,General,,2026
46,Harischandrapur,7,Mohd. Tafazzul Haque,Aam Janata Unnayan party,354,0,354,0.16,21,21,West Bengal,Maldah,General,,2026
46,Harischandrapur,8,Musaraf Hossain,Socialist Unity Centre Of India (COMMUNIST),221,3,224,0.1,21,21,West Bengal,Maldah,General,,2026
46,Harischandrapur,9,Kishor Sharma,Independent,194,0,194,0.09,21,21,West Bengal,Maldah,General,,2026
46,Harischandrapur,10,Phatik Kumar Das,Independent,707,2,709,0.31,21,21,West Bengal,Maldah,General,,2026
46,Harischandrapur,11,Bhudeb Das,Independent,1153,0,1153,0.51,21,21,West Bengal,Maldah,General,,2026
46,Harischandrapur,12,Md. Serajuddin,Independent,280,1,281,0.12,21,21,West Bengal,Maldah,General,,2026
46,Harischandrapur,13,Nota,None of the Above,948,6,954,0.42,21,21,West Bengal,Maldah,General,,2026
47,Malatipur,1,Abdur Rahim Boxi,All India Trinamool Congress,103876,247,104123,51.54,20,20,West Bengal,Maldah,General,,2026
47,Malatipur,2,Ashis Das,Bharatiya Janata Party,43150,196,43346,21.45,20,20,West Bengal,Maldah,General,,2026
47,Malatipur,3,Pradip Kumar Das,Bahujan Samaj Party,928,1,929,0.46,20,20,West Bengal,Maldah,General,,2026
47,Malatipur,4,Minarul Hosen,Communist Party of India (Marxist),6105,31,6136,3.04,20,20,West Bengal,Maldah,General,Left–Congress alliance,2026
47,Malatipur,5,Mausam B Noor,Indian National Congress,44255,121,44376,21.96,20,20,West Bengal,Maldah,General,Left–Congress alliance,2026
47,Malatipur,6,Azizur Rahman,Rashtriya Secular Majlis Party,323,1,324,0.16,20,20,West Bengal,Maldah,General,,2026
47,Malatipur,7,Md. Selim,Welfare Party Of India,311,1,312,0.15,20,20,West Bengal,Maldah,General,,2026
47,Malatipur,8,Md Abu Tahir,Aam Janata Unnayan party,399,0,399,0.2,20,20,West Bengal,Maldah,General,,2026
47,Malatipur,9,Rahul Sk,Independent,264,0,264,0.13,20,20,West Bengal,Maldah,General,,2026
47,Malatipur,10,Samim Aktar,Independent,372,1,373,0.18,20,20,West Bengal,Maldah,General,,2026
47,Malatipur,11,Nota,None of the Above,1450,3,1453,0.72,20,20,West Bengal,Maldah,General,,2026
48,Ratua,1,Abishek Singhania,Bharatiya Janata Party,73544,728,74272,31.86,23,23,West Bengal,Maldah,General,,2026
48,Ratua,2,Alam Mottakin,Indian National Congress,31353,172,31525,13.52,23,23,West Bengal,Maldah,General,Left–Congress alliance,2026
48,Ratua,3,Jahur Alam,Communist Party of India (Marxist),12926,100,13026,5.59,23,23,West Bengal,Maldah,General,Left–Congress alliance,2026
48,Ratua,4,Samar Mukherjee,All India Trinamool Congress,106307,527,106834,45.82,23,23,West Bengal,Maldah,General,,2026
48,Ratua,5,Mantu Mandal,Peoples Party of India (Democratic),1063,0,1063,0.46,23,23,West Bengal,Maldah,General,,2026
48,Ratua,6,Md Sohel,Rashtriya Secular Majlis Party,285,0,285,0.12,23,23,West Bengal,Maldah,General,,2026
48,Ratua,7,Md. Shariful,Welfare Party Of India,324,0,324,0.14,23,23,West Bengal,Maldah,General,,2026
48,Ratua,8,Royal Islam,Aam Janata Unnayan party,473,1,474,0.2,23,23,West Bengal,Maldah,General,,2026
48,Ratua,9,Arjun Mandal,Independent,871,1,872,0.37,23,23,West Bengal,Maldah,General,,2026
48,Ratua,10,Nur Mohammad,Independent,311,1,312,0.13,23,23,West Bengal,Maldah,General,,2026
48,Ratua,11,Bikash Mandal,Independent,360,0,360,0.15,23,23,West Bengal,Maldah,General,,2026
48,Ratua,12,Lakshi Narayan Chowdhury,Independent,1189,1,1190,0.51,23,23,West Bengal,Maldah,General,,2026
48,Ratua,13,Lopamudra Jha,Independent,673,0,673,0.29,23,23,West Bengal,Maldah,General,,2026
48,Ratua,14,Soutam Kr. Singha,Independent,480,1,481,0.21,23,23,West Bengal,Maldah,General,,2026
48,Ratua,15,Nota,None of the Above,1441,6,1447,0.62,23,23,West Bengal,Maldah,General,,2026
49,Manikchak,1,Ansarul Haque (Kalu),Indian National Congress,9094,107,9201,4.08,21,21,West Bengal,Maldah,General,Left–Congress alliance,2026
49,Manikchak,2,Kabita Mandal,All India Trinamool Congress,95365,815,96180,42.68,21,21,West Bengal,Maldah,General,,2026
49,Manikchak,3,Gour Chandra Mandal,Bharatiya Janata Party,109266,852,110118,48.86,21,21,West Bengal,Maldah,General,,2026
49,Manikchak,4,Debajyoti Sinha (Babu),Communist Party of India (Marxist),6376,123,6499,2.88,21,21,West Bengal,Maldah,General,Left–Congress alliance,2026
49,Manikchak,5,Md Tohidur Rahaman,Aam Janata Unnayan party,539,0,539,0.24,21,21,West Bengal,Maldah,General,,2026
49,Manikchak,6,Amal Kumar Rabidas,Independent,618,1,619,0.27,21,21,West Bengal,Maldah,General,,2026
49,Manikchak,7,Md Sariful,Independent,1006,0,1006,0.45,21,21,West Bengal,Maldah,General,,2026
49,Manikchak,8,Nota,None of the Above,1193,8,1201,0.53,21,21,West Bengal,Maldah,General,,2026
50,Maldaha,1,Gopal Chandra Saha,Bharatiya Janata Party,122375,1281,123656,56,21,21,West Bengal,Maldah,SC,,2026
50,Maldaha,2,Bhupendra Nath Halder (Arjun),Indian National Congress,12891,86,12977,5.88,21,21,West Bengal,Maldah,SC,Left–Congress alliance,2026
50,Maldaha,3,Lipika Barman Ghosh,All India Trinamool Congress,73098,430,73528,33.3,21,21,West Bengal,Maldah,SC,,2026
50,Maldaha,4,Haridas Karmakar,Bahujan Samaj Party,849,3,852,0.39,21,21,West Bengal,Maldah,SC,,2026
50,Maldaha,5,Kalyan Rajbanshi,Aam Janata Unnayan party,292,3,295,0.13,21,21,West Bengal,Maldah,SC,,2026
50,Maldaha,6,Dipak Barman,Communist Party of India,2292,40,2332,1.06,21,21,West Bengal,Maldah,SC,Left–Congress alliance,2026
50,Maldaha,7,Basudeb Sarkar,Socialist Unity Centre Of India (COMMUNIST),216,3,219,0.1,21,21,West Bengal,Maldah,SC,,2026
50,Maldaha,8,Surajit Halder,Kamatapur People's Party (United),197,3,200,0.09,21,21,West Bengal,Maldah,SC,,2026
50,Maldaha,9,Nitai Mandal,Independent,1947,8,1955,0.89,21,21,West Bengal,Maldah,SC,,2026
50,Maldaha,10,Matindra Nath Rajbanshi,Independent,458,1,459,0.21,21,21,West Bengal,Maldah,SC,,2026
50,Maldaha,11,Santanu Roy,Independent,1462,2,1464,0.66,21,21,West Bengal,Maldah,SC,,2026
50,Maldaha,12,Sumitra Sarkar,Independent,659,0,659,0.3,21,21,West Bengal,Maldah,SC,,2026
50,Maldaha,13,Nota,None of the Above,2187,14,2201,1,21,21,West Bengal,Maldah,SC,,2026
51,English Bazar,1,Ambar Mitra,Communist Party of India (Marxist),6890,232,7122,3.04,22,22,West Bengal,Maldah,General,Left–Congress alliance,2026
51,English Bazar,2,Amlan Bhaduri (Buro),Bharatiya Janata Party,151507,2589,154096,65.7,22,22,West Bengal,Maldah,General,,2026
51,English Bazar,3,Alam Masud,Indian National Congress,6864,65,6929,2.95,22,22,West Bengal,Maldah,General,Left–Congress alliance,2026
51,English Bazar,4,Asis Kundu (Pata),All India Trinamool Congress,59689,623,60312,25.71,22,22,West Bengal,Maldah,General,,2026
51,English Bazar,5,Nitish Kumar Mandal,Bahujan Samaj Party,747,2,749,0.32,22,22,West Bengal,Maldah,General,,2026
51,English Bazar,6,Gautam Sarkar,Socialist Unity Centre Of India (COMMUNIST),217,1,218,0.09,22,22,West Bengal,Maldah,General,,2026
51,English Bazar,7,Md Unush Ali,Aam Janata Unnayan party,262,0,262,0.11,22,22,West Bengal,Maldah,General,,2026
51,English Bazar,8,Asamay Mandal,Independent,207,2,209,0.09,22,22,West Bengal,Maldah,General,,2026
51,English Bazar,9,Naresh Pal,Independent,309,3,312,0.13,22,22,West Bengal,Maldah,General,,2026
51,English Bazar,10,Firoj Rahaman,Independent,727,0,727,0.31,22,22,West Bengal,Maldah,General,,2026
51,English Bazar,11,Sanat Dutta,Independent,491,4,495,0.21,22,22,West Bengal,Maldah,General,,2026
51,English Bazar,12,Safiul Hoque,Independent,1401,1,1402,0.6,22,22,West Bengal,Maldah,General,,2026
51,English Bazar,13,Nota,None of the Above,1687,40,1727,0.74,22,22,West Bengal,Maldah,General,,2026
52,Mothabari,1,Islam Md Najrul,All India Trinamool Congress,65206,499,65705,40.51,17,17,West Bengal,Maldah,General,,2026
52,Mothabari,2,Nibaran Ghosh,Bharatiya Janata Party,54802,407,55209,34.04,17,17,West Bengal,Maldah,General,,2026
52,Mothabari,3,Sayem Chowdhury (Babu),Indian National Congress,27215,236,27451,16.93,17,17,West Bengal,Maldah,General,Left–Congress alliance,2026
52,Mothabari,4,Mo Sahajahan Ali,All India Secular Front,9216,40,9256,5.71,17,17,West Bengal,Maldah,General,,2026
52,Mothabari,5,Advocate Mostahid Haque,All India Majlis-E-Ittehadul Muslimeen,1930,5,1935,1.19,17,17,West Bengal,Maldah,General,,2026
52,Mothabari,6,Nibaran Mandal,Independent,379,0,379,0.23,17,17,West Bengal,Maldah,General,,2026
52,Mothabari,7,Pankaj Chandra Mandal,Independent,344,0,344,0.21,17,17,West Bengal,Maldah,General,,2026
52,Mothabari,8,Shyamal Kumar Saha,Independent,570,1,571,0.35,17,17,West Bengal,Maldah,General,,2026
52,Mothabari,9,Nota,None of the Above,1325,3,1328,0.82,17,17,West Bengal,Maldah,General,,2026
53,Sujapur,1,Abhijit Rajak,Bharatiya Janata Party,19916,150,20066,8.83,20,20,West Bengal,Maldah,General,,2026
53,Sujapur,2,Abdul Hannan,Indian National Congress,52216,292,52508,23.12,20,20,West Bengal,Maldah,General,Left–Congress alliance,2026
53,Sujapur,3,Md Faruque Sekh,Bahujan Samaj Party,1038,0,1038,0.46,20,20,West Bengal,Maldah,General,,2026
53,Sujapur,4,Sabina Yeasmin,All India Trinamool Congress,112438,357,112795,49.66,20,20,West Bengal,Maldah,General,,2026
53,Sujapur,5,Manirul Islam,All India Majlis-E-Ittehadul Muslimeen,4817,5,4822,2.12,20,20,West Bengal,Maldah,General,,2026
53,Sujapur,6,Md. Karimullah Haque,All India Secular Front,28986,40,29026,12.78,20,20,West Bengal,Maldah,General,,2026
53,Sujapur,7,Md Naimullah Ansari,North Bengal People's Party,186,0,186,0.08,20,20,West Bengal,Maldah,General,,2026
53,Sujapur,8,Sabina Yasmin,Jamat-E-Seratul Mustakim,208,1,209,0.09,20,20,West Bengal,Maldah,General,,2026
53,Sujapur,9,Aktar Samim,Independent,208,0,208,0.09,20,20,West Bengal,Maldah,General,,2026
53,Sujapur,10,Abdul Hannan,Independent,592,1,593,0.26,20,20,West Bengal,Maldah,General,,2026
53,Sujapur,11,Debanjan Poddar,Independent,681,0,681,0.3,20,20,West Bengal,Maldah,General,,2026
53,Sujapur,12,Md Irak Ajam,Independent,2227,2,2229,0.98,20,20,West Bengal,Maldah,General,,2026
53,Sujapur,13,Md Jasimuddin,Independent,930,3,933,0.41,20,20,West Bengal,Maldah,General,,2026
53,Sujapur,14,Md Nasirul Sk,Independent,877,2,879,0.39,20,20,West Bengal,Maldah,General,,2026
53,Sujapur,15,Nota,None of the Above,947,5,952,0.42,20,20,West Bengal,Maldah,General,,2026
54,Baisnabnagar,1,Chandana Sarkar,All India Trinamool Congress,61500,311,61811,27.49,21,21,West Bengal,Maldah,General,,2026
54,Baisnabnagar,2,Nikhil Chandra Mandal,Bahujan Samaj Party,819,1,820,0.36,21,21,West Bengal,Maldah,General,,2026
54,Baisnabnagar,3,Mamuni Mandal,Indian National Congress,46286,164,46450,20.66,21,21,West Bengal,Maldah,General,Left–Congress alliance,2026
54,Baisnabnagar,4,Raju Karmakar,Bharatiya Janata Party,108106,586,108692,48.34,21,21,West Bengal,Maldah,General,,2026
54,Baisnabnagar,5,Ananda Ghosh,Socialist Unity Centre Of India (COMMUNIST),767,0,767,0.34,21,21,West Bengal,Maldah,General,,2026
54,Baisnabnagar,6,Dundubhi Saha(Papan),Revolutionary Socialist Party,1018,9,1027,0.46,21,21,West Bengal,Maldah,General,Left–Congress alliance,2026
54,Baisnabnagar,7,Manjur Alahi Munshi,Bhartiya Rashtriya Dal,295,1,296,0.13,21,21,West Bengal,Maldah,General,,2026
54,Baisnabnagar,8,Muzkera Bibi,Aam Janata Unnayan party,1581,3,1584,0.7,21,21,West Bengal,Maldah,General,,2026
54,Baisnabnagar,9,Md Arif Choudhury,North Bengal People's Party,767,4,771,0.34,21,21,West Bengal,Maldah,General,,2026
54,Baisnabnagar,10,Nityagopal Lala,Independent,431,2,433,0.19,21,21,West Bengal,Maldah,General,,2026
54,Baisnabnagar,11,Biswajit Mandal,Independent,399,0,399,0.18,21,21,West Bengal,Maldah,General,,2026
54,Baisnabnagar,12,Nota,None of the Above,1785,4,1789,0.8,21,21,West Bengal,Maldah,General,,2026
55,Farakka,1,Amirul Islam,All India Trinamool Congress,47169,87,47256,27.03,19,19,West Bengal,Murshidabad,General,,2026
55,Farakka,2,Mozaffar Hossain,Communist Party of India (Marxist),4159,18,4177,2.39,19,19,West Bengal,Murshidabad,General,Left–Congress alliance,2026
55,Farakka,3,Motab Shaikh,Indian National Congress,62942,108,63050,36.06,19,19,West Bengal,Murshidabad,General,Left–Congress alliance,2026
55,Farakka,4,Sunil Chowdhuri,Bharatiya Janata Party,54640,217,54857,31.38,19,19,West Bengal,Murshidabad,General,,2026
55,Farakka,5,Azmerul Sk,Rashtriya Secular Majlis Party,484,0,484,0.28,19,19,West Bengal,Murshidabad,General,,2026
55,Farakka,6,Imtiaz Ahmed Mollah,Aam Janata Unnayan party,780,1,781,0.45,19,19,West Bengal,Murshidabad,General,,2026
55,Farakka,7,Tilottama Haldar,Bharatiya Nyay-Adhikar Raksha Party,128,0,128,0.07,19,19,West Bengal,Murshidabad,General,,2026
55,Farakka,8,Alok Kumar Mandal,Independent,217,0,217,0.12,19,19,West Bengal,Murshidabad,General,,2026
55,Farakka,9,Abdul Kader,Independent,186,0,186,0.11,19,19,West Bengal,Murshidabad,General,,2026
55,Farakka,10,Nandalal Ghosh,Independent,695,0,695,0.4,19,19,West Bengal,Murshidabad,General,,2026
55,Farakka,11,Shashanka Das,Independent,799,1,800,0.46,19,19,West Bengal,Murshidabad,General,,2026
55,Farakka,12,Sulaiman Shaikh,Independent,427,0,427,0.24,19,19,West Bengal,Murshidabad,General,,2026
55,Farakka,13,Nota,None of the Above,1778,5,1783,1.02,19,19,West Bengal,Murshidabad,General,,2026
56,Samserganj,1,Md Najme Alam,Indian National Congress,54231,100,54331,34.96,20,20,West Bengal,Murshidabad,General,Left–Congress alliance,2026
56,Samserganj,2,Mohammed Noor Alam,All India Trinamool Congress,61802,116,61918,39.84,20,20,West Bengal,Murshidabad,General,,2026
56,Samserganj,3,Sasti Charan Ghosh,Bharatiya Janata Party,34362,160,34522,22.21,20,20,West Bengal,Murshidabad,General,,2026
56,Samserganj,4,Md Meraj Sorif,Rashtriya Secular Majlis Party,499,2,501,0.32,20,20,West Bengal,Murshidabad,General,,2026
56,Samserganj,5,Rabiul Hoque,Socialist Unity Centre Of India (COMMUNIST),322,0,322,0.21,20,20,West Bengal,Murshidabad,General,,2026
56,Samserganj,6,Anup Bhaskar,Independent,158,0,158,0.1,20,20,West Bengal,Murshidabad,General,,2026
56,Samserganj,7,Abdul Hai,Independent,245,1,246,0.16,20,20,West Bengal,Murshidabad,General,,2026
56,Samserganj,8,Md. Nazim Sk,Independent,458,0,458,0.29,20,20,West Bengal,Murshidabad,General,,2026
56,Samserganj,9,Md. Selim Ansari,Independent,489,1,490,0.32,20,20,West Bengal,Murshidabad,General,,2026
56,Samserganj,10,Motajul Islam,Independent,830,0,830,0.53,20,20,West Bengal,Murshidabad,General,,2026
56,Samserganj,11,Nota,None of the Above,1651,3,1654,1.06,20,20,West Bengal,Murshidabad,General,,2026
57,Suti,1,Alfajuddin Biswas,Indian National Congress,61228,116,61344,27.78,21,21,West Bengal,Murshidabad,General,Left–Congress alliance,2026
57,Suti,2,Emani Biswas,All India Trinamool Congress,81072,258,81330,36.83,21,21,West Bengal,Murshidabad,General,,2026
57,Suti,3,Mahabir Ghosh,Bharatiya Janata Party,68712,261,68973,31.23,21,21,West Bengal,Murshidabad,General,,2026
57,Suti,4,Anup Kumar Singha,Socialist Unity Centre Of India (COMMUNIST),803,1,804,0.36,21,21,West Bengal,Murshidabad,General,,2026
57,Suti,5,Md Zaid,All India Majlis-E-Ittehadul Muslimeen,2561,4,2565,1.16,21,21,West Bengal,Murshidabad,General,,2026
57,Suti,6,Rajib Chatterjee,Bhartiya Lokmat Rashtrawadi Party,132,1,133,0.06,21,21,West Bengal,Murshidabad,General,,2026
57,Suti,7,A. K. M Hasanujjaman,Revolutionary Socialist Party,961,7,968,0.44,21,21,West Bengal,Murshidabad,General,Left–Congress alliance,2026
57,Suti,8,Kausik Das,Independent,422,1,423,0.19,21,21,West Bengal,Murshidabad,General,,2026
57,Suti,9,Badirul Islam,Independent,1364,1,1365,0.62,21,21,West Bengal,Murshidabad,General,,2026
57,Suti,10,Md Sanaul Hoque,Independent,1211,1,1212,0.55,21,21,West Bengal,Murshidabad,General,,2026
57,Suti,11,Nota,None of the Above,1731,4,1735,0.79,21,21,West Bengal,Murshidabad,General,,2026
58,Jangipur,1,Aloke Kumar Das,Communist Party of India (Marxist),3962,45,4007,1.88,21,21,West Bengal,Murshidabad,General,Left–Congress alliance,2026
58,Jangipur,2,Chitta Mukherjee,Bharatiya Janata Party,90481,720,91201,42.9,21,21,West Bengal,Murshidabad,General,,2026
58,Jangipur,3,Jakir Hossain,All India Trinamool Congress,80356,303,80659,37.94,21,21,West Bengal,Murshidabad,General,,2026
58,Jangipur,4,Mohammad Imran Ali,Indian National Congress,31107,121,31228,14.69,21,21,West Bengal,Murshidabad,General,Left–Congress alliance,2026
58,Jangipur,5,Prabir Halder,Bhartiya Lokmat Rashtrawadi Party,302,1,303,0.14,21,21,West Bengal,Murshidabad,General,,2026
58,Jangipur,6,Bapi Sk,Bharatiya Nyay-Adhikar Raksha Party,244,1,245,0.12,21,21,West Bengal,Murshidabad,General,,2026
58,Jangipur,7,Md Hasanuzzaman,Aam Janata Unnayan party,881,1,882,0.41,21,21,West Bengal,Murshidabad,General,,2026
58,Jangipur,8,Mirza Nashir Uddin,Socialist Unity Centre Of India (COMMUNIST),1809,4,1813,0.85,21,21,West Bengal,Murshidabad,General,,2026
58,Jangipur,9,Soma Saha Das,Independent,1123,2,1125,0.53,21,21,West Bengal,Murshidabad,General,,2026
58,Jangipur,10,Nota,None of the Above,1137,6,1143,0.54,21,21,West Bengal,Murshidabad,General,,2026
59,Raghunathganj,1,Akhruzzaman,All India Trinamool Congress,88679,230,88909,45.65,21,21,West Bengal,Murshidabad,General,,2026
59,Raghunathganj,2,Abul Hasnat,Communist Party of India (Marxist),12944,41,12985,6.67,21,21,West Bengal,Murshidabad,General,Left–Congress alliance,2026
59,Raghunathganj,3,Nasir Saikh,Indian National Congress,48248,106,48354,24.83,21,21,West Bengal,Murshidabad,General,Left–Congress alliance,2026
59,Raghunathganj,4,Surojit Poddar,Bharatiya Janata Party,35036,148,35184,18.06,21,21,West Bengal,Murshidabad,General,,2026
59,Raghunathganj,5,Md Imran Solanki,All India Majlis-E-Ittehadul Muslimeen,5883,2,5885,3.02,21,21,West Bengal,Murshidabad,General,,2026
59,Raghunathganj,6,Rabiul Alam,Socialist Unity Centre Of India (COMMUNIST),477,3,480,0.25,21,21,West Bengal,Murshidabad,General,,2026
59,Raghunathganj,7,Senjarul Islam,Bharatiya Nyay-Adhikar Raksha Party,539,0,539,0.28,21,21,West Bengal,Murshidabad,General,,2026
59,Raghunathganj,8,Rejaul Karim,Independent,476,0,476,0.24,21,21,West Bengal,Murshidabad,General,,2026
59,Raghunathganj,9,Nota,None of the Above,1952,1,1953,1,21,21,West Bengal,Murshidabad,General,,2026
60,Sagardighi,1,Tapas Kumar Chakraborty,Bharatiya Janata Party,56250,271,56521,27.22,19,19,West Bengal,Murshidabad,General,,2026
60,Sagardighi,2,Bayron Biswas,All India Trinamool Congress,90455,326,90781,43.72,19,19,West Bengal,Murshidabad,General,,2026
60,Sagardighi,3,Manoj Chakraborty,Indian National Congress,10291,57,10348,4.98,19,19,West Bengal,Murshidabad,General,Left–Congress alliance,2026
60,Sagardighi,4,Dhananjay Banerjee,Amra Bangalee,747,1,748,0.36,19,19,West Bengal,Murshidabad,General,,2026
60,Sagardighi,5,Masiur Rahaman,Social Democratic Party Of India,42389,106,42495,20.46,19,19,West Bengal,Murshidabad,General,,2026
60,Sagardighi,6,Mirza Lutful Hoque,Socialist Unity Centre Of India (COMMUNIST),513,2,515,0.25,19,19,West Bengal,Murshidabad,General,,2026
60,Sagardighi,7,Shibati Mummu,Mulnibasi Party of India,1858,3,1861,0.9,19,19,West Bengal,Murshidabad,General,,2026
60,Sagardighi,8,Kishor Mondal,Independent,347,0,347,0.17,19,19,West Bengal,Murshidabad,General,,2026
60,Sagardighi,9,Golam Kibria,Independent,840,0,840,0.4,19,19,West Bengal,Murshidabad,General,,2026
60,Sagardighi,10,Joges Marjit,Independent,1266,0,1266,0.61,19,19,West Bengal,Murshidabad,General,,2026
60,Sagardighi,11,Nota,None of the Above,1929,9,1938,0.93,19,19,West Bengal,Murshidabad,General,,2026
61,Lalgola,1,Amar Kumar Das,Bharatiya Janata Party,35365,131,35496,19.7,20,20,West Bengal,Murshidabad,General,,2026
61,Lalgola,2,Abdul Aziz Doctor,All India Trinamool Congress,67750,204,67954,37.72,20,20,West Bengal,Murshidabad,General,,2026
61,Lalgola,3,Touhidur Rahaman Suman,Indian National Congress,48844,150,48994,27.19,20,20,West Bengal,Murshidabad,General,Left–Congress alliance,2026
61,Lalgola,4,Babluzzaman Md,Communist Party of India (Marxist),21834,98,21932,12.17,20,20,West Bengal,Murshidabad,General,Left–Congress alliance,2026
61,Lalgola,5,Md Tarik Aziz,All India Majlis-E-Ittehadul Muslimeen,2316,3,2319,1.29,20,20,West Bengal,Murshidabad,General,,2026
61,Lalgola,6,Muntasir Zamil,Socialist Unity Centre Of India (COMMUNIST),223,0,223,0.12,20,20,West Bengal,Murshidabad,General,,2026
61,Lalgola,7,Mousumi Khatun,Bharatiya Nyay-Adhikar Raksha Party,306,3,309,0.17,20,20,West Bengal,Murshidabad,General,,2026
61,Lalgola,8,Zinnatun Nesha,Independent,957,0,957,0.53,20,20,West Bengal,Murshidabad,General,,2026
61,Lalgola,9,Md Fihian Ali,Independent,938,1,939,0.52,20,20,West Bengal,Murshidabad,General,,2026
61,Lalgola,10,Nota,None of the Above,1040,4,1044,0.58,20,20,West Bengal,Murshidabad,General,,2026
62,Bhagawangola,1,Anju Begam,Indian National Congress,29396,44,29440,13.49,21,21,West Bengal,Murshidabad,General,Left–Congress alliance,2026
62,Bhagawangola,2,Bhaskar Sarkar,Bharatiya Janata Party,23046,58,23104,10.59,21,21,West Bengal,Murshidabad,General,,2026
62,Bhagawangola,3,Mahamudal Hasan,Communist Party of India (Marxist),49501,89,49590,22.73,21,21,West Bengal,Murshidabad,General,Left–Congress alliance,2026
62,Bhagawangola,4,Reyat Hossain Sarkar,All India Trinamool Congress,105747,250,105997,48.57,21,21,West Bengal,Murshidabad,General,,2026
62,Bhagawangola,5,Omar Khayyam (Ziko),Socialist Unity Centre Of India (COMMUNIST),1422,1,1423,0.65,21,21,West Bengal,Murshidabad,General,,2026
62,Bhagawangola,6,Md. Nurul Islam,Vikas India Party,479,0,479,0.22,21,21,West Bengal,Murshidabad,General,,2026
62,Bhagawangola,7,Humayun Kabir,Aam Janata Unnayan party,5961,4,5965,2.73,21,21,West Bengal,Murshidabad,General,,2026
62,Bhagawangola,8,Emon Sayed,Independent,613,3,616,0.28,21,21,West Bengal,Murshidabad,General,,2026
62,Bhagawangola,9,Md. Akramul Hoque,Independent,516,1,517,0.24,21,21,West Bengal,Murshidabad,General,,2026
62,Bhagawangola,10,Nota,None of the Above,1081,4,1085,0.5,21,21,West Bengal,Murshidabad,General,,2026
63,Raninagar,1,Abdul Soumik Hossain,All India Trinamool Congress,76560,162,76722,32.34,16,16,West Bengal,Murshidabad,General,,2026
63,Raninagar,2,Jamal Hossain,Communist Party of India (Marxist),48482,105,48587,20.48,16,16,West Bengal,Murshidabad,General,Left–Congress alliance,2026
63,Raninagar,3,Julfikar Ali,Indian National Congress,79240,183,79423,33.48,16,16,West Bengal,Murshidabad,General,Left–Congress alliance,2026
63,Raninagar,4,Ranapratap Singha Roy,Bharatiya Janata Party,22643,85,22728,9.58,16,16,West Bengal,Murshidabad,General,,2026
63,Raninagar,5,Yasser Haidar,Aam Janata Unnayan party,2562,4,2566,1.08,16,16,West Bengal,Murshidabad,General,,2026
63,Raninagar,6,Shyamal Krishna Mondal,Socialist Unity Centre Of India (COMMUNIST),666,3,669,0.28,16,16,West Bengal,Murshidabad,General,,2026
63,Raninagar,7,Anoyar Hossain,Independent,144,0,144,0.06,16,16,West Bengal,Murshidabad,General,,2026
63,Raninagar,8,Abdul Alim Sk,Independent,95,0,95,0.04,16,16,West Bengal,Murshidabad,General,,2026
63,Raninagar,9,Khalid Hossain,Independent,184,0,184,0.08,16,16,West Bengal,Murshidabad,General,,2026
63,Raninagar,10,Julfikar Ali,Independent,355,1,356,0.15,16,16,West Bengal,Murshidabad,General,,2026
63,Raninagar,11,Julfikkar Ali,Independent,451,3,454,0.19,16,16,West Bengal,Murshidabad,General,,2026
63,Raninagar,12,Mst Masuara Khatun,Independent,773,0,773,0.33,16,16,West Bengal,Murshidabad,General,,2026
63,Raninagar,13,Mostofa Monjur Elahi,Independent,1190,0,1190,0.5,16,16,West Bengal,Murshidabad,General,,2026
63,Raninagar,14,Sumit Nath,Independent,1071,0,1071,0.45,16,16,West Bengal,Murshidabad,General,,2026
63,Raninagar,15,Nota,None of the Above,2232,8,2240,0.94,16,16,West Bengal,Murshidabad,General,,2026
64,Murshidabad,1,Abdul Mannan,All India Forward Bloc,9045,29,9074,3.82,23,23,West Bengal,Murshidabad,General,Left–Congress alliance,2026
64,Murshidabad,2,Ali Siddique,Indian National Congress,16098,26,16124,6.79,23,23,West Bengal,Murshidabad,General,Left–Congress alliance,2026
64,Murshidabad,3,Gouri Sankar Ghosh,Bharatiya Janata Party,113803,640,114443,48.18,23,23,West Bengal,Murshidabad,General,,2026
64,Murshidabad,4,Prallad Mahato,Bahujan Samaj Party,1372,4,1376,0.58,23,23,West Bengal,Murshidabad,General,,2026
64,Murshidabad,5,Shaoni Singha Roy,All India Trinamool Congress,82709,213,82922,34.91,23,23,West Bengal,Murshidabad,General,,2026
64,Murshidabad,6,Milia Sajem,Socialist Unity Centre Of India (COMMUNIST),2246,1,2247,0.95,23,23,West Bengal,Murshidabad,General,,2026
64,Murshidabad,7,Mir Hasnat Ali,Aam Janata Unnayan party,7896,3,7899,3.33,23,23,West Bengal,Murshidabad,General,,2026
64,Murshidabad,8,Champa Bibi,Independent,1557,2,1559,0.66,23,23,West Bengal,Murshidabad,General,,2026
64,Murshidabad,9,Sahabuddin Sk,Independent,448,0,448,0.19,23,23,West Bengal,Murshidabad,General,,2026
64,Murshidabad,10,Nota,None of the Above,1437,5,1442,0.61,23,23,West Bengal,Murshidabad,General,,2026
65,Nabagram,1,Dilip Saha,Bharatiya Janata Party,78231,508,78739,35.54,25,25,West Bengal,Murshidabad,SC,,2026
65,Nabagram,2,Purnima Das,Communist Party of India (Marxist),12984,73,13057,5.89,25,25,West Bengal,Murshidabad,SC,Left–Congress alliance,2026
65,Nabagram,3,Pronab Chandra Das,All India Trinamool Congress,72492,328,72820,32.86,25,25,West Bengal,Murshidabad,SC,,2026
65,Nabagram,4,Hiru Haldar,Indian National Congress,50013,131,50144,22.63,25,25,West Bengal,Murshidabad,SC,Left–Congress alliance,2026
65,Nabagram,5,Golak Mandal,Aam Janata Unnayan party,2837,1,2838,1.28,25,25,West Bengal,Murshidabad,SC,,2026
65,Nabagram,6,Barun Mandal,Socialist Unity Centre Of India (COMMUNIST),1369,6,1375,0.62,25,25,West Bengal,Murshidabad,SC,,2026
65,Nabagram,7,Rakhi Choudury (Mandal),Independent,723,1,724,0.33,25,25,West Bengal,Murshidabad,SC,,2026
65,Nabagram,8,Nota,None of the Above,1873,10,1883,0.85,25,25,West Bengal,Murshidabad,SC,,2026
66,Khargram,1,Ashis Marjit,All India Trinamool Congress,68107,308,68415,33.46,15,15,West Bengal,Murshidabad,SC,,2026
66,Khargram,2,Dhrubajoti Saha,Communist Party of India (Marxist),41770,174,41944,20.51,15,15,West Bengal,Murshidabad,SC,Left–Congress alliance,2026
66,Khargram,3,Mander Kanti Mondal,Indian National Congress,10955,54,11009,5.38,15,15,West Bengal,Murshidabad,SC,Left–Congress alliance,2026
66,Khargram,4,Mitali Mal,Bharatiya Janata Party,77367,381,77748,38.02,15,15,West Bengal,Murshidabad,SC,,2026
66,Khargram,5,Saileswar Mondal,Bahujan Samaj Party,687,0,687,0.34,15,15,West Bengal,Murshidabad,SC,,2026
66,Khargram,6,Jadab Das,Aam Janata Unnayan party,875,1,876,0.43,15,15,West Bengal,Murshidabad,SC,,2026
66,Khargram,7,Bhuban Mohan Saha,Independent,676,1,677,0.33,15,15,West Bengal,Murshidabad,SC,,2026
66,Khargram,8,Manik Kumar Das,Independent,613,0,613,0.3,15,15,West Bengal,Murshidabad,SC,,2026
66,Khargram,9,Rajen Mehana,Independent,629,0,629,0.31,15,15,West Bengal,Murshidabad,SC,,2026
66,Khargram,10,Nota,None of the Above,1874,5,1879,0.92,15,15,West Bengal,Murshidabad,SC,,2026
67,Burwan,1,Protima Rajak,All India Trinamool Congress,69005,356,69361,36.72,13,13,West Bengal,Murshidabad,SC,,2026
67,Burwan,2,Prosenjit Hazra,Bahujan Samaj Party,770,3,773,0.41,13,13,West Bengal,Murshidabad,SC,,2026
67,Burwan,3,Sanjit Das,Indian National Congress,18354,86,18440,9.76,13,13,West Bengal,Murshidabad,SC,Left–Congress alliance,2026
67,Burwan,4,Sukhen Kumar Bagdi,Bharatiya Janata Party,91128,533,91661,48.52,13,13,West Bengal,Murshidabad,SC,,2026
67,Burwan,5,Ananda Das Bagdi,Revolutionary Socialist Party,2628,19,2647,1.4,13,13,West Bengal,Murshidabad,SC,Left–Congress alliance,2026
67,Burwan,6,Shasthi Charan Mal,Aam Janata Unnayan party,730,1,731,0.39,13,13,West Bengal,Murshidabad,SC,,2026
67,Burwan,7,Rakesh Bagdi,Independent,1274,1,1275,0.67,13,13,West Bengal,Murshidabad,SC,,2026
67,Burwan,8,Radhikanath Bagdi,Independent,658,0,658,0.35,13,13,West Bengal,Murshidabad,SC,,2026
67,Burwan,9,Sunita Konai,Independent,869,2,871,0.46,13,13,West Bengal,Murshidabad,SC,,2026
67,Burwan,10,Nota,None of the Above,2487,13,2500,1.32,13,13,West Bengal,Murshidabad,SC,,2026
68,Kandi,1,Apurba Sarkar (David),All India Trinamool Congress,62490,530,63020,31.6,14,14,West Bengal,Murshidabad,General,,2026
68,Kandi,2,Gargi Das Ghosh,Bharatiya Janata Party,72590,765,73355,36.78,14,14,West Bengal,Murshidabad,General,,2026
68,Kandi,3,Pratap Das,Bahujan Samaj Party,516,0,516,0.26,14,14,West Bengal,Murshidabad,General,,2026
68,Kandi,4,Shamim Rana,Indian National Congress,31009,151,31160,15.62,14,14,West Bengal,Murshidabad,General,Left–Congress alliance,2026
68,Kandi,5,Mesbahul Islam Khan,All India Majlis-E-Ittehadul Muslimeen,22946,30,22976,11.52,14,14,West Bengal,Murshidabad,General,,2026
68,Kandi,6,Rejaul Karim,Communist Party of India,1509,21,1530,0.77,14,14,West Bengal,Murshidabad,General,Left–Congress alliance,2026
68,Kandi,7,Srikanta Das,Socialist Unity Centre Of India (COMMUNIST),234,3,237,0.12,14,14,West Bengal,Murshidabad,General,,2026
68,Kandi,8,Sakshi Gopal Deb,Amra Bangalee,108,4,112,0.06,14,14,West Bengal,Murshidabad,General,,2026
68,Kandi,9,Abhijit Halder,Independent,153,0,153,0.08,14,14,West Bengal,Murshidabad,General,,2026
68,Kandi,10,Ashis Das,Independent,579,0,579,0.29,14,14,West Bengal,Murshidabad,General,,2026
68,Kandi,11,Gokul Hazra,Independent,393,1,394,0.2,14,14,West Bengal,Murshidabad,General,,2026
68,Kandi,12,Rajkumar Mondal,Independent,872,1,873,0.44,14,14,West Bengal,Murshidabad,General,,2026
68,Kandi,13,Syed Azizur Hossain (Nashim),Independent,1623,0,1623,0.81,14,14,West Bengal,Murshidabad,General,,2026
68,Kandi,14,Nota,None of the Above,2918,14,2932,1.47,14,14,West Bengal,Murshidabad,General,,2026
69,Bharatpur,1,Ajay Rano,Bahujan Samaj Party,893,3,896,0.42,14,14,West Bengal,Murshidabad,General,,2026
69,Bharatpur,2,Anamika Ghosh,Bharatiya Janata Party,59690,427,60117,28.04,14,14,West Bengal,Murshidabad,General,,2026
69,Bharatpur,3,Azheruddin Md (Sizar),Indian National Congress,51106,215,51321,23.93,14,14,West Bengal,Murshidabad,General,Left–Congress alliance,2026
69,Bharatpur,4,Mustafijur Rahaman (Suman),All India Trinamool Congress,90392,478,90870,42.38,14,14,West Bengal,Murshidabad,General,,2026
69,Bharatpur,5,Jinnatun Nahar Gulsan Begam,Communist Party of India (Marxist-Leninist) (Liberation),1060,7,1067,0.5,14,14,West Bengal,Murshidabad,General,,2026
69,Bharatpur,6,Nowfal Md Safiulla ( Albert),Revolutionary Socialist Party,3588,16,3604,1.68,14,14,West Bengal,Murshidabad,General,Left–Congress alliance,2026
69,Bharatpur,7,Badan Ghosh,Amra Bangalee,522,2,524,0.24,14,14,West Bengal,Murshidabad,General,,2026
69,Bharatpur,8,Anowar Hossain Molla,Independent,2203,1,2204,1.03,14,14,West Bengal,Murshidabad,General,,2026
69,Bharatpur,9,Abu Kowsar Malek Ismile,Independent,936,0,936,0.44,14,14,West Bengal,Murshidabad,General,,2026
69,Bharatpur,10,Vivekananda Ghosh,Independent,1264,1,1265,0.59,14,14,West Bengal,Murshidabad,General,,2026
69,Bharatpur,11,Nota,None of the Above,1615,5,1620,0.76,14,14,West Bengal,Murshidabad,General,,2026
70,Rejinagar,1,Ataur Rahaman,All India Trinamool Congress,41429,289,41718,17.43,15,15,West Bengal,Murshidabad,General,,2026
70,Rejinagar,2,Jillu Sk,Indian National Congress,4050,51,4101,1.71,15,15,West Bengal,Murshidabad,General,Left–Congress alliance,2026
70,Rejinagar,3,Bapan Ghosh,Bharatiya Janata Party,64092,568,64660,27.02,15,15,West Bengal,Murshidabad,General,,2026
70,Rejinagar,4,Ajarul Mollick,Magadh Congress of India,708,1,709,0.3,15,15,West Bengal,Murshidabad,General,,2026
70,Rejinagar,5,Tushar Kanti Chatterjee,West Bengal Socialist Party,743,5,748,0.31,15,15,West Bengal,Murshidabad,General,,2026
70,Rejinagar,6,Babar Ali,Socialist Unity Centre Of India (COMMUNIST),1484,6,1490,0.62,15,15,West Bengal,Murshidabad,General,,2026
70,Rejinagar,7,Humayun Kabir,Aam Janata Unnayan party,123266,270,123536,51.62,15,15,West Bengal,Murshidabad,General,,2026
70,Rejinagar,8,Humayun Kabir,Independent,699,0,699,0.29,15,15,West Bengal,Murshidabad,General,,2026
70,Rejinagar,9,Nota,None of the Above,1623,11,1634,0.68,15,15,West Bengal,Murshidabad,General,,2026
71,Beldanga,1,Bharat Kumar Jhawar,Bharatiya Janata Party,72020,852,72872,31.88,16,16,West Bengal,Murshidabad,General,,2026
71,Beldanga,2,Md Saharuddin Sk,Indian National Congress,39741,221,39962,17.48,16,16,West Bengal,Murshidabad,General,Left–Congress alliance,2026
71,Beldanga,3,Md Ismail,Bahujan Samaj Party,982,1,983,0.43,16,16,West Bengal,Murshidabad,General,,2026
71,Beldanga,4,Rabiul Alam Chowdhury,All India Trinamool Congress,59265,399,59664,26.1,16,16,West Bengal,Murshidabad,General,,2026
71,Beldanga,5,Rajesh Ghosh,Revolutionary Socialist Party,2818,41,2859,1.25,16,16,West Bengal,Murshidabad,General,Left–Congress alliance,2026
71,Beldanga,6,Lockman Hakim,Socialist Unity Centre Of India (COMMUNIST),3072,3,3075,1.35,16,16,West Bengal,Murshidabad,General,,2026
71,Beldanga,7,Shoaib Ahmed,Aam Janata Unnayan party,46676,33,46709,20.43,16,16,West Bengal,Murshidabad,General,,2026
71,Beldanga,8,Md Safiur Rahman Biswas,Independent,685,3,688,0.3,16,16,West Bengal,Murshidabad,General,,2026
71,Beldanga,9,Nota,None of the Above,1765,14,1779,0.78,16,16,West Bengal,Murshidabad,General,,2026
72,Baharampur,1,Adhir Ranjan Chowdhury,Indian National Congress,72438,1102,73540,32.79,17,17,West Bengal,Murshidabad,General,Left–Congress alliance,2026
72,Baharampur,2,Naru Gopal Mukherjee,All India Trinamool Congress,49116,470,49586,22.11,17,17,West Bengal,Murshidabad,General,,2026
72,Baharampur,3,Santosh Biswas,Bahujan Samaj Party,762,4,766,0.34,17,17,West Bengal,Murshidabad,General,,2026
72,Baharampur,4,Subrata Maitra (Kanchan),Bharatiya Janata Party,89359,1729,91088,40.62,17,17,West Bengal,Murshidabad,General,,2026
72,Baharampur,5,Abul Kasem Sk,Communist Party of India (Marxist-Leninist) (Liberation),673,6,679,0.3,17,17,West Bengal,Murshidabad,General,,2026
72,Baharampur,6,Dilip Das,Socialist Unity Centre Of India (COMMUNIST),578,6,584,0.26,17,17,West Bengal,Murshidabad,General,,2026
72,Baharampur,7,Mamata Bibi,Justice and Development Party,152,0,152,0.07,17,17,West Bengal,Murshidabad,General,,2026
72,Baharampur,8,Rajib Chatterjee,Bhartiya Lokmat Rashtrawadi Party,168,1,169,0.08,17,17,West Bengal,Murshidabad,General,,2026
72,Baharampur,9,Sukbor Molla,Aam Janata Unnayan party,4204,3,4207,1.88,17,17,West Bengal,Murshidabad,General,,2026
72,Baharampur,10,Utpal Kundu,Independent,265,0,265,0.12,17,17,West Bengal,Murshidabad,General,,2026
72,Baharampur,11,Paritosh Kundu,Independent,490,3,493,0.22,17,17,West Bengal,Murshidabad,General,,2026
72,Baharampur,12,Riki Maitra,Independent,487,0,487,0.22,17,17,West Bengal,Murshidabad,General,,2026
72,Baharampur,13,Sahabuddin Mallik,Independent,892,1,893,0.4,17,17,West Bengal,Murshidabad,General,,2026
72,Baharampur,14,Nota,None of the Above,1333,26,1359,0.61,17,17,West Bengal,Murshidabad,General,,2026
73,Hariharpara,1,Zamir Molla,Communist Party of India (Marxist),29973,82,30055,12.77,22,22,West Bengal,Murshidabad,General,Left–Congress alliance,2026
73,Hariharpara,2,Tanmoy Biswas,Bharatiya Janata Party,31909,148,32057,13.62,22,22,West Bengal,Murshidabad,General,,2026
73,Hariharpara,3,Niamot Sheikh,All India Trinamool Congress,80007,331,80338,34.14,22,22,West Bengal,Murshidabad,General,,2026
73,Hariharpara,4,Mousumi Begum,Indian National Congress,13040,36,13076,5.56,22,22,West Bengal,Murshidabad,General,Left–Congress alliance,2026
73,Hariharpara,5,Abu Syeed Khandoker,Socialist Unity Centre Of India (COMMUNIST),3610,14,3624,1.54,22,22,West Bengal,Murshidabad,General,,2026
73,Hariharpara,6,Bijoy Sekh,Aam Janata Unnayan party,67629,44,67673,28.76,22,22,West Bengal,Murshidabad,General,,2026
73,Hariharpara,7,Riyajul Islam Khan,Indian Union Muslim League,2725,0,2725,1.16,22,22,West Bengal,Murshidabad,General,,2026
73,Hariharpara,8,Krishna Prosad Biswas,Independent,811,2,813,0.35,22,22,West Bengal,Murshidabad,General,,2026
73,Hariharpara,9,Bijoy Mondal,Independent,968,1,969,0.41,22,22,West Bengal,Murshidabad,General,,2026
73,Hariharpara,10,Mousumi Khatun,Independent,1960,0,1960,0.83,22,22,West Bengal,Murshidabad,General,,2026
73,Hariharpara,11,Rafikul Islam,Independent,706,0,706,0.3,22,22,West Bengal,Murshidabad,General,,2026
73,Hariharpara,12,Nota,None of the Above,1295,5,1300,0.55,22,22,West Bengal,Murshidabad,General,,2026
74,Nowda,1,Matiur Rahaman,Indian National Congress,15886,123,16009,7.22,21,21,West Bengal,Murshidabad,General,Left–Congress alliance,2026
74,Nowda,2,Rana Mandal,Bharatiya Janata Party,58224,296,58520,26.41,21,21,West Bengal,Murshidabad,General,,2026
74,Nowda,3,Sahina Momtaz Khan,All India Trinamool Congress,51599,268,51867,23.41,21,21,West Bengal,Murshidabad,General,,2026
74,Nowda,4,Abdus Salam,Socialist Unity Centre Of India (COMMUNIST),2047,8,2055,0.93,21,21,West Bengal,Murshidabad,General,,2026
74,Nowda,5,Suraj Sk,Bhartiya Lokmat Rashtrawadi Party,971,0,971,0.44,21,21,West Bengal,Murshidabad,General,,2026
74,Nowda,6,Habibur Rahaman Mondal(Sohel),Revolutionary Socialist Party,1781,19,1800,0.81,21,21,West Bengal,Murshidabad,General,Left–Congress alliance,2026
74,Nowda,7,Humayun Kabir,Aam Janata Unnayan party,86389,74,86463,39.02,21,21,West Bengal,Murshidabad,General,,2026
74,Nowda,8,Motiur Rahaman Munshi,Independent,624,1,625,0.28,21,21,West Bengal,Murshidabad,General,,2026
74,Nowda,9,Ramij Raja Biswas,Independent,867,0,867,0.39,21,21,West Bengal,Murshidabad,General,,2026
74,Nowda,10,Humayun Kabir Sekh,Independent,1303,2,1305,0.59,21,21,West Bengal,Murshidabad,General,,2026
74,Nowda,11,Nota,None of the Above,1113,5,1118,0.5,21,21,West Bengal,Murshidabad,General,,2026
75,Domkal,1,Nandadulal Pal,Bharatiya Janata Party,13064,116,13180,5.11,18,18,West Bengal,Murshidabad,General,,2026
75,Domkal,2,Begam Sahanaj,Indian National Congress,30381,72,30453,11.81,18,18,West Bengal,Murshidabad,General,Left–Congress alliance,2026
75,Domkal,3,Md. Mostafijur Rahaman,Communist Party of India (Marxist),107575,307,107882,41.85,18,18,West Bengal,Murshidabad,General,Left–Congress alliance,2026
75,Domkal,4,Humayun Kabir,All India Trinamool Congress,91343,243,91586,35.53,18,18,West Bengal,Murshidabad,General,,2026
75,Domkal,5,Ayesha Siddiqua,Socialist Unity Centre Of India (COMMUNIST),1190,1,1191,0.46,18,18,West Bengal,Murshidabad,General,,2026
75,Domkal,6,Kalu Mondal,Magadh Congress of India,483,0,483,0.19,18,18,West Bengal,Murshidabad,General,,2026
75,Domkal,7,Md. Mosharaf Hossain,Aam Janata Unnayan party,7388,4,7392,2.87,18,18,West Bengal,Murshidabad,General,,2026
75,Domkal,8,Md Salauddin,Indian National League,471,4,475,0.18,18,18,West Bengal,Murshidabad,General,,2026
75,Domkal,9,Safar Ali Biswas(Robi),Bhartiya Lokmat Rashtrawadi Party,264,0,264,0.1,18,18,West Bengal,Murshidabad,General,,2026
75,Domkal,10,Mustak Ahmed,Independent,500,0,500,0.19,18,18,West Bengal,Murshidabad,General,,2026
75,Domkal,11,Mustafijur Rahaman,Independent,1372,1,1373,0.53,18,18,West Bengal,Murshidabad,General,,2026
75,Domkal,12,Sahanaj Begam,Independent,994,0,994,0.39,18,18,West Bengal,Murshidabad,General,,2026
75,Domkal,13,Soyaib Ansary,Independent,810,0,810,0.31,18,18,West Bengal,Murshidabad,General,,2026
75,Domkal,14,Nota,None of the Above,1199,8,1207,0.47,18,18,West Bengal,Murshidabad,General,,2026
76,Jalangi,1,Abdur Razzak Molla,Indian National Congress,36353,77,36430,14.38,18,18,West Bengal,Murshidabad,General,Left–Congress alliance,2026
76,Jalangi,2,Ianus Ali Sarkar,Communist Party of India (Marxist),66921,247,67168,26.52,18,18,West Bengal,Murshidabad,General,Left–Congress alliance,2026
76,Jalangi,3,Naba Kumar Sarkar,Bharatiya Janata Party,51377,316,51693,20.41,18,18,West Bengal,Murshidabad,General,,2026
76,Jalangi,4,Babar Ali,All India Trinamool Congress,88318,366,88684,35.01,18,18,West Bengal,Murshidabad,General,,2026
76,Jalangi,5,Asadul Sk,Indian National League,720,1,721,0.28,18,18,West Bengal,Murshidabad,General,,2026
76,Jalangi,6,Enamul Haque,Socialist Unity Centre Of India (COMMUNIST),667,2,669,0.26,18,18,West Bengal,Murshidabad,General,,2026
76,Jalangi,7,Subir Kumar Sarkar,Amra Bangalee,982,1,983,0.39,18,18,West Bengal,Murshidabad,General,,2026
76,Jalangi,8,Habibur Rahaman,Aam Janata Unnayan party,4745,8,4753,1.88,18,18,West Bengal,Murshidabad,General,,2026
76,Jalangi,9,Md Hasim Biswas,Independent,858,2,860,0.34,18,18,West Bengal,Murshidabad,General,,2026
76,Jalangi,10,Nota,None of the Above,1330,15,1345,0.53,18,18,West Bengal,Murshidabad,General,,2026
77,Karimpur,1,Jitendranath Halder,Bahujan Samaj Party,722,6,728,0.3,23,23,West Bengal,Nadia,General,,2026
77,Karimpur,2,Pooja Parajita Roy Choudhury,Indian National Congress,10814,40,10854,4.51,23,23,West Bengal,Nadia,General,Left–Congress alliance,2026
77,Karimpur,3,Prabhas Majumdar,Communist Party of India (Marxist),19215,119,19334,8.03,23,23,West Bengal,Nadia,General,Left–Congress alliance,2026
77,Karimpur,4,Samarendranath Ghosh,Bharatiya Janata Party,104077,1157,105234,43.68,23,23,West Bengal,Nadia,General,,2026
77,Karimpur,5,Soham Chakraborty,All India Trinamool Congress,94378,671,95049,39.45,23,23,West Bengal,Nadia,General,,2026
77,Karimpur,6,Dhanapati Mondal,Socialist Unity Centre Of India (COMMUNIST),1823,0,1823,0.76,23,23,West Bengal,Nadia,General,,2026
77,Karimpur,7,Samsun Nahar Khatun Sekh,Aam Janata Unnayan party,5724,9,5733,2.38,23,23,West Bengal,Nadia,General,,2026
77,Karimpur,8,Samar Kumar Ghosh,Independent,518,8,526,0.22,23,23,West Bengal,Nadia,General,,2026
77,Karimpur,9,Subrata Das,Independent,491,4,495,0.21,23,23,West Bengal,Nadia,General,,2026
77,Karimpur,10,Nota,None of the Above,1129,11,1140,0.47,23,23,West Bengal,Nadia,General,,2026
78,Tehatta,1,Arabinda Biswas,Bahujan Samaj Party,589,10,599,0.26,23,23,West Bengal,Nadia,General,,2026
78,Tehatta,2,Jyotirmoy Sarkar,Indian National Congress,2360,23,2383,1.02,23,23,West Bengal,Nadia,General,Left–Congress alliance,2026
78,Tehatta,3,Dilip Kumar Poddar,All India Trinamool Congress,83140,745,83885,35.91,23,23,West Bengal,Nadia,General,,2026
78,Tehatta,4,Subodh Chandra Biswas,Communist Party of India (Marxist),25418,211,25629,10.97,23,23,West Bengal,Nadia,General,Left–Congress alliance,2026
78,Tehatta,5,Subrata Kabiraj,Bharatiya Janata Party,110737,1401,112138,48.01,23,23,West Bengal,Nadia,General,,2026
78,Tehatta,6,Jamat Ali Mandal,Aam Janata Unnayan party,5117,17,5134,2.2,23,23,West Bengal,Nadia,General,,2026
78,Tehatta,7,Najbul Ansary,Socialist Unity Centre Of India (COMMUNIST),896,2,898,0.38,23,23,West Bengal,Nadia,General,,2026
78,Tehatta,8,Milan Sarkar,Independent,390,0,390,0.17,23,23,West Bengal,Nadia,General,,2026
78,Tehatta,9,Judhisthir Sarkar,Independent,1029,3,1032,0.44,23,23,West Bengal,Nadia,General,,2026
78,Tehatta,10,Samar Kumar Biswas,Independent,578,0,578,0.25,23,23,West Bengal,Nadia,General,,2026
78,Tehatta,11,Nota,None of the Above,904,18,922,0.39,23,23,West Bengal,Nadia,General,,2026
79,Palashipara,1,Anima Dutta,Bharatiya Janata Party,77187,600,77787,36.24,22,22,West Bengal,Nadia,General,,2026
79,Palashipara,2,Fajlur Rahaman Sekh,Bahujan Samaj Party,1039,6,1045,0.49,22,22,West Bengal,Nadia,General,,2026
79,Palashipara,3,Rukbanur Rahman,All India Trinamool Congress,88648,593,89241,41.58,22,22,West Bengal,Nadia,General,,2026
79,Palashipara,4,Hamidul Haque,Indian National Congress,2988,33,3021,1.41,22,22,West Bengal,Nadia,General,Left–Congress alliance,2026
79,Palashipara,5,Anarul Haque Sk,Socialist Unity Centre Of India (COMMUNIST),2212,12,2224,1.04,22,22,West Bengal,Nadia,General,,2026
79,Palashipara,6,Md Samsur Ali Mallick,All India Secular Front,34435,149,34584,16.11,22,22,West Bengal,Nadia,General,,2026
79,Palashipara,7,Swapan Mondal,Amra Bangalee,745,2,747,0.35,22,22,West Bengal,Nadia,General,,2026
79,Palashipara,8,Haydar Ali Mondal,Aam Janata Unnayan party,3394,5,3399,1.58,22,22,West Bengal,Nadia,General,,2026
79,Palashipara,9,Abdur Rouf,Independent,552,2,554,0.26,22,22,West Bengal,Nadia,General,,2026
79,Palashipara,10,Nota,None of the Above,2039,9,2048,0.95,22,22,West Bengal,Nadia,General,,2026
80,Kaliganj,1,Alifa Ahmed,All India Trinamool Congress,88457,835,89292,40.77,16,16,West Bengal,Nadia,General,,2026
80,Kaliganj,2,Bapan Ghosh,Bharatiya Janata Party,78358,762,79120,36.12,16,16,West Bengal,Nadia,General,,2026
80,Kaliganj,3,Sabina Iyasmin Sekh,Communist Party of India (Marxist),22660,146,22806,10.41,16,16,West Bengal,Nadia,General,Left–Congress alliance,2026
80,Kaliganj,4,Subrata Shekhar Biswas,Bahujan Samaj Party,539,8,547,0.25,16,16,West Bengal,Nadia,General,,2026
80,Kaliganj,5,Shaikh Kabil Uddin,Indian National Congress,4238,29,4267,1.95,16,16,West Bengal,Nadia,General,Left–Congress alliance,2026
80,Kaliganj,6,Arikh Akher,Indian Union Muslim League,1165,2,1167,0.53,16,16,West Bengal,Nadia,General,,2026
80,Kaliganj,7,Kechhabuddin Sekh,Aam Janata Unnayan party,16158,64,16222,7.41,16,16,West Bengal,Nadia,General,,2026
80,Kaliganj,8,Mohiuddin Mondal,Socialist Unity Centre Of India (COMMUNIST),1392,14,1406,0.64,16,16,West Bengal,Nadia,General,,2026
80,Kaliganj,9,Bapan Ghosh,Independent,557,4,561,0.26,16,16,West Bengal,Nadia,General,,2026
80,Kaliganj,10,Sumit Ghosh,Independent,1530,0,1530,0.7,16,16,West Bengal,Nadia,General,,2026
80,Kaliganj,11,Nota,None of the Above,2103,2,2105,0.96,16,16,West Bengal,Nadia,General,,2026
81,Nakashipara,1,Kallol Khan,All India Trinamool Congress,82691,582,83273,40.44,13,13,West Bengal,Nadia,General,,2026
81,Nakashipara,2,Tahir Sekh,Indian National Congress,3011,19,3030,1.47,13,13,West Bengal,Nadia,General,Left–Congress alliance,2026
81,Nakashipara,3,Bimal Roy,Bahujan Samaj Party,626,3,629,0.31,13,13,West Bengal,Nadia,General,,2026
81,Nakashipara,4,Santanu Dey,Bharatiya Janata Party,99387,1213,100600,48.85,13,13,West Bengal,Nadia,General,,2026
81,Nakashipara,5,Sukla Saha,Communist Party of India (Marxist),13619,84,13703,6.65,13,13,West Bengal,Nadia,General,Left–Congress alliance,2026
81,Nakashipara,6,Jebunnessa Munshi,Aam Janata Unnayan party,1273,3,1276,0.62,13,13,West Bengal,Nadia,General,,2026
81,Nakashipara,7,Masikur Rahaman Khan,Socialist Unity Centre Of India (COMMUNIST),841,3,844,0.41,13,13,West Bengal,Nadia,General,,2026
81,Nakashipara,8,Swadhin Choudhury,Independent,273,0,273,0.13,13,13,West Bengal,Nadia,General,,2026
81,Nakashipara,9,Haridas Dey,Independent,419,0,419,0.2,13,13,West Bengal,Nadia,General,,2026
81,Nakashipara,10,Nota,None of the Above,1865,8,1873,0.91,13,13,West Bengal,Nadia,General,,2026
82,Chapra,1,Asif Khan,Indian National Congress,1995,20,2015,0.96,14,14,West Bengal,Nadia,General,Left–Congress alliance,2026
82,Chapra,2,Jeber Sekh,All India Trinamool Congress,96231,854,97085,46.06,14,14,West Bengal,Nadia,General,,2026
82,Chapra,3,Sudhangshu Sarkar,Bahujan Samaj Party,1035,4,1039,0.49,14,14,West Bengal,Nadia,General,,2026
82,Chapra,4,Saikat Sarkar,Bharatiya Janata Party,65651,654,66305,31.46,14,14,West Bengal,Nadia,General,,2026
82,Chapra,5,Jakir Hossain Mondal,All India Secular Front,38220,217,38437,18.24,14,14,West Bengal,Nadia,General,,2026
82,Chapra,6,Mozammel Hossain Mondal (Bala),Socialist Unity Centre Of India (COMMUNIST),1013,3,1016,0.48,14,14,West Bengal,Nadia,General,,2026
82,Chapra,7,Sukla Saha (Mukta),Aam Janata Unnayan party,839,1,840,0.4,14,14,West Bengal,Nadia,General,,2026
82,Chapra,8,Utpal Ghosh,Independent,638,1,639,0.3,14,14,West Bengal,Nadia,General,,2026
82,Chapra,9,Shubhankar Rudra,Independent,1834,2,1836,0.87,14,14,West Bengal,Nadia,General,,2026
82,Chapra,10,Nota,None of the Above,1538,12,1550,0.74,14,14,West Bengal,Nadia,General,,2026
83,Krishnanagar Uttar,1,Adwaita Biswas,Communist Party of India (Marxist),8142,194,8336,4.13,14,14,West Bengal,Nadia,General,Left–Congress alliance,2026
83,Krishnanagar Uttar,2,Arghya Gon,Indian National Congress,1484,32,1516,0.75,14,14,West Bengal,Nadia,General,Left–Congress alliance,2026
83,Krishnanagar Uttar,3,Tarak Nath Chatterjee,Bharatiya Janata Party,131049,2162,133211,65.93,14,14,West Bengal,Nadia,General,,2026
83,Krishnanagar Uttar,4,Bidhan Halder,Bahujan Samaj Party,1354,4,1358,0.67,14,14,West Bengal,Nadia,General,,2026
83,Krishnanagar Uttar,5,Somnath Dutta,All India Trinamool Congress,54226,624,54850,27.15,14,14,West Bengal,Nadia,General,,2026
83,Krishnanagar Uttar,6,Joydip Chaudhuri,Socialist Unity Centre Of India (COMMUNIST),1280,4,1284,0.64,14,14,West Bengal,Nadia,General,,2026
83,Krishnanagar Uttar,7,Amitava Nandi,Independent,308,2,310,0.15,14,14,West Bengal,Nadia,General,,2026
83,Krishnanagar Uttar,8,Nota,None of the Above,1153,39,1192,0.59,14,14,West Bengal,Nadia,General,,2026
84,Nabadwip,1,Tapas Das,Bahujan Samaj Party,777,3,780,0.36,14,14,West Bengal,Nadia,General,,2026
84,Nabadwip,2,Pundarikakshya Saha,All India Trinamool Congress,86504,683,87187,39.96,14,14,West Bengal,Nadia,General,,2026
84,Nabadwip,3,Srutisekhar Goswami,Bharatiya Janata Party,107620,1011,108631,49.79,14,14,West Bengal,Nadia,General,,2026
84,Nabadwip,4,Samir Saha,Indian National Congress,1447,17,1464,0.67,14,14,West Bengal,Nadia,General,Left–Congress alliance,2026
84,Nabadwip,5,Swarnendu Sinha,Communist Party of India (Marxist),15473,139,15612,7.16,14,14,West Bengal,Nadia,General,Left–Congress alliance,2026
84,Nabadwip,6,Bappa Sk,Aam Janata Unnayan party,348,1,349,0.16,14,14,West Bengal,Nadia,General,,2026
84,Nabadwip,7,Nanigopal Debnath,Independent,224,0,224,0.1,14,14,West Bengal,Nadia,General,,2026
84,Nabadwip,8,Nitai Rarhi,Independent,428,5,433,0.2,14,14,West Bengal,Nadia,General,,2026
84,Nabadwip,9,Raghunath Das,Independent,1087,2,1089,0.5,14,14,West Bengal,Nadia,General,,2026
84,Nabadwip,10,Subhankar Haldar,Independent,1394,2,1396,0.64,14,14,West Bengal,Nadia,General,,2026
84,Nabadwip,11,Nota,None of the Above,999,17,1016,0.47,14,14,West Bengal,Nadia,General,,2026
85,Krishnanagar Dakshin,1,Abdur Rahim Shaikh,Indian National Congress,3187,32,3219,1.63,14,14,West Bengal,Nadia,General,Left–Congress alliance,2026
85,Krishnanagar Dakshin,2,Ujjal Biswas,All India Trinamool Congress,74332,729,75061,38.09,14,14,West Bengal,Nadia,General,,2026
85,Krishnanagar Dakshin,3,Sadhan Ghosh,Bharatiya Janata Party,101654,1208,102862,52.19,14,14,West Bengal,Nadia,General,,2026
85,Krishnanagar Dakshin,4,Susanta Kr Mondal,Bahujan Samaj Party,712,5,717,0.36,14,14,West Bengal,Nadia,General,,2026
85,Krishnanagar Dakshin,5,Prabir Dey,Socialist Unity Centre Of India (COMMUNIST),248,2,250,0.13,14,14,West Bengal,Nadia,General,,2026
85,Krishnanagar Dakshin,6,Labani Jangi,Communist Party of India (Marxist-Leninist) (Liberation),9371,97,9468,4.8,14,14,West Bengal,Nadia,General,,2026
85,Krishnanagar Dakshin,7,Ananda Modak,Independent,225,1,226,0.11,14,14,West Bengal,Nadia,General,,2026
85,Krishnanagar Dakshin,8,Ekramul Sekh,Independent,295,2,297,0.15,14,14,West Bengal,Nadia,General,,2026
85,Krishnanagar Dakshin,9,Keya Biswas,Independent,993,5,998,0.51,14,14,West Bengal,Nadia,General,,2026
85,Krishnanagar Dakshin,10,Bomkesh Ghosh,Independent,1359,0,1359,0.69,14,14,West Bengal,Nadia,General,,2026
85,Krishnanagar Dakshin,11,Sanju Ghosh,Independent,1507,1,1508,0.77,14,14,West Bengal,Nadia,General,,2026
85,Krishnanagar Dakshin,12,Nota,None of the Above,1097,22,1119,0.57,14,14,West Bengal,Nadia,General,,2026
86,Santipur,1,Alok Chatterjee,Indian National Congress,1341,24,1365,0.63,17,17,West Bengal,Nadia,General,Left–Congress alliance,2026
86,Santipur,2,Profulla Kumar Roy,Bahujan Samaj Party,558,8,566,0.26,17,17,West Bengal,Nadia,General,,2026
86,Santipur,3,Brajakishore Goswami,All India Trinamool Congress,71854,711,72565,33.76,17,17,West Bengal,Nadia,General,,2026
86,Santipur,4,Soumen Mahato,Communist Party of India (Marxist),11387,146,11533,5.36,17,17,West Bengal,Nadia,General,Left–Congress alliance,2026
86,Santipur,5,Swapan Kumar Das,Bharatiya Janata Party,116675,1266,117941,54.86,17,17,West Bengal,Nadia,General,,2026
86,Santipur,6,Abu Hena Mostafa Kamal,Aam Janata Unnayan party,609,1,610,0.28,17,17,West Bengal,Nadia,General,,2026
86,Santipur,7,Arindam Bhattacharya,Independent,7178,38,7216,3.36,17,17,West Bengal,Nadia,General,,2026
86,Santipur,8,Tuhin Indra,Independent,622,2,624,0.29,17,17,West Bengal,Nadia,General,,2026
86,Santipur,9,Shyamal Das,Independent,984,5,989,0.46,17,17,West Bengal,Nadia,General,,2026
86,Santipur,10,Sourav Biswas,Independent,632,2,634,0.29,17,17,West Bengal,Nadia,General,,2026
86,Santipur,11,Nota,None of the Above,904,26,930,0.43,17,17,West Bengal,Nadia,General,,2026
87,Ranaghat Uttar Paschim,1,Tapas Kumar Ghosh,All India Trinamool Congress,70878,617,71495,32.93,16,16,West Bengal,Nadia,General,,2026
87,Ranaghat Uttar Paschim,2,Debasish Chakraborty(Debu),Communist Party of India (Marxist),10123,157,10280,4.73,16,16,West Bengal,Nadia,General,Left–Congress alliance,2026
87,Ranaghat Uttar Paschim,3,Nabakumar Mondal,Indian National Congress,1578,32,1610,0.74,16,16,West Bengal,Nadia,General,Left–Congress alliance,2026
87,Ranaghat Uttar Paschim,4,Partha Sarathi Chatterjee(Babu),Bharatiya Janata Party,127605,1441,129046,59.43,16,16,West Bengal,Nadia,General,,2026
87,Ranaghat Uttar Paschim,5,Sanjay Mistry,Bahujan Samaj Party,660,5,665,0.31,16,16,West Bengal,Nadia,General,,2026
87,Ranaghat Uttar Paschim,6,Aparna Guha,Socialist Unity Centre Of India (COMMUNIST),267,2,269,0.12,16,16,West Bengal,Nadia,General,,2026
87,Ranaghat Uttar Paschim,7,Gopal Biswas,Independent,404,4,408,0.19,16,16,West Bengal,Nadia,General,,2026
87,Ranaghat Uttar Paschim,8,Pradip Sarkar,Independent,747,3,750,0.35,16,16,West Bengal,Nadia,General,,2026
87,Ranaghat Uttar Paschim,9,Bhabadeb Biswas,Independent,395,1,396,0.18,16,16,West Bengal,Nadia,General,,2026
87,Ranaghat Uttar Paschim,10,Shubhankar Das,Independent,371,3,374,0.17,16,16,West Bengal,Nadia,General,,2026
87,Ranaghat Uttar Paschim,11,Nota,None of the Above,1822,20,1842,0.85,16,16,West Bengal,Nadia,General,,2026
88,Krishnaganj,1,Archana Biswas,Communist Party of India (Marxist),6706,127,6833,2.94,15,15,West Bengal,Nadia,SC,Left–Congress alliance,2026
88,Krishnaganj,2,Dulal Biswas,Bahujan Samaj Party,513,10,523,0.22,15,15,West Bengal,Nadia,SC,,2026
88,Krishnaganj,3,Sankar Sarkar,Indian National Congress,1066,19,1085,0.47,15,15,West Bengal,Nadia,SC,Left–Congress alliance,2026
88,Krishnaganj,4,Samir Kumar Poddar,All India Trinamool Congress,78123,816,78939,33.96,15,15,West Bengal,Nadia,SC,,2026
88,Krishnaganj,5,Sukanta Biswas,Bharatiya Janata Party,138007,1831,139838,60.15,15,15,West Bengal,Nadia,SC,,2026
88,Krishnaganj,6,Asit Baran Biswas,Socialist Unity Centre Of India (COMMUNIST),560,1,561,0.24,15,15,West Bengal,Nadia,SC,,2026
88,Krishnaganj,7,Santosh Kumar Adhikary,Guruchand Sena Dal,585,1,586,0.25,15,15,West Bengal,Nadia,SC,,2026
88,Krishnaganj,8,Animesh Biswas,Independent,456,2,458,0.2,15,15,West Bengal,Nadia,SC,,2026
88,Krishnaganj,9,Chaina Biswas Bala,Independent,908,2,910,0.39,15,15,West Bengal,Nadia,SC,,2026
88,Krishnaganj,10,Milan Kumar Mandal,Independent,1228,1,1229,0.53,15,15,West Bengal,Nadia,SC,,2026
88,Krishnaganj,11,Rathin Barai,Independent,212,7,219,0.09,15,15,West Bengal,Nadia,SC,,2026
88,Krishnaganj,12,Subir Biswas,Independent,359,4,363,0.16,15,15,West Bengal,Nadia,SC,,2026
88,Krishnaganj,13,Nota,None of the Above,902,21,923,0.4,15,15,West Bengal,Nadia,SC,,2026
89,Ranaghat Uttar Purba,1,Ashim Biswas,Bharatiya Janata Party,124539,1696,126235,59.71,17,17,West Bengal,Nadia,SC,,2026
89,Ranaghat Uttar Purba,2,Nitya Gopal Mondal,Indian National Congress,936,26,962,0.46,17,17,West Bengal,Nadia,SC,Left–Congress alliance,2026
89,Ranaghat Uttar Purba,3,Barnali Dey Roy,All India Trinamool Congress,73811,681,74492,35.24,17,17,West Bengal,Nadia,SC,,2026
89,Ranaghat Uttar Purba,4,Bindu Biswas,Bahujan Samaj Party,950,26,976,0.46,17,17,West Bengal,Nadia,SC,,2026
89,Ranaghat Uttar Purba,5,Mrinal Biswas (Mini),Communist Party of India (Marxist),4612,101,4713,2.23,17,17,West Bengal,Nadia,SC,Left–Congress alliance,2026
89,Ranaghat Uttar Purba,6,Jagadish Mandal (Jogo),Socialist Unity Centre Of India (COMMUNIST),148,2,150,0.07,17,17,West Bengal,Nadia,SC,,2026
89,Ranaghat Uttar Purba,7,Asim Biswas,Independent,155,4,159,0.08,17,17,West Bengal,Nadia,SC,,2026
89,Ranaghat Uttar Purba,8,Asim Biswas,Independent,192,0,192,0.09,17,17,West Bengal,Nadia,SC,,2026
89,Ranaghat Uttar Purba,9,Gobinda Podder,Independent,243,4,247,0.12,17,17,West Bengal,Nadia,SC,,2026
89,Ranaghat Uttar Purba,10,Barnali Biswas,Independent,1167,0,1167,0.55,17,17,West Bengal,Nadia,SC,,2026
89,Ranaghat Uttar Purba,11,Madhab Das,Independent,324,0,324,0.15,17,17,West Bengal,Nadia,SC,,2026
89,Ranaghat Uttar Purba,12,Nota,None of the Above,1747,32,1779,0.84,17,17,West Bengal,Nadia,SC,,2026
90,Ranaghat Dakshin,1,Arindam Biswas,Communist Party of India (Marxist),10566,148,10714,4.6,17,17,West Bengal,Nadia,SC,Left–Congress alliance,2026
90,Ranaghat Dakshin,2,Ashim Kumar Biswas,Bharatiya Janata Party,138655,1355,140010,60.17,17,17,West Bengal,Nadia,SC,,2026
90,Ranaghat Dakshin,3,Birendranath Podder,Bahujan Samaj Party,1162,19,1181,0.51,17,17,West Bengal,Nadia,SC,,2026
90,Ranaghat Dakshin,4,Rita Paul Das,Indian National Congress,2046,21,2067,0.89,17,17,West Bengal,Nadia,SC,Left–Congress alliance,2026
90,Ranaghat Dakshin,5,Sougata Kumar Burman,All India Trinamool Congress,75069,477,75546,32.47,17,17,West Bengal,Nadia,SC,,2026
90,Ranaghat Dakshin,6,Nani Gopal Mistry,Socialist Unity Centre Of India (COMMUNIST),701,2,703,0.3,17,17,West Bengal,Nadia,SC,,2026
90,Ranaghat Dakshin,7,Manmatha Biswas,Independent,473,0,473,0.2,17,17,West Bengal,Nadia,SC,,2026
90,Ranaghat Dakshin,8,Subham Mondal,Independent,766,2,768,0.33,17,17,West Bengal,Nadia,SC,,2026
90,Ranaghat Dakshin,9,Nota,None of the Above,1196,27,1223,0.53,17,17,West Bengal,Nadia,SC,,2026
91,Chakdaha,1,Narayan Das Gupta,Communist Party of India (Marxist),10881,205,11086,5.26,22,22,West Bengal,Nadia,General,Left–Congress alliance,2026
91,Chakdaha,2,Bankim Chandra Ghosh,Bharatiya Janata Party,113946,1487,115433,54.78,22,22,West Bengal,Nadia,General,,2026
91,Chakdaha,3,Malay Saha,Indian National Congress,1486,18,1504,0.71,22,22,West Bengal,Nadia,General,Left–Congress alliance,2026
91,Chakdaha,4,Subhankar Singha (Jishu),All India Trinamool Congress,77690,798,78488,37.25,22,22,West Bengal,Nadia,General,,2026
91,Chakdaha,5,Archana Bhattacharjee,Socialist Unity Centre Of India (COMMUNIST),531,1,532,0.25,22,22,West Bengal,Nadia,General,,2026
91,Chakdaha,6,Gopal Chandra Sil,Rashtriya Lok Janshakti Party,288,1,289,0.14,22,22,West Bengal,Nadia,General,,2026
91,Chakdaha,7,Bidhan Ghosh,Bharatiya Nyay-Adhikar Raksha Party,349,1,350,0.17,22,22,West Bengal,Nadia,General,,2026
91,Chakdaha,8,Uttam Kumar Das,Independent,946,5,951,0.45,22,22,West Bengal,Nadia,General,,2026
91,Chakdaha,9,Sharma Bappa,Independent,322,0,322,0.15,22,22,West Bengal,Nadia,General,,2026
91,Chakdaha,10,Saumajyoti Mukherjee,Independent,652,3,655,0.31,22,22,West Bengal,Nadia,General,,2026
91,Chakdaha,11,Nota,None of the Above,1094,16,1110,0.53,22,22,West Bengal,Nadia,General,,2026
92,Kalyani,1,Dr. Atindra Nath Mondal,All India Trinamool Congress,79160,517,79677,36.97,23,23,West Bengal,Nadia,SC,,2026
92,Kalyani,2,Anupam Biswas,Bharatiya Janata Party,113368,1101,114469,53.12,23,23,West Bengal,Nadia,SC,,2026
92,Kalyani,3,Asimananda Majumder,Indian National Congress,1436,17,1453,0.67,23,23,West Bengal,Nadia,SC,Left–Congress alliance,2026
92,Kalyani,4,Ramkrishna Barai,Bahujan Samaj Party,680,12,692,0.32,23,23,West Bengal,Nadia,SC,,2026
92,Kalyani,5,Sabuj Das,Communist Party of India (Marxist),14799,238,15037,6.98,23,23,West Bengal,Nadia,SC,Left–Congress alliance,2026
92,Kalyani,6,Prankrishna Biswas (Babu),Socialist Unity Centre Of India (COMMUNIST),266,1,267,0.12,23,23,West Bengal,Nadia,SC,,2026
92,Kalyani,7,Anupam Biswas,Independent,316,4,320,0.15,23,23,West Bengal,Nadia,SC,,2026
92,Kalyani,8,Pulak Adhikary,Independent,453,7,460,0.21,23,23,West Bengal,Nadia,SC,,2026
92,Kalyani,9,Bishwajit Das,Independent,336,2,338,0.16,23,23,West Bengal,Nadia,SC,,2026
92,Kalyani,10,Subrata Das,Independent,853,1,854,0.4,23,23,West Bengal,Nadia,SC,,2026
92,Kalyani,11,Nota,None of the Above,1924,15,1939,0.9,23,23,West Bengal,Nadia,SC,,2026
93,Haringhata,1,Asim Kumar Sarkar,Bharatiya Janata Party,106957,943,107900,50.72,22,22,West Bengal,Nadia,SC,,2026
93,Haringhata,2,Biplab Biswas,Bahujan Samaj Party,700,2,702,0.33,22,22,West Bengal,Nadia,SC,,2026
93,Haringhata,3,Dr. Rajib Biswas.,All India Trinamool Congress,85379,466,85845,40.35,22,22,West Bengal,Nadia,SC,,2026
93,Haringhata,4,Swapan Kumar Sarkar,Communist Party of India (Marxist),12288,82,12370,5.81,22,22,West Bengal,Nadia,SC,Left–Congress alliance,2026
93,Haringhata,5,Himanti Das,Indian National Congress,1245,14,1259,0.59,22,22,West Bengal,Nadia,SC,Left–Congress alliance,2026
93,Haringhata,6,Amit Sarkar,Rashtriya Lok Janshakti Party,173,1,174,0.08,22,22,West Bengal,Nadia,SC,,2026
93,Haringhata,7,Biplab Chandra Das,Socialist Unity Centre Of India (COMMUNIST),225,1,226,0.11,22,22,West Bengal,Nadia,SC,,2026
93,Haringhata,8,Swapan Kumar Roy,Party for Democratic Socialism,181,2,183,0.09,22,22,West Bengal,Nadia,SC,,2026
93,Haringhata,9,Amal Sarkar,Independent,593,0,593,0.28,22,22,West Bengal,Nadia,SC,,2026
93,Haringhata,10,Bijay Majumdar,Independent,1463,1,1464,0.69,22,22,West Bengal,Nadia,SC,,2026
93,Haringhata,11,Rupam Mondal,Independent,465,0,465,0.22,22,22,West Bengal,Nadia,SC,,2026
93,Haringhata,12,Nota,None of the Above,1556,19,1575,0.74,22,22,West Bengal,Nadia,SC,,2026
94,Bagda,1,Kirttaniya Prabir (Bapi),Indian National Congress,836,11,847,0.39,23,23,West Bengal,North 24 Parganas,SC,Left–Congress alliance,2026
94,Bagda,2,Goutam Malo,Bahujan Samaj Party,553,12,565,0.26,23,23,West Bengal,North 24 Parganas,SC,,2026
94,Bagda,3,Gour Biswas,All India Forward Bloc,4637,63,4700,2.16,23,23,West Bengal,North 24 Parganas,SC,Left–Congress alliance,2026
94,Bagda,4,Madhuparna Thakur,All India Trinamool Congress,86188,503,86691,39.91,23,23,West Bengal,North 24 Parganas,SC,,2026
94,Bagda,5,Soma Thakur,Bharatiya Janata Party,120426,881,121307,55.84,23,23,West Bengal,North 24 Parganas,SC,,2026
94,Bagda,6,Swapan Mondal,Socialist Unity Centre Of India (COMMUNIST),473,2,475,0.22,23,23,West Bengal,North 24 Parganas,SC,,2026
94,Bagda,7,Kalipada Biswas,Independent,625,2,627,0.29,23,23,West Bengal,North 24 Parganas,SC,,2026
94,Bagda,8,Tushar Kanti Halder,Independent,569,2,571,0.26,23,23,West Bengal,North 24 Parganas,SC,,2026
94,Bagda,9,Dulal Chandra Bar,Independent,443,8,451,0.21,23,23,West Bengal,North 24 Parganas,SC,,2026
94,Bagda,10,Manik Bagchi,Independent,267,4,271,0.12,23,23,West Bengal,North 24 Parganas,SC,,2026
94,Bagda,11,Nota,None of the Above,703,15,718,0.33,23,23,West Bengal,North 24 Parganas,SC,,2026
95,Bangaon Uttar,1,Ashok Kirtania,Bharatiya Janata Party,117955,1362,119317,56.46,21,21,West Bengal,North 24 Parganas,SC,,2026
95,Bangaon Uttar,2,Nilanjan Saha (Bapi),Indian National Congress,906,20,926,0.44,21,21,West Bengal,North 24 Parganas,SC,Left–Congress alliance,2026
95,Bangaon Uttar,3,Pijush Kanti Saha,Communist Party of India (Marxist),8429,125,8554,4.05,21,21,West Bengal,North 24 Parganas,SC,Left–Congress alliance,2026
95,Bangaon Uttar,4,Biswajit Das,All India Trinamool Congress,78116,531,78647,37.21,21,21,West Bengal,North 24 Parganas,SC,,2026
95,Bangaon Uttar,5,Subrata Biswas,Bahujan Samaj Party,626,2,628,0.3,21,21,West Bengal,North 24 Parganas,SC,,2026
95,Bangaon Uttar,6,Ananda Biswas,Amra Bangalee,152,1,153,0.07,21,21,West Bengal,North 24 Parganas,SC,,2026
95,Bangaon Uttar,7,Shyamsundar Haldar,Socialist Unity Centre Of India (COMMUNIST),147,3,150,0.07,21,21,West Bengal,North 24 Parganas,SC,,2026
95,Bangaon Uttar,8,Ashok Kumar Roy,Independent,140,5,145,0.07,21,21,West Bengal,North 24 Parganas,SC,,2026
95,Bangaon Uttar,9,Dipak Haldar,Independent,164,1,165,0.08,21,21,West Bengal,North 24 Parganas,SC,,2026
95,Bangaon Uttar,10,Biswajit Das,Independent,702,1,703,0.33,21,21,West Bengal,North 24 Parganas,SC,,2026
95,Bangaon Uttar,11,Subhasis Biswas,Independent,221,2,223,0.11,21,21,West Bengal,North 24 Parganas,SC,,2026
95,Bangaon Uttar,12,Sudhansu Sekhar Biswas,Independent,233,0,233,0.11,21,21,West Bengal,North 24 Parganas,SC,,2026
95,Bangaon Uttar,13,Nota,None of the Above,1468,32,1500,0.71,21,21,West Bengal,North 24 Parganas,SC,,2026
96,Bangaon Dakshin,1,Asish Kumar Sarkar,Communist Party of India (Marxist),6116,81,6197,2.92,21,21,West Bengal,North 24 Parganas,SC,Left–Congress alliance,2026
96,Bangaon Dakshin,2,Rituparna Addhya,All India Trinamool Congress,81150,435,81585,38.45,21,21,West Bengal,North 24 Parganas,SC,,2026
96,Bangaon Dakshin,3,Kisor Kumar Biswas,Indian National Congress,816,4,820,0.39,21,21,West Bengal,North 24 Parganas,SC,Left–Congress alliance,2026
96,Bangaon Dakshin,4,Santosh Kumar Sikdar,Bahujan Samaj Party,657,5,662,0.31,21,21,West Bengal,North 24 Parganas,SC,,2026
96,Bangaon Dakshin,5,Swapan Majumder,Bharatiya Janata Party,118372,1027,119399,56.27,21,21,West Bengal,North 24 Parganas,SC,,2026
96,Bangaon Dakshin,6,Rabindra Nath Barai,Socialist Unity Centre Of India (COMMUNIST),387,1,388,0.18,21,21,West Bengal,North 24 Parganas,SC,,2026
96,Bangaon Dakshin,7,Kalyani Mondal,Independent,177,1,178,0.08,21,21,West Bengal,North 24 Parganas,SC,,2026
96,Bangaon Dakshin,8,Pabitra Roy,Independent,662,1,663,0.31,21,21,West Bengal,North 24 Parganas,SC,,2026
96,Bangaon Dakshin,9,Biplab Tikadar,Independent,149,0,149,0.07,21,21,West Bengal,North 24 Parganas,SC,,2026
96,Bangaon Dakshin,10,Shefali Bain,Independent,238,0,238,0.11,21,21,West Bengal,North 24 Parganas,SC,,2026
96,Bangaon Dakshin,11,Swapan Majumder,Independent,980,0,980,0.46,21,21,West Bengal,North 24 Parganas,SC,,2026
96,Bangaon Dakshin,12,Nota,None of the Above,914,18,932,0.44,21,21,West Bengal,North 24 Parganas,SC,,2026
97,Gaighata,1,Anil Kumar Pandey,Indian National Congress,1083,14,1097,0.52,20,20,West Bengal,North 24 Parganas,SC,Left–Congress alliance,2026
97,Gaighata,2,Narottam Biswas,All India Trinamool Congress,73061,578,73639,35.2,20,20,West Bengal,North 24 Parganas,SC,,2026
97,Gaighata,3,Sabyasachi Biswas,Bahujan Samaj Party,915,8,923,0.44,20,20,West Bengal,North 24 Parganas,SC,,2026
97,Gaighata,4,Subrata Thakur,Bharatiya Janata Party,120123,1199,121322,57.99,20,20,West Bengal,North 24 Parganas,SC,,2026
97,Gaighata,5,Shibani Majumdar,Socialist Unity Centre Of India (COMMUNIST),528,3,531,0.25,20,20,West Bengal,North 24 Parganas,SC,,2026
97,Gaighata,6,Sajal Biswas,Communist Party of India,8884,119,9003,4.3,20,20,West Bengal,North 24 Parganas,SC,Left–Congress alliance,2026
97,Gaighata,7,Chandan Roy,Independent,166,0,166,0.08,20,20,West Bengal,North 24 Parganas,SC,,2026
97,Gaighata,8,Tapan Biswas,Independent,154,1,155,0.07,20,20,West Bengal,North 24 Parganas,SC,,2026
97,Gaighata,9,Shiddhartha Samadder,Independent,414,1,415,0.2,20,20,West Bengal,North 24 Parganas,SC,,2026
97,Gaighata,10,Sudhir Mondal,Independent,201,2,203,0.1,20,20,West Bengal,North 24 Parganas,SC,,2026
97,Gaighata,11,Subrata Adhikary,Independent,753,0,753,0.36,20,20,West Bengal,North 24 Parganas,SC,,2026
97,Gaighata,12,Nota,None of the Above,970,24,994,0.48,20,20,West Bengal,North 24 Parganas,SC,,2026
98,Swarupnagar,1,Tarak Saha,Bharatiya Janata Party,78010,786,78796,36.13,16,16,West Bengal,North 24 Parganas,SC,,2026
98,Swarupnagar,2,Biswajit Mondal,Communist Party of India (Marxist),38214,195,38409,17.61,16,16,West Bengal,North 24 Parganas,SC,Left–Congress alliance,2026
98,Swarupnagar,3,Bina Mondal,All India Trinamool Congress,94147,666,94813,43.47,16,16,West Bengal,North 24 Parganas,SC,,2026
98,Swarupnagar,4,Ritesh Mondal,Indian National Congress,2362,22,2384,1.09,16,16,West Bengal,North 24 Parganas,SC,Left–Congress alliance,2026
98,Swarupnagar,5,Debabrata Biswas,Socialist Unity Centre Of India (COMMUNIST),346,1,347,0.16,16,16,West Bengal,North 24 Parganas,SC,,2026
98,Swarupnagar,6,Tarak Chandra Sarkar,Independent,258,3,261,0.12,16,16,West Bengal,North 24 Parganas,SC,,2026
98,Swarupnagar,7,Bidyut Mondal,Independent,1269,2,1271,0.58,16,16,West Bengal,North 24 Parganas,SC,,2026
98,Swarupnagar,8,Bina Mondal,Independent,606,3,609,0.28,16,16,West Bengal,North 24 Parganas,SC,,2026
98,Swarupnagar,9,Nota,None of the Above,1225,5,1230,0.56,16,16,West Bengal,North 24 Parganas,SC,,2026
99,Baduria,1,Abdur Rahim Quazi,Indian National Congress,3612,39,3651,1.61,21,21,West Bengal,North 24 Parganas,General,Left–Congress alliance,2026
99,Baduria,2,Gopal Das,Bahujan Samaj Party,557,1,558,0.25,21,21,West Bengal,North 24 Parganas,General,,2026
99,Baduria,3,Burhanul Mukaddim (Liton),All India Trinamool Congress,102675,659,103334,45.45,21,21,West Bengal,North 24 Parganas,General,,2026
99,Baduria,4,Sukriti Kumar Sarkar,Bharatiya Janata Party,62658,615,63273,27.83,21,21,West Bengal,North 24 Parganas,General,,2026
99,Baduria,5,Ibrahim Molla,Aam Janata Unnayan party,528,2,530,0.23,21,21,West Bengal,North 24 Parganas,General,,2026
99,Baduria,6,Md. Kutubuddin Fatehe,All India Secular Front,49573,127,49700,21.86,21,21,West Bengal,North 24 Parganas,General,,2026
99,Baduria,7,Nitaikrishna Pal,Socialist Unity Centre Of India (COMMUNIST),317,4,321,0.14,21,21,West Bengal,North 24 Parganas,General,,2026
99,Baduria,8,Safikul Islam Dafadar,Vikas India Party,256,0,256,0.11,21,21,West Bengal,North 24 Parganas,General,,2026
99,Baduria,9,Abdul Hannan Sardar,Independent,835,0,835,0.37,21,21,West Bengal,North 24 Parganas,General,,2026
99,Baduria,10,Ali Arshaf,Independent,477,4,481,0.21,21,21,West Bengal,North 24 Parganas,General,,2026
99,Baduria,11,Qutubuddin Ahmed,Independent,1175,1,1176,0.52,21,21,West Bengal,North 24 Parganas,General,,2026
99,Baduria,12,Bedora Bibi,Independent,1210,1,1211,0.53,21,21,West Bengal,North 24 Parganas,General,,2026
99,Baduria,13,Souptik Mondal,Independent,652,0,652,0.29,21,21,West Bengal,North 24 Parganas,General,,2026
99,Baduria,14,Nota,None of the Above,1370,17,1387,0.61,21,21,West Bengal,North 24 Parganas,General,,2026
100,Habra,1,Rijinandan Biswas,Communist Party of India (Marxist),15122,115,15237,7.67,19,19,West Bengal,North 24 Parganas,General,Left–Congress alliance,2026
100,Habra,2,Kamalendu Bala,Bahujan Samaj Party,527,13,540,0.27,19,19,West Bengal,North 24 Parganas,General,,2026
100,Habra,3,Jyoti Priya Mallick,All India Trinamool Congress,72662,521,73183,36.82,19,19,West Bengal,North 24 Parganas,General,,2026
100,Habra,4,Debdas Mondal,Bharatiya Janata Party,103750,895,104645,52.66,19,19,West Bengal,North 24 Parganas,General,,2026
100,Habra,5,Pronob Bhattacharyya,Indian National Congress,1133,12,1145,0.58,19,19,West Bengal,North 24 Parganas,General,Left–Congress alliance,2026
100,Habra,6,Asik Raj Mondal,All India Majlis-E-Ittehadul Muslimeen,303,3,306,0.15,19,19,West Bengal,North 24 Parganas,General,,2026
100,Habra,7,Kabir Rana,Aam Janata Unnayan party,70,1,71,0.04,19,19,West Bengal,North 24 Parganas,General,,2026
100,Habra,8,Probodh Kumar Sarkar,Socialist Unity Centre Of India (COMMUNIST),255,6,261,0.13,19,19,West Bengal,North 24 Parganas,General,,2026
100,Habra,9,Apu Mallick,Independent,109,0,109,0.05,19,19,West Bengal,North 24 Parganas,General,,2026
100,Habra,10,Debdas Mondal,Independent,275,7,282,0.14,19,19,West Bengal,North 24 Parganas,General,,2026
100,Habra,11,Debabrata Das,Independent,885,0,885,0.45,19,19,West Bengal,North 24 Parganas,General,,2026
100,Habra,12,Shafique Ali,Independent,716,0,716,0.36,19,19,West Bengal,North 24 Parganas,General,,2026
100,Habra,13,Sariful Molla,Independent,369,0,369,0.19,19,19,West Bengal,North 24 Parganas,General,,2026
100,Habra,14,Nota,None of the Above,967,21,988,0.5,19,19,West Bengal,North 24 Parganas,General,,2026
101,Ashoknagar,1,Angshuman Roy,Indian National Congress,1402,15,1417,0.64,21,21,West Bengal,North 24 Parganas,General,Left–Congress alliance,2026
101,Ashoknagar,2,Tarakeswar Hawlader,Bahujan Samaj Party,654,4,658,0.3,21,21,West Bengal,North 24 Parganas,General,,2026
101,Ashoknagar,3,Narayan Goswami,All India Trinamool Congress,86774,625,87399,39.77,21,21,West Bengal,North 24 Parganas,General,,2026
101,Ashoknagar,4,Dr. Sumay Hira,Bharatiya Janata Party,95941,866,96807,44.05,21,21,West Bengal,North 24 Parganas,General,,2026
101,Ashoknagar,5,Tapas Banerjee,All India Secular Front,29353,140,29493,13.42,21,21,West Bengal,North 24 Parganas,General,,2026
101,Ashoknagar,6,Tarak Das,Socialist Unity Centre Of India (COMMUNIST),624,4,628,0.29,21,21,West Bengal,North 24 Parganas,General,,2026
101,Ashoknagar,7,Shikha Ghosh,Aam Janata Unnayan party,606,4,610,0.28,21,21,West Bengal,North 24 Parganas,General,,2026
101,Ashoknagar,8,Tapas Banerjee,Independent,1278,7,1285,0.58,21,21,West Bengal,North 24 Parganas,General,,2026
101,Ashoknagar,9,Tapas Sardar,Independent,293,6,299,0.14,21,21,West Bengal,North 24 Parganas,General,,2026
101,Ashoknagar,10,Nota,None of the Above,1136,25,1161,0.53,21,21,West Bengal,North 24 Parganas,General,,2026
102,Amdanga,1,Arindam Dey,Bharatiya Janata Party,78133,542,78675,36.85,20,20,West Bengal,North 24 Parganas,General,,2026
102,Amdanga,2,Mohammad Kasem Siddique,All India Trinamool Congress,81318,352,81670,38.25,20,20,West Bengal,North 24 Parganas,General,,2026
102,Amdanga,3,Gopal Ghosh,Indian National Congress,1142,16,1158,0.54,20,20,West Bengal,North 24 Parganas,General,Left–Congress alliance,2026
102,Amdanga,4,Mouful Das,Bahujan Samaj Party,438,1,439,0.21,20,20,West Bengal,North 24 Parganas,General,,2026
102,Amdanga,5,Abdul Samad Gazi,Bharatiya Nyay-Adhikar Raksha Party,594,2,596,0.28,20,20,West Bengal,North 24 Parganas,General,,2026
102,Amdanga,6,Kamal Uddin,Socialist Unity Centre Of India (COMMUNIST),420,3,423,0.2,20,20,West Bengal,North 24 Parganas,General,,2026
102,Amdanga,7,Golam Md Nizamuddin,Aam Janata Unnayan party,434,2,436,0.2,20,20,West Bengal,North 24 Parganas,General,,2026
102,Amdanga,8,Biswajit Maity,All India Secular Front,46049,132,46181,21.63,20,20,West Bengal,North 24 Parganas,General,,2026
102,Amdanga,9,Haripada Biswas,Mulnibasi Party of India,389,2,391,0.18,20,20,West Bengal,North 24 Parganas,General,,2026
102,Amdanga,10,Alim Hossain Mondal,Independent,315,2,317,0.15,20,20,West Bengal,North 24 Parganas,General,,2026
102,Amdanga,11,Asadul,Independent,472,1,473,0.22,20,20,West Bengal,North 24 Parganas,General,,2026
102,Amdanga,12,S.Muktar Ahamed,Independent,1173,1,1174,0.55,20,20,West Bengal,North 24 Parganas,General,,2026
102,Amdanga,13,Nota,None of the Above,1560,9,1569,0.73,20,20,West Bengal,North 24 Parganas,General,,2026
103,Bijpur,1,Debasish Rakshit,Communist Party of India (Marxist),9875,134,10009,6.91,10,10,West Bengal,North 24 Parganas,General,Left–Congress alliance,2026
103,Bijpur,2,Sarat Chandra Biswas,Bahujan Samaj Party,279,8,287,0.2,10,10,West Bengal,North 24 Parganas,General,,2026
103,Bijpur,3,Shibabrata Guharoy,Indian National Congress,849,18,867,0.6,10,10,West Bengal,North 24 Parganas,General,Left–Congress alliance,2026
103,Bijpur,4,Sudipta Das,Bharatiya Janata Party,71130,669,71799,49.56,10,10,West Bengal,North 24 Parganas,General,,2026
103,Bijpur,5,Subodh Adhikary,All India Trinamool Congress,58103,353,58456,40.35,10,10,West Bengal,North 24 Parganas,General,,2026
103,Bijpur,6,Mohit Dubey,Aam Janata Unnayan party,299,0,299,0.21,10,10,West Bengal,North 24 Parganas,General,,2026
103,Bijpur,7,Sima Nandy,Socialist Unity Centre Of India (COMMUNIST),295,4,299,0.21,10,10,West Bengal,North 24 Parganas,General,,2026
103,Bijpur,8,Tuntun Yadav,Independent,117,0,117,0.08,10,10,West Bengal,North 24 Parganas,General,,2026
103,Bijpur,9,Prem Bansfore,Independent,171,3,174,0.12,10,10,West Bengal,North 24 Parganas,General,,2026
103,Bijpur,10,Premchand Mishra,Independent,756,0,756,0.52,10,10,West Bengal,North 24 Parganas,General,,2026
103,Bijpur,11,Sajal Karmakar,Independent,478,4,482,0.33,10,10,West Bengal,North 24 Parganas,General,,2026
103,Bijpur,12,Sudipta Chanda,Independent,355,3,358,0.25,10,10,West Bengal,North 24 Parganas,General,,2026
103,Bijpur,13,Subrota Roy,Independent,251,1,252,0.17,10,10,West Bengal,North 24 Parganas,General,,2026
103,Bijpur,14,Nota,None of the Above,715,16,731,0.5,10,10,West Bengal,North 24 Parganas,General,,2026
104,Naihati,1,Debjit Mukherjee,Bahujan Samaj Party,638,11,649,0.41,12,12,West Bengal,North 24 Parganas,General,,2026
104,Naihati,2,Pradip Kumar Kundu,Indian National Congress,1479,26,1505,0.95,12,12,West Bengal,North 24 Parganas,General,Left–Congress alliance,2026
104,Naihati,3,Sanat Dey,All India Trinamool Congress,66460,594,67054,42.53,12,12,West Bengal,North 24 Parganas,General,,2026
104,Naihati,4,Sumitro Chatterjee,Bharatiya Janata Party,76696,788,77484,49.15,12,12,West Bengal,North 24 Parganas,General,,2026
104,Naihati,5,Debajyoti Majumder,Communist Party of India (Marxist-Leninist) (Liberation),7603,124,7727,4.9,12,12,West Bengal,North 24 Parganas,General,,2026
104,Naihati,6,Sanjoy Roy,Socialist Unity Centre Of India (COMMUNIST),311,2,313,0.2,12,12,West Bengal,North 24 Parganas,General,,2026
104,Naihati,7,Dinesh Kumar Sharma,Independent,451,0,451,0.29,12,12,West Bengal,North 24 Parganas,General,,2026
104,Naihati,8,Mamoni Adhikari (Baidya),Independent,954,3,957,0.61,12,12,West Bengal,North 24 Parganas,General,,2026
104,Naihati,9,Milan Patra,Independent,337,0,337,0.21,12,12,West Bengal,North 24 Parganas,General,,2026
104,Naihati,10,Nota,None of the Above,1157,30,1187,0.75,12,12,West Bengal,North 24 Parganas,General,,2026
105,Bhatpara,1,Amit Gupta,All India Trinamool Congress,38702,174,38876,36.57,12,12,West Bengal,North 24 Parganas,General,,2026
105,Bhatpara,2,Ash Narayan Singh,Communist Party of India (Marxist),2925,44,2969,2.79,12,12,West Bengal,North 24 Parganas,General,Left–Congress alliance,2026
105,Bhatpara,3,Dharmendra Shaw,Indian National Congress,433,6,439,0.41,12,12,West Bengal,North 24 Parganas,General,Left–Congress alliance,2026
105,Bhatpara,4,Pawan Kumar Singh,Bharatiya Janata Party,61277,406,61683,58.02,12,12,West Bengal,North 24 Parganas,General,,2026
105,Bhatpara,5,Sadananda Rajak,Bahujan Samaj Party,396,1,397,0.37,12,12,West Bengal,North 24 Parganas,General,,2026
105,Bhatpara,6,Sujit Bose,Socialist Unity Centre Of India (COMMUNIST),245,1,246,0.23,12,12,West Bengal,North 24 Parganas,General,,2026
105,Bhatpara,7,Abdullah Khan Saheb,Independent,444,0,444,0.42,12,12,West Bengal,North 24 Parganas,General,,2026
105,Bhatpara,8,Gaurab Prasad,Independent,121,1,122,0.11,12,12,West Bengal,North 24 Parganas,General,,2026
105,Bhatpara,9,Pawan Kumar Singh,Independent,195,4,199,0.19,12,12,West Bengal,North 24 Parganas,General,,2026
105,Bhatpara,10,Nota,None of the Above,930,9,939,0.88,12,12,West Bengal,North 24 Parganas,General,,2026
106,Jagatdal,1,Kanika Patra,Bahujan Samaj Party,538,8,546,0.3,11,11,West Bengal,North 24 Parganas,General,,2026
106,Jagatdal,2,Parvez Ahmad Khan,All India Forward Bloc,8932,130,9062,4.95,11,11,West Bengal,North 24 Parganas,General,Left–Congress alliance,2026
106,Jagatdal,3,Mandira Chakraborty,Indian National Congress,1218,22,1240,0.68,11,11,West Bengal,North 24 Parganas,General,Left–Congress alliance,2026
106,Jagatdal,4,Dr. Rajesh Kumar,Bharatiya Janata Party,93541,810,94351,51.5,11,11,West Bengal,North 24 Parganas,General,,2026
106,Jagatdal,5,Somenath Shyam Ichini,All India Trinamool Congress,72958,484,73442,40.09,11,11,West Bengal,North 24 Parganas,General,,2026
106,Jagatdal,6,Pranab Chowdhury,Socialist Unity Centre Of India (COMMUNIST),508,3,511,0.28,11,11,West Bengal,North 24 Parganas,General,,2026
106,Jagatdal,7,Sheo Prasad Tiwari,Bharatiya Rashtriya Forward Bloc,219,0,219,0.12,11,11,West Bengal,North 24 Parganas,General,,2026
106,Jagatdal,8,Pramod Singh,Independent,158,0,158,0.09,11,11,West Bengal,North 24 Parganas,General,,2026
106,Jagatdal,9,Bula Adhikary,Independent,230,1,231,0.13,11,11,West Bengal,North 24 Parganas,General,,2026
106,Jagatdal,10,Rajesh Thakur,Independent,1042,3,1045,0.57,11,11,West Bengal,North 24 Parganas,General,,2026
106,Jagatdal,11,Sharmistha Das,Independent,700,1,701,0.38,11,11,West Bengal,North 24 Parganas,General,,2026
106,Jagatdal,12,Suvamay Pan,Independent,394,10,404,0.22,11,11,West Bengal,North 24 Parganas,General,,2026
106,Jagatdal,13,Somenath Mitra,Independent,311,0,311,0.17,11,11,West Bengal,North 24 Parganas,General,,2026
106,Jagatdal,14,Nota,None of the Above,943,29,972,0.53,11,11,West Bengal,North 24 Parganas,General,,2026
107,Noapara,1,Arjun Singh,Bharatiya Janata Party,93483,932,94415,48.37,14,14,West Bengal,North 24 Parganas,General,,2026
107,Noapara,2,Asoke Bhattacharya,Indian National Congress,1885,37,1922,0.98,14,14,West Bengal,North 24 Parganas,General,Left–Congress alliance,2026
107,Noapara,3,Gargi Chatterjee,Communist Party of India (Marxist),17394,302,17696,9.07,14,14,West Bengal,North 24 Parganas,General,Left–Congress alliance,2026
107,Noapara,4,Trinankur Bhattacharjee,All India Trinamool Congress,76112,647,76759,39.33,14,14,West Bengal,North 24 Parganas,General,,2026
107,Noapara,5,Mina Majumdar,Bahujan Samaj Party,571,9,580,0.3,14,14,West Bengal,North 24 Parganas,General,,2026
107,Noapara,6,Biplob Mitra,Aam Janata Unnayan party,121,1,122,0.06,14,14,West Bengal,North 24 Parganas,General,,2026
107,Noapara,7,Amit Kumar Shaw,Independent,109,1,110,0.06,14,14,West Bengal,North 24 Parganas,General,,2026
107,Noapara,8,Izaharul Haque,Independent,123,0,123,0.06,14,14,West Bengal,North 24 Parganas,General,,2026
107,Noapara,9,Jayanta Kumar Banerjee,Independent,120,1,121,0.06,14,14,West Bengal,North 24 Parganas,General,,2026
107,Noapara,10,Banti Rajak,Independent,125,0,125,0.06,14,14,West Bengal,North 24 Parganas,General,,2026
107,Noapara,11,Vikash Kumar Ram,Independent,118,0,118,0.06,14,14,West Bengal,North 24 Parganas,General,,2026
107,Noapara,12,Bishal Kumar Mandal,Independent,258,2,260,0.13,14,14,West Bengal,North 24 Parganas,General,,2026
107,Noapara,13,Maqsud Hasan,Independent,874,1,875,0.45,14,14,West Bengal,North 24 Parganas,General,,2026
107,Noapara,14,Supriyo Dey,Independent,358,0,358,0.18,14,14,West Bengal,North 24 Parganas,General,,2026
107,Noapara,15,Hriday Kant Pathak,Independent,221,0,221,0.11,14,14,West Bengal,North 24 Parganas,General,,2026
107,Noapara,16,Nota,None of the Above,1351,21,1372,0.7,14,14,West Bengal,North 24 Parganas,General,,2026
108,Barrackpur,1,Kaustuv Bagchi,Bharatiya Janata Party,77559,907,78466,50.65,15,15,West Bengal,North 24 Parganas,General,,2026
108,Barrackpur,2,Raj Chakraborty (Raju),All India Trinamool Congress,62093,551,62644,40.44,15,15,West Bengal,North 24 Parganas,General,,2026
108,Barrackpur,3,Sambhu Das,Indian National Congress,1166,36,1202,0.78,15,15,West Bengal,North 24 Parganas,General,Left–Congress alliance,2026
108,Barrackpur,4,Suman Ranjan Bandyopadhyay,Communist Party of India (Marxist),10011,186,10197,6.58,15,15,West Bengal,North 24 Parganas,General,Left–Congress alliance,2026
108,Barrackpur,5,Amal Kumar Sen,Socialist Unity Centre Of India (COMMUNIST),149,3,152,0.1,15,15,West Bengal,North 24 Parganas,General,,2026
108,Barrackpur,6,Zakir Hussain,Aam Janata Unnayan party,125,0,125,0.08,15,15,West Bengal,North 24 Parganas,General,,2026
108,Barrackpur,7,Rajdeep Roy,Independent,139,0,139,0.09,15,15,West Bengal,North 24 Parganas,General,,2026
108,Barrackpur,8,Samir Kundu,Independent,221,3,224,0.14,15,15,West Bengal,North 24 Parganas,General,,2026
108,Barrackpur,9,Saroj Sharma,Independent,572,0,572,0.37,15,15,West Bengal,North 24 Parganas,General,,2026
108,Barrackpur,10,Nota,None of the Above,1165,32,1197,0.77,15,15,West Bengal,North 24 Parganas,General,,2026
109,Khardaha,1,Kalyan Chakraborti,Bharatiya Janata Party,97053,699,97752,49.75,13,13,West Bengal,North 24 Parganas,General,,2026
109,Khardaha,2,Jaydeb Ghosh,Indian National Congress,1536,23,1559,0.79,13,13,West Bengal,North 24 Parganas,General,Left–Congress alliance,2026
109,Khardaha,3,Tapas Bar,Bahujan Samaj Party,480,8,488,0.25,13,13,West Bengal,North 24 Parganas,General,,2026
109,Khardaha,4,Debajyoti Das (Subho),Communist Party of India (Marxist),19666,152,19818,10.09,13,13,West Bengal,North 24 Parganas,General,Left–Congress alliance,2026
109,Khardaha,5,Devadeep Purohit,All India Trinamool Congress,72875,391,73266,37.28,13,13,West Bengal,North 24 Parganas,General,,2026
109,Khardaha,6,Dev Kumar Biswas,Hindu Samaj Party,404,0,404,0.21,13,13,West Bengal,North 24 Parganas,General,,2026
109,Khardaha,7,Nasim Khan,Aam Janata Unnayan party,163,0,163,0.08,13,13,West Bengal,North 24 Parganas,General,,2026
109,Khardaha,8,Nirmalya Sing,Bharatiya Nyay-Adhikar Raksha Party,177,3,180,0.09,13,13,West Bengal,North 24 Parganas,General,,2026
109,Khardaha,9,Amit Dutta,Independent,663,0,663,0.34,13,13,West Bengal,North 24 Parganas,General,,2026
109,Khardaha,10,Kalyanbrata Majumdar,Independent,225,0,225,0.11,13,13,West Bengal,North 24 Parganas,General,,2026
109,Khardaha,11,Palash Dutta,Independent,279,3,282,0.14,13,13,West Bengal,North 24 Parganas,General,,2026
109,Khardaha,12,Sanjib Biswas,Independent,389,0,389,0.2,13,13,West Bengal,North 24 Parganas,General,,2026
109,Khardaha,13,Nota,None of the Above,1299,17,1316,0.67,13,13,West Bengal,North 24 Parganas,General,,2026
110,Dum Dum Uttar,1,Chandrima Bhattacharya,All India Trinamool Congress,76433,447,76880,34.42,16,16,West Bengal,North 24 Parganas,General,,2026
110,Dum Dum Uttar,2,Dipsita Dhar,Communist Party of India (Marxist),38017,411,38428,17.21,16,16,West Bengal,North 24 Parganas,General,Left–Congress alliance,2026
110,Dum Dum Uttar,3,Dhananjay Maitra,Indian National Congress,1576,31,1607,0.72,16,16,West Bengal,North 24 Parganas,General,Left–Congress alliance,2026
110,Dum Dum Uttar,4,Satyabrata Majumder,Bahujan Samaj Party,582,5,587,0.26,16,16,West Bengal,North 24 Parganas,General,,2026
110,Dum Dum Uttar,5,Sourav Sikdar,Bharatiya Janata Party,102610,674,103284,46.24,16,16,West Bengal,North 24 Parganas,General,,2026
110,Dum Dum Uttar,6,Ruhul Amin Sardar,Aam Janata Unnayan party,320,5,325,0.15,16,16,West Bengal,North 24 Parganas,General,,2026
110,Dum Dum Uttar,7,Sanap Mondal,Bharatiya Nyay-Adhikar Raksha Party,164,1,165,0.07,16,16,West Bengal,North 24 Parganas,General,,2026
110,Dum Dum Uttar,8,Haripada Biswas,Mulnibasi Party of India,240,2,242,0.11,16,16,West Bengal,North 24 Parganas,General,,2026
110,Dum Dum Uttar,9,Pratap Baidya,Independent,355,1,356,0.16,16,16,West Bengal,North 24 Parganas,General,,2026
110,Dum Dum Uttar,10,Nota,None of the Above,1460,15,1475,0.66,16,16,West Bengal,North 24 Parganas,General,,2026
111,Panihati,1,Kalatan Dasgupta,Communist Party of India (Marxist),23757,275,24032,13.73,13,13,West Bengal,North 24 Parganas,General		,Left–Congress alliance,2026
111,Panihati,2,Tirthankar Ghosh,All India Trinamool Congress,58779,362,59141,33.8,13,13,West Bengal,North 24 Parganas,General		,,2026
111,Panihati,3,Ratna Debnath,Bharatiya Janata Party,87279,698,87977,50.28,13,13,West Bengal,North 24 Parganas,General		,,2026
111,Panihati,4,Subhashish Bhattacharya (Tata),Indian National Congress,1157,18,1175,0.67,13,13,West Bengal,North 24 Parganas,General		,Left–Congress alliance,2026
111,Panihati,5,Swaminath Kori,Bahujan Samaj Party,194,4,198,0.11,13,13,West Bengal,North 24 Parganas,General		,,2026
111,Panihati,6,Afsana Khatoon,Aam Janata Unnayan party,83,0,83,0.05,13,13,West Bengal,North 24 Parganas,General		,,2026
111,Panihati,7,Chandra Shekhar Chowdhuri,Socialist Unity Centre Of India (COMMUNIST),149,2,151,0.09,13,13,West Bengal,North 24 Parganas,General		,,2026
111,Panihati,8,Biswanath Dey,Independent,66,6,72,0.04,13,13,West Bengal,North 24 Parganas,General		,,2026
111,Panihati,9,Shekh Imanur Rahman,Independent,174,2,176,0.1,13,13,West Bengal,North 24 Parganas,General		,,2026
111,Panihati,10,Sanjib Kumar Ghosh,Independent,371,0,371,0.21,13,13,West Bengal,North 24 Parganas,General		,,2026
111,Panihati,11,Sadhana Chakraborty,Independent,560,3,563,0.32,13,13,West Bengal,North 24 Parganas,General		,,2026
111,Panihati,12,Nota,None of the Above,1030,15,1045,0.6,13,13,West Bengal,North 24 Parganas,General		,,2026
112,Kamarhati,1,Arup Choudhury (Pulak),Bharatiya Janata Party,58661,510,59171,39.91,11,11,West Bengal,North 24 Parganas,General		,,2026
112,Kamarhati,2,Kallol Mukherjee,Indian National Congress,1335,10,1345,0.91,11,11,West Bengal,North 24 Parganas,General		,Left–Congress alliance,2026
112,Kamarhati,3,Madan Mitra,All India Trinamool Congress,64494,323,64817,43.71,11,11,West Bengal,North 24 Parganas,General		,,2026
112,Kamarhati,4,Manash Mukherjee,Communist Party of India (Marxist),19986,217,20203,13.63,11,11,West Bengal,North 24 Parganas,General		,Left–Congress alliance,2026
112,Kamarhati,5,Saifuddin Mondal,Aam Janata Unnayan party,140,0,140,0.09,11,11,West Bengal,North 24 Parganas,General		,,2026
112,Kamarhati,6,Pintu Karar,Independent,114,0,114,0.08,11,11,West Bengal,North 24 Parganas,General		,,2026
112,Kamarhati,7,Birju Shaw,Independent,68,3,71,0.05,11,11,West Bengal,North 24 Parganas,General		,,2026
112,Kamarhati,8,Shekh Imanur Rahman,Independent,134,1,135,0.09,11,11,West Bengal,North 24 Parganas,General		,,2026
112,Kamarhati,9,Satyabrata Bandyopadhyay,Independent,275,1,276,0.19,11,11,West Bengal,North 24 Parganas,General		,,2026
112,Kamarhati,10,Sandip Dutta Bhowmick,Independent,651,2,653,0.44,11,11,West Bengal,North 24 Parganas,General		,,2026
112,Kamarhati,11,Hirak Sinha,Independent,200,2,202,0.14,11,11,West Bengal,North 24 Parganas,General		,,2026
112,Kamarhati,12,Nota,None of the Above,1131,14,1145,0.77,11,11,West Bengal,North 24 Parganas,General		,,2026
113,Baranagar,1,Kalyani Chakraborty,Indian National Congress,1162,29,1191,0.7,13,13,West Bengal,North 24 Parganas,General,Left–Congress alliance,2026
113,Baranagar,2,Sajal Ghosh,Bharatiya Janata Party,81009,721,81730,48.26,13,13,West Bengal,North 24 Parganas,General,,2026
113,Baranagar,3,Sayandeep Mitra,Communist Party of India (Marxist),18477,212,18689,11.04,13,13,West Bengal,North 24 Parganas,General,Left–Congress alliance,2026
113,Baranagar,4,Sayantika Banerjee,All India Trinamool Congress,64247,527,64774,38.25,13,13,West Bengal,North 24 Parganas,General,,2026
113,Baranagar,5,Supriya Bhattacharya,Socialist Unity Centre Of India (COMMUNIST),477,5,482,0.28,13,13,West Bengal,North 24 Parganas,General,,2026
113,Baranagar,6,Dulal Kanti Bhattacharya,Independent,78,0,78,0.05,13,13,West Bengal,North 24 Parganas,General,,2026
113,Baranagar,7,Prasenjit Dey,Independent,142,3,145,0.09,13,13,West Bengal,North 24 Parganas,General,,2026
113,Baranagar,8,Shubhrangshu Bhakta,Independent,442,6,448,0.26,13,13,West Bengal,North 24 Parganas,General,,2026
113,Baranagar,9,Sajal Kumar Ghosh,Independent,229,5,234,0.14,13,13,West Bengal,North 24 Parganas,General,,2026
113,Baranagar,10,Sajal Ghosh,Independent,377,2,379,0.22,13,13,West Bengal,North 24 Parganas,General,,2026
113,Baranagar,11,Nota,None of the Above,1181,16,1197,0.71,13,13,West Bengal,North 24 Parganas,General,,2026
114,Dum Dum,1,Arijit Bakshi,Bharatiya Janata Party,98252,929,99181,50.07,15,15,West Bengal,North 24 Parganas,General		,,2026
114,Dum Dum,2,Bratyabrata Basu,All India Trinamool Congress,73272,636,73908,37.31,15,15,West Bengal,North 24 Parganas,General		,,2026
114,Dum Dum,3,Mayukh Biswas,Communist Party of India (Marxist),20322,254,20576,10.39,15,15,West Bengal,North 24 Parganas,General		,Left–Congress alliance,2026
114,Dum Dum,4,Subrata Kumar Majumder,Bahujan Samaj Party,372,9,381,0.19,15,15,West Bengal,North 24 Parganas,General		,,2026
114,Dum Dum,5,Susmita Biswas,Indian National Congress,1454,22,1476,0.75,15,15,West Bengal,North 24 Parganas,General		,Left–Congress alliance,2026
114,Dum Dum,6,Nirendranath Karmakar,Socialist Unity Centre Of India (COMMUNIST),248,1,249,0.13,15,15,West Bengal,North 24 Parganas,General		,,2026
114,Dum Dum,7,Sabir Raja Ansari,Aam Janata Unnayan party,122,1,123,0.06,15,15,West Bengal,North 24 Parganas,General		,,2026
114,Dum Dum,8,Dulu Dey,Independent,224,3,227,0.11,15,15,West Bengal,North 24 Parganas,General		,,2026
114,Dum Dum,9,Palash Samanta,Independent,517,1,518,0.26,15,15,West Bengal,North 24 Parganas,General		,,2026
114,Dum Dum,10,Nota,None of the Above,1426,33,1459,0.74,15,15,West Bengal,North 24 Parganas,General		,,2026
115,Rajarhat New Town,1,Piyush Kanodia,Bharatiya Janata Party,106077,487,106564,42.19,18,18,West Bengal,North 24 Parganas,General,,2026
115,Rajarhat New Town,2,Saptarshi Deb,Communist Party of India (Marxist),32116,130,32246,12.77,18,18,West Bengal,North 24 Parganas,General,Left–Congress alliance,2026
115,Rajarhat New Town,3,Sk Nizamuddin,Indian National Congress,1862,23,1885,0.75,18,18,West Bengal,North 24 Parganas,General,Left–Congress alliance,2026
115,Rajarhat New Town,4,Tapash Chatterjee,All India Trinamool Congress,105885,363,106248,42.07,18,18,West Bengal,North 24 Parganas,General,,2026
115,Rajarhat New Town,5,Ashutosh Paul,National Republic Party Of India,484,0,484,0.19,18,18,West Bengal,North 24 Parganas,General,,2026
115,Rajarhat New Town,6,Firdaus Ali Molla,Aam Janata Unnayan party,207,3,210,0.08,18,18,West Bengal,North 24 Parganas,General,,2026
115,Rajarhat New Town,7,Shubhankar Mondal,Samata Party,111,1,112,0.04,18,18,West Bengal,North 24 Parganas,General,,2026
115,Rajarhat New Town,8,Sunil Naskar,Socialist Unity Centre Of India (COMMUNIST),175,3,178,0.07,18,18,West Bengal,North 24 Parganas,General,,2026
115,Rajarhat New Town,9,Abhimanyu Shandilya,Independent,216,4,220,0.09,18,18,West Bengal,North 24 Parganas,General,,2026
115,Rajarhat New Town,10,Ashit Dhali,Independent,312,1,313,0.12,18,18,West Bengal,North 24 Parganas,General,,2026
115,Rajarhat New Town,11,Narayan Mandal,Independent,1223,4,1227,0.49,18,18,West Bengal,North 24 Parganas,General,,2026
115,Rajarhat New Town,12,Rajib Sarkar,Independent,312,1,313,0.12,18,18,West Bengal,North 24 Parganas,General,,2026
115,Rajarhat New Town,13,Sujan Sardar,Independent,768,0,768,0.3,18,18,West Bengal,North 24 Parganas,General,,2026
115,Rajarhat New Town,14,Nota,None of the Above,1780,12,1792,0.71,18,18,West Bengal,North 24 Parganas,General,,2026
116,Bidhannagar,1,Ranajit Mukherjee,Indian National Congress,1453,45,1498,0.84,16,16,West Bengal,North 24 Parganas,General,Left–Congress alliance,2026
116,Bidhannagar,2,Sharadwat Mukherjee,Bharatiya Janata Party,97187,792,97979,55.2,16,16,West Bengal,North 24 Parganas,General,,2026
116,Bidhannagar,3,Soumyajit Raha,Communist Party of India (Marxist),13766,190,13956,7.86,16,16,West Bengal,North 24 Parganas,General,Left–Congress alliance,2026
116,Bidhannagar,4,Sujit Bose,All India Trinamool Congress,60082,567,60649,34.17,16,16,West Bengal,North 24 Parganas,General,,2026
116,Bidhannagar,5,Uma Panda,Socialist Unity Centre Of India (COMMUNIST),491,4,495,0.28,16,16,West Bengal,North 24 Parganas,General,,2026
116,Bidhannagar,6,Sarat Mukherjee,Independent,126,0,126,0.07,16,16,West Bengal,North 24 Parganas,General,,2026
116,Bidhannagar,7,Shampa Mukherjee,Independent,198,2,200,0.11,16,16,West Bengal,North 24 Parganas,General,,2026
116,Bidhannagar,8,Sujit Bose,Independent,719,31,750,0.42,16,16,West Bengal,North 24 Parganas,General,,2026
116,Bidhannagar,9,Sujit Pal,Independent,212,1,213,0.12,16,16,West Bengal,North 24 Parganas,General,,2026
116,Bidhannagar,10,Swetaketu Nandy,Independent,227,9,236,0.13,16,16,West Bengal,North 24 Parganas,General,,2026
116,Bidhannagar,11,Nota,None of the Above,1342,40,1382,0.78,16,16,West Bengal,North 24 Parganas,General,,2026
117,Rajarhat Gopalpur,1,Aditi Munshi,All India Trinamool Congress,72902,618,73520,37.56,14,14,West Bengal,North 24 Parganas,General,,2026
117,Rajarhat Gopalpur,2,Tarunjyoti Tewari,Bharatiya Janata Party,100466,811,101277,51.74,14,14,West Bengal,North 24 Parganas,General,,2026
117,Rajarhat Gopalpur,3,Partha Bhaumik,Indian National Congress,1626,27,1653,0.84,14,14,West Bengal,North 24 Parganas,General,Left–Congress alliance,2026
117,Rajarhat Gopalpur,4,Subhajit Dasgupta,Communist Party of India (Marxist),16275,201,16476,8.42,14,14,West Bengal,North 24 Parganas,General,Left–Congress alliance,2026
117,Rajarhat Gopalpur,5,Avijit Podder,National Republic Party Of India,116,1,117,0.06,14,14,West Bengal,North 24 Parganas,General,,2026
117,Rajarhat Gopalpur,6,Monika Manna,Bharatiya Nyay-Adhikar Raksha Party,125,1,126,0.06,14,14,West Bengal,North 24 Parganas,General,,2026
117,Rajarhat Gopalpur,7,Subir Chaudhury,Socialist Unity Centre Of India (COMMUNIST),241,0,241,0.12,14,14,West Bengal,North 24 Parganas,General,,2026
117,Rajarhat Gopalpur,8,Achintya Ghosh,Independent,74,5,79,0.04,14,14,West Bengal,North 24 Parganas,General,,2026
117,Rajarhat Gopalpur,9,Arindam Ghosh,Independent,93,0,93,0.05,14,14,West Bengal,North 24 Parganas,General,,2026
117,Rajarhat Gopalpur,10,Tarun Kumar Tiwari,Independent,179,0,179,0.09,14,14,West Bengal,North 24 Parganas,General,,2026
117,Rajarhat Gopalpur,11,Lalu Neye,Independent,127,3,130,0.07,14,14,West Bengal,North 24 Parganas,General,,2026
117,Rajarhat Gopalpur,12,Swapan Haldar,Independent,270,1,271,0.14,14,14,West Bengal,North 24 Parganas,General,,2026
117,Rajarhat Gopalpur,13,Nota,None of the Above,1541,27,1568,0.8,14,14,West Bengal,North 24 Parganas,General,,2026
118,Madhyamgram,1,Ananta Ray,Indian National Congress,1565,22,1587,0.68,17,17,West Bengal,North 24 Parganas,General,Left–Congress alliance,2026
118,Madhyamgram,2,Anindya Banerjee,Bharatiya Janata Party,92875,721,93596,40.18,17,17,West Bengal,North 24 Parganas,General,,2026
118,Madhyamgram,3,Nitai Chandra Pal,All India Forward Bloc,2180,29,2209,0.95,17,17,West Bengal,North 24 Parganas,General,Left–Congress alliance,2026
118,Madhyamgram,4,Monoj Kumar Roy,Bahujan Samaj Party,618,7,625,0.27,17,17,West Bengal,North 24 Parganas,General,,2026
118,Madhyamgram,5,Rathin Ghosh,All India Trinamool Congress,95348,647,95995,41.21,17,17,West Bengal,North 24 Parganas,General,,2026
118,Madhyamgram,6,Nityananda Ghosh,Socialist Unity Centre Of India (COMMUNIST),699,4,703,0.3,17,17,West Bengal,North 24 Parganas,General,,2026
118,Madhyamgram,7,Priyanka Barman,All India Secular Front,35395,106,35501,15.24,17,17,West Bengal,North 24 Parganas,General,,2026
118,Madhyamgram,8,Sanat Karmakar,Bharatiya Nyay-Adhikar Raksha Party,415,8,423,0.18,17,17,West Bengal,North 24 Parganas,General,,2026
118,Madhyamgram,9,Aninda Banerjee,Independent,344,7,351,0.15,17,17,West Bengal,North 24 Parganas,General,,2026
118,Madhyamgram,10,Rajdwip Ghosh,Independent,449,3,452,0.19,17,17,West Bengal,North 24 Parganas,General,,2026
118,Madhyamgram,11,Nota,None of the Above,1449,25,1474,0.63,17,17,West Bengal,North 24 Parganas,General,,2026
119,Barasat,1,Tarak Mukherjee,Indian National Congress,2216,36,2252,0.95,23,23,West Bengal,North 24 Parganas,General,Left–Congress alliance,2026
119,Barasat,2,Pradip Gayen,Bahujan Samaj Party,889,12,901,0.38,23,23,West Bengal,North 24 Parganas,General,,2026
119,Barasat,3,Sankar Chatterjee,Bharatiya Janata Party,120837,1334,122171,51.64,23,23,West Bengal,North 24 Parganas,General,,2026
119,Barasat,4,Sabyasachi Dutta,All India Trinamool Congress,86934,679,87613,37.03,23,23,West Bengal,North 24 Parganas,General,,2026
119,Barasat,5,Hemanta Das,All India Forward Bloc,18487,213,18700,7.9,23,23,West Bengal,North 24 Parganas,General,Left–Congress alliance,2026
119,Barasat,6,Avhijit Mukherjee,Socialist Unity Centre Of India (COMMUNIST),329,0,329,0.14,23,23,West Bengal,North 24 Parganas,General,,2026
119,Barasat,7,Omar Faruque,All India Majlis-E-Ittehadul Muslimeen,613,0,613,0.26,23,23,West Bengal,North 24 Parganas,General,,2026
119,Barasat,8,Debashish Biswas,Amra Bangalee,239,3,242,0.1,23,23,West Bengal,North 24 Parganas,General,,2026
119,Barasat,9,Avik Basu Thakur,Independent,357,1,358,0.15,23,23,West Bengal,North 24 Parganas,General,,2026
119,Barasat,10,Md. Jahangir Ali,Independent,873,3,876,0.37,23,23,West Bengal,North 24 Parganas,General,,2026
119,Barasat,11,Shankar Chatterjee,Independent,673,6,679,0.29,23,23,West Bengal,North 24 Parganas,General,,2026
119,Barasat,12,Hemanta Das,Independent,325,1,326,0.14,23,23,West Bengal,North 24 Parganas,General,,2026
119,Barasat,13,Nota,None of the Above,1508,35,1543,0.65,23,23,West Bengal,North 24 Parganas,General,,2026
120,Deganga,1,Anisur Rahaman Bidesh,All India Trinamool Congress,100695,419,101114,43.31,20,20,West Bengal,North 24 Parganas,General,,2026
120,Deganga,2,Tarun Kanti Ghosh,Bharatiya Janata Party,41497,229,41726,17.87,20,20,West Bengal,North 24 Parganas,General,,2026
120,Deganga,3,Miaraj Baidya,Indian National Congress,824,6,830,0.36,20,20,West Bengal,North 24 Parganas,General,Left–Congress alliance,2026
120,Deganga,4,Abdul Arif,Aam Janata Unnayan party,170,2,172,0.07,20,20,West Bengal,North 24 Parganas,General,,2026
120,Deganga,5,Abdul Nayeem Mollick,Welfare Party Of India,156,0,156,0.07,20,20,West Bengal,North 24 Parganas,General,,2026
120,Deganga,6,Chhadek Mondal,Socialist Unity Centre Of India (COMMUNIST),406,0,406,0.17,20,20,West Bengal,North 24 Parganas,General,,2026
120,Deganga,7,Md Mofidul Hoque Sahaji Mintu,All India Secular Front,83126,170,83296,35.68,20,20,West Bengal,North 24 Parganas,General,,2026
120,Deganga,8,Md Mafuzuddin Mondal,Bharatiya Rashtriya Forward Bloc,336,0,336,0.14,20,20,West Bengal,North 24 Parganas,General,,2026
120,Deganga,9,Anisur Rahaman,Independent,1272,3,1275,0.55,20,20,West Bengal,North 24 Parganas,General,,2026
120,Deganga,10,Izaz Ahamed,Independent,443,2,445,0.19,20,20,West Bengal,North 24 Parganas,General,,2026
120,Deganga,11,Mofizul Mondal,Independent,342,1,343,0.15,20,20,West Bengal,North 24 Parganas,General,,2026
120,Deganga,12,Masidul Sahaji,Independent,203,2,205,0.09,20,20,West Bengal,North 24 Parganas,General,,2026
120,Deganga,13,Sattar Ali,Independent,241,1,242,0.1,20,20,West Bengal,North 24 Parganas,General,,2026
120,Deganga,14,Samim Tarafder,Independent,609,0,609,0.26,20,20,West Bengal,North 24 Parganas,General,,2026
120,Deganga,15,Nota,None of the Above,2315,3,2318,0.99,20,20,West Bengal,North 24 Parganas,General,,2026
121,Haroa,1,Abdul Matin Muhammad,All India Trinamool Congress,117296,295,117591,49.52,22,22,West Bengal,North 24 Parganas,General,,2026
121,Haroa,2,Bhaskar Kumar Mondal,Bharatiya Janata Party,41010,134,41144,17.33,22,22,West Bengal,North 24 Parganas,General,,2026
121,Haroa,3,Md. Rabiul Mollah,Indian National Congress,1229,8,1237,0.52,22,22,West Bengal,North 24 Parganas,General,Left–Congress alliance,2026
121,Haroa,4,Piyarul Islam,All India Secular Front,68171,79,68250,28.74,22,22,West Bengal,North 24 Parganas,General,,2026
121,Haroa,5,Sk. Md Sahid,Aam Janata Unnayan party,590,0,590,0.25,22,22,West Bengal,North 24 Parganas,General,,2026
121,Haroa,6,Md. Abdullahil Maruk,Independent,265,0,265,0.11,22,22,West Bengal,North 24 Parganas,General,,2026
121,Haroa,7,Piyarul Sanpui,Independent,2960,4,2964,1.25,22,22,West Bengal,North 24 Parganas,General,,2026
121,Haroa,8,Mrinal Mallick,Independent,1279,0,1279,0.54,22,22,West Bengal,North 24 Parganas,General,,2026
121,Haroa,9,Rafikul Islam,Independent,565,3,568,0.24,22,22,West Bengal,North 24 Parganas,General,,2026
121,Haroa,10,Lal Mohammad,Independent,743,1,744,0.31,22,22,West Bengal,North 24 Parganas,General,,2026
121,Haroa,11,Nota,None of the Above,2829,8,2837,1.19,22,22,West Bengal,North 24 Parganas,General,,2026
122,Minakhan,1,Usha Rani Mondal,All India Trinamool Congress,91831,248,92079,42.66,20,20,West Bengal,North 24 Parganas,	SC,,2026
122,Minakhan,2,Rudrendra Patra,Bharatiya Janata Party,59605,182,59787,27.7,20,20,West Bengal,North 24 Parganas,	SC,,2026
122,Minakhan,3,Sunayana Biswas,Indian National Congress,1166,5,1171,0.54,20,20,West Bengal,North 24 Parganas,	SC,Left–Congress alliance,2026
122,Minakhan,4,Pratik Mondal,All India Secular Front,55704,49,55753,25.83,20,20,West Bengal,North 24 Parganas,	SC,,2026
122,Minakhan,5,Debabrata Mondal,Independent,1362,0,1362,0.63,20,20,West Bengal,North 24 Parganas,	SC,,2026
122,Minakhan,6,Sukanta Roy,Independent,1387,0,1387,0.64,20,20,West Bengal,North 24 Parganas,	SC,,2026
122,Minakhan,7,Somnath Patra,Independent,692,0,692,0.32,20,20,West Bengal,North 24 Parganas,	SC,,2026
122,Minakhan,8,Saurav Das,Independent,1001,0,1001,0.46,20,20,West Bengal,North 24 Parganas,	SC,,2026
122,Minakhan,9,Nota,None of the Above,2612,4,2616,1.21,20,20,West Bengal,North 24 Parganas,	SC,,2026
123,Sandeshkhali,1,Jharna Sardar,All India Trinamool Congress,89349,330,89679,41.48,20,20,West Bengal,North 24 Parganas,ST,,2026
123,Sandeshkhali,2,Yudhisthir Bhumij,Indian National Congress,1154,8,1162,0.54,20,20,West Bengal,North 24 Parganas,ST,Left–Congress alliance,2026
123,Sandeshkhali,3,Rabindra Nath Mahata,Communist Party of India (Marxist),12868,53,12921,5.98,20,20,West Bengal,North 24 Parganas,ST,Left–Congress alliance,2026
123,Sandeshkhali,4,Sanat Sardar,Bharatiya Janata Party,106677,512,107189,49.58,20,20,West Bengal,North 24 Parganas,ST,,2026
123,Sandeshkhali,5,Sajal Kumar Sardar,Independent,1212,9,1221,0.56,20,20,West Bengal,North 24 Parganas,ST,,2026
123,Sandeshkhali,6,Sanat Munda,Independent,824,3,827,0.38,20,20,West Bengal,North 24 Parganas,ST,,2026
123,Sandeshkhali,7,Subal Chandra Sardar,Independent,454,4,458,0.21,20,20,West Bengal,North 24 Parganas,ST,,2026
123,Sandeshkhali,8,Harish Chandra Sardar,Independent,529,2,531,0.25,20,20,West Bengal,North 24 Parganas,ST,,2026
123,Sandeshkhali,9,Nota,None of the Above,2188,4,2192,1.01,20,20,West Bengal,North 24 Parganas,ST,,2026
124,Basirhat Dakshin,1,Abu Esahak Gazi,Indian National Congress,3493,12,3505,1.4,17,17,West Bengal,North 24 Parganas,General,Left–Congress alliance,2026
124,Basirhat Dakshin,2,Amirul Gazi,Bahujan Samaj Party,364,0,364,0.15,17,17,West Bengal,North 24 Parganas,General,,2026
124,Basirhat Dakshin,3,Aynul Arefin(Raju Ahmed),Communist Party of India (Marxist),23616,94,23710,9.46,17,17,West Bengal,North 24 Parganas,General,Left–Congress alliance,2026
124,Basirhat Dakshin,4,Dr. Sourya Banerjee,Bharatiya Janata Party,102353,1068,103421,41.28,17,17,West Bengal,North 24 Parganas,General,,2026
124,Basirhat Dakshin,5,Surajit Mitra (Badal),All India Trinamool Congress,112532,433,112965,45.09,17,17,West Bengal,North 24 Parganas,General,,2026
124,Basirhat Dakshin,6,Shabana Parvin,All India Majlis-E-Ittehadul Muslimeen,1645,1,1646,0.66,17,17,West Bengal,North 24 Parganas,General,,2026
124,Basirhat Dakshin,7,Hironmoy Mondal,Socialist Unity Centre Of India (COMMUNIST),481,4,485,0.19,17,17,West Bengal,North 24 Parganas,General,,2026
124,Basirhat Dakshin,8,Jishnudeep Majumdar,Independent,1453,1,1454,0.58,17,17,West Bengal,North 24 Parganas,General,,2026
124,Basirhat Dakshin,9,Subhasis Das,Independent,843,1,844,0.34,17,17,West Bengal,North 24 Parganas,General,,2026
124,Basirhat Dakshin,10,Surajit Mondal,Independent,537,0,537,0.21,17,17,West Bengal,North 24 Parganas,General,,2026
124,Basirhat Dakshin,11,Soumen Das,Independent,277,0,277,0.11,17,17,West Bengal,North 24 Parganas,General,,2026
124,Basirhat Dakshin,12,Nota,None of the Above,1311,16,1327,0.53,17,17,West Bengal,North 24 Parganas,General,,2026
125,Basirhat Uttar,1,Koushik Sidhartha,Bharatiya Janata Party,54840,371,55211,23.14,22,22,West Bengal,North 24 Parganas,General,,2026
125,Basirhat Uttar,2,Md. Tauseffur Rahman,All India Trinamool Congress,114964,539,115503,48.42,22,22,West Bengal,North 24 Parganas,General,,2026
125,Basirhat Uttar,3,Musa Haque Mondal,Indian National Congress,2079,13,2092,0.88,22,22,West Bengal,North 24 Parganas,General,Left–Congress alliance,2026
125,Basirhat Uttar,4,Ashikul Islam,Aam Janata Unnayan party,640,1,641,0.27,22,22,West Bengal,North 24 Parganas,General,,2026
125,Basirhat Uttar,5,Md. Musa Karemulla,All India Secular Front,58082,151,58233,24.41,22,22,West Bengal,North 24 Parganas,General,,2026
125,Basirhat Uttar,6,Kaushik Mondal,Independent,697,0,697,0.29,22,22,West Bengal,North 24 Parganas,General,,2026
125,Basirhat Uttar,7,Mokaddas Hossain,Independent,1226,3,1229,0.52,22,22,West Bengal,North 24 Parganas,General,,2026
125,Basirhat Uttar,8,Rehena Rahaman,Independent,341,2,343,0.14,22,22,West Bengal,North 24 Parganas,General,,2026
125,Basirhat Uttar,9,Subhasis Das,Independent,396,2,398,0.17,22,22,West Bengal,North 24 Parganas,General,,2026
125,Basirhat Uttar,10,Sahanur Mondal,Independent,2530,2,2532,1.06,22,22,West Bengal,North 24 Parganas,General,,2026
125,Basirhat Uttar,11,Nota,None of the Above,1669,15,1684,0.71,22,22,West Bengal,North 24 Parganas,General,,2026
126,Hingalganj,1,Ananda Sarkar,All India Trinamool Congress,94164,622,94786,45.77,19,19,West Bengal,North 24 Parganas,SC,,2026
126,Hingalganj,2,Biswajit Roy,Indian National Congress,1047,9,1056,0.51,19,19,West Bengal,North 24 Parganas,SC,Left–Congress alliance,2026
126,Hingalganj,3,Rekha Patra,Bharatiya Janata Party,99440,767,100207,48.39,19,19,West Bengal,North 24 Parganas,SC,,2026
126,Hingalganj,4,Sangita Mandal,Communist Party of India,7147,58,7205,3.48,19,19,West Bengal,North 24 Parganas,SC,Left–Congress alliance,2026
126,Hingalganj,5,Ashok Kumar Mondal,Independent,194,0,194,0.09,19,19,West Bengal,North 24 Parganas,SC,,2026
126,Hingalganj,6,Pulakesh Mondal,Independent,272,0,272,0.13,19,19,West Bengal,North 24 Parganas,SC,,2026
126,Hingalganj,7,Bidyut Gayen,Independent,279,4,283,0.14,19,19,West Bengal,North 24 Parganas,SC,,2026
126,Hingalganj,8,Rekharani Mridha,Independent,757,2,759,0.37,19,19,West Bengal,North 24 Parganas,SC,,2026
126,Hingalganj,9,Shuvadip Mandal,Independent,649,0,649,0.31,19,19,West Bengal,North 24 Parganas,SC,,2026
126,Hingalganj,10,Nota,None of the Above,1649,11,1660,0.8,19,19,West Bengal,North 24 Parganas,SC,,2026
127,Gosaba,1,Bikarna Naskar,Bharatiya Janata Party,107630,862,108492,51.34,21,21,West Bengal,South 24 Parganas,SC,,2026
127,Gosaba,2,Bhupal Chandra Das,Indian National Congress,1043,19,1062,0.5,21,21,West Bengal,South 24 Parganas,SC,Left–Congress alliance,2026
127,Gosaba,3,Subrata Mondal,All India Trinamool Congress,91632,760,92392,43.72,21,21,West Bengal,South 24 Parganas,SC,,2026
127,Gosaba,4,Haripada Mandal,Bahujan Samaj Party,804,4,808,0.38,21,21,West Bengal,South 24 Parganas,SC,,2026
127,Gosaba,5,Adwaitya Jotdar,Revolutionary Socialist Party,4189,32,4221,2,21,21,West Bengal,South 24 Parganas,SC,Left–Congress alliance,2026
127,Gosaba,6,Haripada Mondal,Socialist Unity Centre Of India (COMMUNIST),477,5,482,0.23,21,21,West Bengal,South 24 Parganas,SC,,2026
127,Gosaba,7,Gopal Mandal,Independent,668,3,671,0.32,21,21,West Bengal,South 24 Parganas,SC,,2026
127,Gosaba,8,Prosanta Mridha,Independent,580,7,587,0.28,21,21,West Bengal,South 24 Parganas,SC,,2026
127,Gosaba,9,Rebati Mandal Mridha,Independent,390,2,392,0.19,21,21,West Bengal,South 24 Parganas,SC,,2026
127,Gosaba,10,Nota,None of the Above,2216,5,2221,1.05,21,21,West Bengal,South 24 Parganas,SC,,2026
128,Basanti,1,Gopinath Naiya,Indian National Congress,1177,9,1186,0.51,19,19,West Bengal,South 24 Parganas,SC,Left–Congress alliance,2026
128,Basanti,2,Nilima Mistry Bishal,All India Trinamool Congress,126957,538,127495,54.99,19,19,West Bengal,South 24 Parganas,SC,,2026
128,Basanti,3,Bikash Sardar,Bharatiya Janata Party,70950,364,71314,30.76,19,19,West Bengal,South 24 Parganas,SC,,2026
128,Basanti,4,Asit Roy,All India Secular Front,25886,38,25924,11.18,19,19,West Bengal,South 24 Parganas,SC,,2026
128,Basanti,5,Milan Biswas,Socialist Unity Centre Of India (COMMUNIST),554,4,558,0.24,19,19,West Bengal,South 24 Parganas,SC,,2026
128,Basanti,6,Samar Biswas,Revolutionary Socialist Party,2082,17,2099,0.91,19,19,West Bengal,South 24 Parganas,SC,Left–Congress alliance,2026
128,Basanti,7,Asim Sardar,Independent,600,5,605,0.26,19,19,West Bengal,South 24 Parganas,SC,,2026
128,Basanti,8,Gouri Naskar,Independent,1272,5,1277,0.55,19,19,West Bengal,South 24 Parganas,SC,,2026
128,Basanti,9,Nota,None of the Above,1396,6,1402,0.6,19,19,West Bengal,South 24 Parganas,SC,,2026
129,Kultali,1,Ganesh Chandra Mondal,All India Trinamool Congress,145900,535,146435,57.75,19,19,West Bengal,South 24 Parganas,SC,,2026
129,Kultali,2,Madhabi Mahalder,Bharatiya Janata Party,86838,321,87159,34.38,19,19,West Bengal,South 24 Parganas,SC,,2026
129,Kultali,3,Ramsankar Halder,Communist Party of India (Marxist),13328,33,13361,5.27,19,19,West Bengal,South 24 Parganas,SC,Left–Congress alliance,2026
129,Kultali,4,Rupa Haldar,Indian National Congress,329,2,331,0.13,19,19,West Bengal,South 24 Parganas,SC,Left–Congress alliance,2026
129,Kultali,5,Sankar Deb Mondal,Bahujan Samaj Party,251,1,252,0.1,19,19,West Bengal,South 24 Parganas,SC,,2026
129,Kultali,6,Bhutnath Sardar,Bahujan Mukti Party,199,4,203,0.08,19,19,West Bengal,South 24 Parganas,SC,,2026
129,Kultali,7,Shankar Naskar,Socialist Unity Centre Of India (COMMUNIST),3238,15,3253,1.28,19,19,West Bengal,South 24 Parganas,SC,,2026
129,Kultali,8,Madhabi Biswas,Independent,404,1,405,0.16,19,19,West Bengal,South 24 Parganas,SC,,2026
129,Kultali,9,Sankar Naskar,Independent,682,0,682,0.27,19,19,West Bengal,South 24 Parganas,SC,,2026
129,Kultali,10,Nota,None of the Above,1467,3,1470,0.58,19,19,West Bengal,South 24 Parganas,SC,,2026
130,Patharpratima,1,Asit Kumar Haldar,Bharatiya Janata Party,111662,629,112291,45.64,23,23,West Bengal,South 24 Parganas,General,,2026
130,Patharpratima,2,Becharam Das,Bahujan Samaj Party,758,3,761,0.31,23,23,West Bengal,South 24 Parganas,General,,2026
130,Patharpratima,3,Shubhrangshu Nayek,Indian National Congress,1755,20,1775,0.72,23,23,West Bengal,South 24 Parganas,General,Left–Congress alliance,2026
130,Patharpratima,4,Satyaranjan Das,Communist Party of India (Marxist),11418,73,11491,4.67,23,23,West Bengal,South 24 Parganas,General,Left–Congress alliance,2026
130,Patharpratima,5,Samir Kumar Jana,All India Trinamool Congress,116564,600,117164,47.62,23,23,West Bengal,South 24 Parganas,General,,2026
130,Patharpratima,6,Narayan Haldar,Socialist Unity Centre Of India (COMMUNIST),1112,7,1119,0.45,23,23,West Bengal,South 24 Parganas,General,,2026
130,Patharpratima,7,Pulak Nayek,Independent,414,0,414,0.17,23,23,West Bengal,South 24 Parganas,General,,2026
130,Patharpratima,8,Nota,None of the Above,1036,8,1044,0.42,23,23,West Bengal,South 24 Parganas,General,,2026
131,Kakdwip,1,Dipankar Jana,Bharatiya Janata Party,108774,599,109373,47.29,22,22,West Bengal,South 24 Parganas,General,,2026
131,Kakdwip,2,Narayan Das,Communist Party of India (Marxist),12074,55,12129,5.24,22,22,West Bengal,South 24 Parganas,General,Left–Congress alliance,2026
131,Kakdwip,3,Nasir Uddin Ahamed,Indian National Congress,1248,8,1256,0.54,22,22,West Bengal,South 24 Parganas,General,Left–Congress alliance,2026
131,Kakdwip,4,Parbati Bhunia,Bahujan Samaj Party,470,3,473,0.2,22,22,West Bengal,South 24 Parganas,General,,2026
131,Kakdwip,5,Manturam Pakhira,All India Trinamool Congress,104005,608,104613,45.23,22,22,West Bengal,South 24 Parganas,General,,2026
131,Kakdwip,6,Jhantu Maiti,Socialist Unity Centre Of India (COMMUNIST),609,1,610,0.26,22,22,West Bengal,South 24 Parganas,General,,2026
131,Kakdwip,7,Bimalendu Shee,Jan Sangh Party,241,4,245,0.11,22,22,West Bengal,South 24 Parganas,General,,2026
131,Kakdwip,8,Hasibul Islam Mir,Aam Janata Unnayan party,551,0,551,0.24,22,22,West Bengal,South 24 Parganas,General,,2026
131,Kakdwip,9,Dipankar Jana,Independent,270,1,271,0.12,22,22,West Bengal,South 24 Parganas,General,,2026
131,Kakdwip,10,Fayjuddin Laskar,Independent,182,3,185,0.08,22,22,West Bengal,South 24 Parganas,General,,2026
131,Kakdwip,11,Souvik Ghosh,Independent,429,3,432,0.19,22,22,West Bengal,South 24 Parganas,General,,2026
131,Kakdwip,12,Nota,None of the Above,1149,16,1165,0.5,22,22,West Bengal,South 24 Parganas,General,,2026
132,Sagar,1,Anukul Patra,Bahujan Samaj Party,552,1,553,0.21,22,22,West Bengal,South 24 Parganas,General,,2026
132,Sagar,2,Prasanta Khutia,Indian National Congress,826,5,831,0.32,22,22,West Bengal,South 24 Parganas,General,Left–Congress alliance,2026
132,Sagar,3,Bankim Chandra Hazra,All India Trinamool Congress,119148,773,119921,46.46,22,22,West Bengal,South 24 Parganas,General,,2026
132,Sagar,4,Sumanta Mandal,Bharatiya Janata Party,126801,1001,127802,49.52,22,22,West Bengal,South 24 Parganas,General,,2026
132,Sagar,5,Swapan Singha,Communist Party of India (Marxist),7582,48,7630,2.96,22,22,West Bengal,South 24 Parganas,General,Left–Congress alliance,2026
132,Sagar,6,Anupam Pani,Socialist Unity Centre Of India (COMMUNIST),585,1,586,0.23,22,22,West Bengal,South 24 Parganas,General,,2026
132,Sagar,7,Kanai Mandal,Jan Sangh Party,182,2,184,0.07,22,22,West Bengal,South 24 Parganas,General,,2026
132,Sagar,8,Nota,None of the Above,596,4,600,0.23,22,22,West Bengal,South 24 Parganas,General,,2026
133,Kulpi,1,Abani Naskar,Bharatiya Janata Party,80297,586,80883,38.94,19,19,West Bengal,South 24 Parganas,General,,2026
133,Kulpi,2,Kutub Uddin Molla,Indian National Congress,1487,10,1497,0.72,19,19,West Bengal,South 24 Parganas,General,Left–Congress alliance,2026
133,Kulpi,3,Barnali Dhara,All India Trinamool Congress,90858,408,91266,43.94,19,19,West Bengal,South 24 Parganas,General,,2026
133,Kulpi,4,Mosharaf Mandal,Bahujan Samaj Party,717,2,719,0.35,19,19,West Bengal,South 24 Parganas,General,,2026
133,Kulpi,5,Abdul Maleque Molla,All India Secular Front,30001,51,30052,14.47,19,19,West Bengal,South 24 Parganas,General,,2026
133,Kulpi,6,Jamuna Tanti,Socialist Unity Centre Of India (COMMUNIST),446,1,447,0.22,19,19,West Bengal,South 24 Parganas,General,,2026
133,Kulpi,7,Sabina Khatun,Aam Janata Unnayan party,273,2,275,0.13,19,19,West Bengal,South 24 Parganas,General,,2026
133,Kulpi,8,Abanimohan Roy,Independent,830,4,834,0.4,19,19,West Bengal,South 24 Parganas,General,,2026
133,Kulpi,9,Barnali Mondal,Independent,351,4,355,0.17,19,19,West Bengal,South 24 Parganas,General,,2026
133,Kulpi,10,Nota,None of the Above,1370,8,1378,0.66,19,19,West Bengal,South 24 Parganas,General,,2026
134,Raidighi,1,Asish Kumar Mandal,Indian National Congress,1078,11,1089,0.42,23,23,West Bengal,South 24 Parganas,General,Left–Congress alliance,2026
134,Raidighi,2,Tapas Mondal S/O-Shibprasad Mondal,All India Trinamool Congress,118308,683,118991,46.16,23,23,West Bengal,South 24 Parganas,General,,2026
134,Raidighi,3,Palash Rana,Bharatiya Janata Party,112420,614,113034,43.85,23,23,West Bengal,South 24 Parganas,General,,2026
134,Raidighi,4,Samya Ganguly,Communist Party of India (Marxist),19075,85,19160,7.43,23,23,West Bengal,South 24 Parganas,General,Left–Congress alliance,2026
134,Raidighi,5,Sujata Sarkar,Bahujan Samaj Party,368,2,370,0.14,23,23,West Bengal,South 24 Parganas,General,,2026
134,Raidighi,6,Gunasindhu Haldar,Socialist Unity Centre Of India (COMMUNIST),1204,12,1216,0.47,23,23,West Bengal,South 24 Parganas,General,,2026
134,Raidighi,7,Md Masud Billah Molla,Aam Janata Unnayan party,105,1,106,0.04,23,23,West Bengal,South 24 Parganas,General,,2026
134,Raidighi,8,Tapas Mondal S/O-Ashok Mondal,Independent,123,1,124,0.05,23,23,West Bengal,South 24 Parganas,General,,2026
134,Raidighi,9,Tapas Mandal S/O-Dibakar Mandal,Independent,117,3,120,0.05,23,23,West Bengal,South 24 Parganas,General,,2026
134,Raidighi,10,Palash Sardar,Independent,240,2,242,0.09,23,23,West Bengal,South 24 Parganas,General,,2026
134,Raidighi,11,Palash Halder,Independent,518,3,521,0.2,23,23,West Bengal,South 24 Parganas,General,,2026
134,Raidighi,12,Bablu Haldar,Independent,702,1,703,0.27,23,23,West Bengal,South 24 Parganas,General,,2026
134,Raidighi,13,Rafik Baidya,Independent,945,0,945,0.37,23,23,West Bengal,South 24 Parganas,General,,2026
134,Raidighi,14,Nota,None of the Above,1144,8,1152,0.45,23,23,West Bengal,South 24 Parganas,General,,2026
135,Mandirbazar,1,Chand Sarader,Indian National Congress,1153,6,1159,0.54,22,22,West Bengal,South 24 Parganas,SC,Left–Congress alliance,2026
135,Mandirbazar,2,Joydeb Halder S/O - Kartick Chandra Halder,All India Trinamool Congress,93197,489,93686,43.94,22,22,West Bengal,South 24 Parganas,SC,,2026
135,Mandirbazar,3,Mallika Paik W/O - Ashok Paik,Bharatiya Janata Party,91079,612,91691,43,22,22,West Bengal,South 24 Parganas,SC,,2026
135,Mandirbazar,4,Shibani Mandal,Bahujan Samaj Party,586,1,587,0.28,22,22,West Bengal,South 24 Parganas,SC,,2026
135,Mandirbazar,5,Ananya Naskar,Mulnibasi Party of India,355,4,359,0.17,22,22,West Bengal,South 24 Parganas,SC,,2026
135,Mandirbazar,6,Ashoke Kumar Gayen,All India Secular Front,21891,52,21943,10.29,22,22,West Bengal,South 24 Parganas,SC,,2026
135,Mandirbazar,7,Sisir Kumar Mondal,Socialist Unity Centre Of India (COMMUNIST),783,10,793,0.37,22,22,West Bengal,South 24 Parganas,SC,,2026
135,Mandirbazar,8,Subrata Naskar,Aam Janata Unnayan party,150,2,152,0.07,22,22,West Bengal,South 24 Parganas,SC,,2026
135,Mandirbazar,9,Jaydeb Halder S/O - Sanatan Halder,Independent,279,7,286,0.13,22,22,West Bengal,South 24 Parganas,SC,,2026
135,Mandirbazar,10,Mallika Paik W/O - Sushen Paik,Independent,669,2,671,0.31,22,22,West Bengal,South 24 Parganas,SC,,2026
135,Mandirbazar,11,Mallika Mondal,Independent,864,2,866,0.41,22,22,West Bengal,South 24 Parganas,SC,,2026
135,Mandirbazar,12,Nota,None of the Above,1026,10,1036,0.49,22,22,West Bengal,South 24 Parganas,SC,,2026
136,Jaynagar,1,Apurba Pramanik (Apu),Communist Party of India (Marxist),18095,56,18151,8.28,18,18,West Bengal,South 24 Parganas,SC,Left–Congress alliance,2026
136,Jaynagar,2,Aloke Halder,Bharatiya Janata Party,81254,590,81844,37.35,18,18,West Bengal,South 24 Parganas,SC,,2026
136,Jaynagar,3,Tapas Kumar Baidya,Indian National Congress,1630,14,1644,0.75,18,18,West Bengal,South 24 Parganas,SC,Left–Congress alliance,2026
136,Jaynagar,4,Biswanath Das,All India Trinamool Congress,107742,452,108194,49.38,18,18,West Bengal,South 24 Parganas,SC,,2026
136,Jaynagar,5,Sankar Deb Mondal,Bahujan Samaj Party,628,1,629,0.29,18,18,West Bengal,South 24 Parganas,SC,,2026
136,Jaynagar,6,Niranjan Naskar,Socialist Unity Centre Of India (COMMUNIST),2789,29,2818,1.29,18,18,West Bengal,South 24 Parganas,SC,,2026
136,Jaynagar,7,Rupa Sarder,Mulnibasi Party of India,224,2,226,0.1,18,18,West Bengal,South 24 Parganas,SC,,2026
136,Jaynagar,8,Sanjib Mondal,Aam Janata Unnayan party,215,1,216,0.1,18,18,West Bengal,South 24 Parganas,SC,,2026
136,Jaynagar,9,Dinesh Das,Independent,599,2,601,0.27,18,18,West Bengal,South 24 Parganas,SC,,2026
136,Jaynagar,10,Pijush Mondal,Independent,383,0,383,0.17,18,18,West Bengal,South 24 Parganas,SC,,2026
136,Jaynagar,11,Bidhan Chandra Malik,Independent,2408,3,2411,1.1,18,18,West Bengal,South 24 Parganas,SC,,2026
136,Jaynagar,12,Ram Kumar,Independent,324,0,324,0.15,18,18,West Bengal,South 24 Parganas,SC,,2026
136,Jaynagar,13,Subhasish Halder,Independent,762,1,763,0.35,18,18,West Bengal,South 24 Parganas,SC,,2026
136,Jaynagar,14,Nota,None of the Above,895,8,903,0.41,18,18,West Bengal,South 24 Parganas,SC,,2026
137,Baruipur Purba,1,Tumpa Sardar,Bharatiya Janata Party,88687,485,89172,37.57,18,18,West Bengal,South 24 Parganas,SC,,2026
137,Baruipur Purba,2,Debanshu Purkait,Bahujan Samaj Party,556,3,559,0.24,18,18,West Bengal,South 24 Parganas,SC,,2026
137,Baruipur Purba,3,Protap Chandra Mondal,Indian National Congress,965,6,971,0.41,18,18,West Bengal,South 24 Parganas,SC,Left–Congress alliance,2026
137,Baruipur Purba,4,Bivas Sardar,All India Trinamool Congress,120528,459,120987,50.98,18,18,West Bengal,South 24 Parganas,SC,,2026
137,Baruipur Purba,5,Swapan Naskar,Communist Party of India (Marxist),19558,91,19649,8.28,18,18,West Bengal,South 24 Parganas,SC,Left–Congress alliance,2026
137,Baruipur Purba,6,Joydeep Gayen,Aam Janata Unnayan party,300,2,302,0.13,18,18,West Bengal,South 24 Parganas,SC,,2026
137,Baruipur Purba,7,Joydev Naskar,Socialist Unity Centre Of India (COMMUNIST),874,11,885,0.37,18,18,West Bengal,South 24 Parganas,SC,,2026
137,Baruipur Purba,8,Tumpa Sardar,Independent,735,3,738,0.31,18,18,West Bengal,South 24 Parganas,SC,,2026
137,Baruipur Purba,9,Bapi Bagani,Independent,1690,0,1690,0.71,18,18,West Bengal,South 24 Parganas,SC,,2026
137,Baruipur Purba,10,Shambhu Sardar,Independent,266,0,266,0.11,18,18,West Bengal,South 24 Parganas,SC,,2026
137,Baruipur Purba,11,Snehasis Saha,Independent,417,0,417,0.18,18,18,West Bengal,South 24 Parganas,SC,,2026
137,Baruipur Purba,12,Nota,None of the Above,1666,17,1683,0.71,18,18,West Bengal,South 24 Parganas,SC,,2026
138,Canning Paschim,1,Paresh Ram Das,All India Trinamool Congress,120029,519,120548,52.26,23,23,West Bengal,South 24 Parganas,SC,,2026
138,Canning Paschim,2,Prasanta Bayen,Bharatiya Janata Party,79458,425,79883,34.63,23,23,West Bengal,South 24 Parganas,SC,,2026
138,Canning Paschim,3,Haran Chandra Mistry,Indian National Congress,1046,12,1058,0.46,23,23,West Bengal,South 24 Parganas,SC,Left–Congress alliance,2026
138,Canning Paschim,4,Prabir Mondal,All India Secular Front,23883,25,23908,10.36,23,23,West Bengal,South 24 Parganas,SC,,2026
138,Canning Paschim,5,Ramprasad Mistry,Socialist Unity Centre Of India (COMMUNIST),977,5,982,0.43,23,23,West Bengal,South 24 Parganas,SC,,2026
138,Canning Paschim,6,Dilip Sanfui,Independent,470,0,470,0.2,23,23,West Bengal,South 24 Parganas,SC,,2026
138,Canning Paschim,7,Prasanta Das,Independent,307,1,308,0.13,23,23,West Bengal,South 24 Parganas,SC,,2026
138,Canning Paschim,8,Milan Das,Independent,1159,2,1161,0.5,23,23,West Bengal,South 24 Parganas,SC,,2026
138,Canning Paschim,9,Nota,None of the Above,2364,4,2368,1.03,23,23,West Bengal,South 24 Parganas,SC,,2026
139,Canning Purba,1,Ashim Sanpui,Bharatiya Janata Party,28480,113,28593,11.83,22,22,West Bengal,South 24 Parganas,General,,2026
139,Canning Purba,2,Md Baharul Islam,All India Trinamool Congress,148207,480,148687,61.53,22,22,West Bengal,South 24 Parganas,General,,2026
139,Canning Purba,3,Sabir Ali Sardar,Indian National Congress,1394,3,1397,0.58,22,22,West Bengal,South 24 Parganas,General,Left–Congress alliance,2026
139,Canning Purba,4,Arabul Islam,All India Secular Front,56668,65,56733,23.48,22,22,West Bengal,South 24 Parganas,General,,2026
139,Canning Purba,5,Isarafil Molya,Aam Janata Unnayan party,1011,3,1014,0.42,22,22,West Bengal,South 24 Parganas,General,,2026
139,Canning Purba,6,Sujit Naskar,Socialist Unity Centre Of India (COMMUNIST),1062,1,1063,0.44,22,22,West Bengal,South 24 Parganas,General,,2026
139,Canning Purba,7,Bikash Das,Independent,497,2,499,0.21,22,22,West Bengal,South 24 Parganas,General,,2026
139,Canning Purba,8,Siraj Ali Molla,Independent,2054,0,2054,0.85,22,22,West Bengal,South 24 Parganas,General,,2026
139,Canning Purba,9,Nota,None of the Above,1618,6,1624,0.67,22,22,West Bengal,South 24 Parganas,General,,2026
140,Baruipur Paschim,1,Amulya Kumar Sardar,Bahujan Samaj Party,705,5,710,0.32,18,18,West Bengal,South 24 Parganas,General,,2026
140,Baruipur Paschim,2,Asit Lal Nag,Indian National Congress,1375,22,1397,0.63,18,18,West Bengal,South 24 Parganas,General,Left–Congress alliance,2026
140,Baruipur Paschim,3,Biman Banerjee,All India Trinamool Congress,103909,872,104781,47.41,18,18,West Bengal,South 24 Parganas,General,,2026
140,Baruipur Paschim,4,Biswajit Paul,Bharatiya Janata Party,85841,1078,86919,39.32,18,18,West Bengal,South 24 Parganas,General,,2026
140,Baruipur Paschim,5,Md Lahek Ali,Communist Party of India (Marxist),23224,255,23479,10.62,18,18,West Bengal,South 24 Parganas,General,Left–Congress alliance,2026
140,Baruipur Paschim,6,Prodyut Chakraborty,Socialist Unity Centre Of India (COMMUNIST),363,6,369,0.17,18,18,West Bengal,South 24 Parganas,General,,2026
140,Baruipur Paschim,7,Md. Sohidul Laskar,Aam Janata Unnayan party,282,0,282,0.13,18,18,West Bengal,South 24 Parganas,General,,2026
140,Baruipur Paschim,8,Krishnendu Pramanik,Independent,508,3,511,0.23,18,18,West Bengal,South 24 Parganas,General,,2026
140,Baruipur Paschim,9,Tilak Mondal,Independent,1231,6,1237,0.56,18,18,West Bengal,South 24 Parganas,General,,2026
140,Baruipur Paschim,10,Subrata Das,Independent,230,6,236,0.11,18,18,West Bengal,South 24 Parganas,General,,2026
140,Baruipur Paschim,11,Nota,None of the Above,1088,22,1110,0.5,18,18,West Bengal,South 24 Parganas,General,,2026
141,Magrahat Purba,1,Atanu Halder,Indian National Congress,4707,26,4733,2.13,21,21,West Bengal,South 24 Parganas,SC,Left–Congress alliance,2026
141,Magrahat Purba,2,Uttam Kumar Banik,Bharatiya Janata Party,76307,498,76805,34.57,21,21,West Bengal,South 24 Parganas,SC,,2026
141,Magrahat Purba,3,Gobinda Kumar Sardar,Bahujan Samaj Party,676,2,678,0.31,21,21,West Bengal,South 24 Parganas,SC,,2026
141,Magrahat Purba,4,Chandan Saha,Communist Party of India (Marxist),29060,128,29188,13.14,21,21,West Bengal,South 24 Parganas,SC,Left–Congress alliance,2026
141,Magrahat Purba,5,Sarmistha Purkait,All India Trinamool Congress,107933,479,108412,48.8,21,21,West Bengal,South 24 Parganas,SC,,2026
141,Magrahat Purba,6,Somnath Naskar,Socialist Unity Centre Of India (COMMUNIST),736,1,737,0.33,21,21,West Bengal,South 24 Parganas,SC,,2026
141,Magrahat Purba,7,Bhaskar Chandra Naskar,Independent,340,0,340,0.15,21,21,West Bengal,South 24 Parganas,SC,,2026
141,Magrahat Purba,8,Soumendra Nath Sardar,Independent,427,0,427,0.19,21,21,West Bengal,South 24 Parganas,SC,,2026
141,Magrahat Purba,9,Nota,None of the Above,853,5,858,0.39,21,21,West Bengal,South 24 Parganas,SC,,2026
142,Magrahat Paschim,1,Abdul Majid Halder,Indian National Congress,1277,6,1283,0.62,19,19,West Bengal,South 24 Parganas,SC,Left–Congress alliance,2026
142,Magrahat Paschim,2,Goursundar Ghosh,Bharatiya Janata Party,55053,278,55331,26.94,19,19,West Bengal,South 24 Parganas,SC,,2026
142,Magrahat Paschim,3,Md. Samim Ahamed Molla,All India Trinamool Congress,113263,571,113834,55.43,19,19,West Bengal,South 24 Parganas,SC,,2026
142,Magrahat Paschim,4,Md. Abu Siddik Laskar,Aam Janata Unnayan party,930,1,931,0.45,19,19,West Bengal,South 24 Parganas,SC,,2026
142,Magrahat Paschim,5,Abdul Aziz Al Hassan,All India Secular Front,28678,36,28714,13.98,19,19,West Bengal,South 24 Parganas,SC,,2026
142,Magrahat Paschim,6,Gora Jamadar,Socialist Unity Centre Of India (COMMUNIST),282,4,286,0.14,19,19,West Bengal,South 24 Parganas,SC,,2026
142,Magrahat Paschim,7,Amir Hossain Sarder,Independent,345,0,345,0.17,19,19,West Bengal,South 24 Parganas,SC,,2026
142,Magrahat Paschim,8,Ujjal Ray,Independent,162,1,163,0.08,19,19,West Bengal,South 24 Parganas,SC,,2026
142,Magrahat Paschim,9,Goutam Haldar,Independent,359,1,360,0.18,19,19,West Bengal,South 24 Parganas,SC,,2026
142,Magrahat Paschim,10,Partha Pulay,Independent,873,3,876,0.43,19,19,West Bengal,South 24 Parganas,SC,,2026
142,Magrahat Paschim,11,Biswajit Pramanik,Independent,1506,1,1507,0.73,19,19,West Bengal,South 24 Parganas,SC,,2026
142,Magrahat Paschim,12,Sajjat Mir,Independent,601,1,602,0.29,19,19,West Bengal,South 24 Parganas,SC,,2026
142,Magrahat Paschim,13,Nota,None of the Above,1124,6,1130,0.55,19,19,West Bengal,South 24 Parganas,SC,,2026
143,Diamond Harbour,1,Goutam Bhattacharya,Indian National Congress,1750,6,1756,0.76,24,24,West Bengal,South 24 Parganas,General,Left–Congress alliance,2026
143,Diamond Harbour,2,Dipak Kumar Halder,Bharatiya Janata Party,87455,599,88054,37.92,24,24,West Bengal,South 24 Parganas,General,,2026
143,Diamond Harbour,3,Panna Lal Halder,All India Trinamool Congress,118678,642,119320,51.38,24,24,West Bengal,South 24 Parganas,General,,2026
143,Diamond Harbour,4,Bikash Chandra Mondal,Bahujan Samaj Party,1099,4,1103,0.47,24,24,West Bengal,South 24 Parganas,General,,2026
143,Diamond Harbour,5,Samar Naiya,Communist Party of India (Marxist),17507,87,17594,7.58,24,24,West Bengal,South 24 Parganas,General,Left–Congress alliance,2026
143,Diamond Harbour,6,Yeamin Laskar,Aam Janata Unnayan party,373,0,373,0.16,24,24,West Bengal,South 24 Parganas,General,,2026
143,Diamond Harbour,7,Goutam Kumar Halder,Independent,311,1,312,0.13,24,24,West Bengal,South 24 Parganas,General,,2026
143,Diamond Harbour,8,Dipak Halder,Independent,398,5,403,0.17,24,24,West Bengal,South 24 Parganas,General,,2026
143,Diamond Harbour,9,Pannalal Halder,Independent,1399,11,1410,0.61,24,24,West Bengal,South 24 Parganas,General,,2026
143,Diamond Harbour,10,Humayun Shah,Independent,533,1,534,0.23,24,24,West Bengal,South 24 Parganas,General,,2026
143,Diamond Harbour,11,Nota,None of the Above,1368,11,1379,0.59,24,24,West Bengal,South 24 Parganas,General,,2026
144,Falta,1,Abdur Razzak Molla,Indian National Congress,0,0,0,0,0,0,West Bengal,South 24 Parganas,General,Left–Congress alliance,2026
144,Falta,2,Jahangir Khan,All India Trinamool Congress,0,0,0,0,0,0,West Bengal,South 24 Parganas,General,,2026
144,Falta,3,Debangshu Panda,Bharatiya Janata Party,0,0,0,0,0,0,West Bengal,South 24 Parganas,General,,2026
144,Falta,4,Sambhu Nath Kurmi,Communist Party of India (Marxist),0,0,0,0,0,0,West Bengal,South 24 Parganas,General,Left–Congress alliance,2026
144,Falta,5,Chandrakanta Roy,Independent,0,0,0,0,0,0,West Bengal,South 24 Parganas,General,,2026
144,Falta,6,Dip Hati,Independent,0,0,0,0,0,0,West Bengal,South 24 Parganas,General,,2026
144,Falta,7,Nota,None of the Above,0,0,0,0,0,0,West Bengal,South 24 Parganas,General,,2026
145,Satgachhia,1,Agniswar Naskar,Bharatiya Janata Party,110412,611,111023,46.38,18,18,West Bengal,South 24 Parganas,General,,2026
145,Satgachhia,2,Goutam Pal,Communist Party of India (Marxist),11638,98,11736,4.9,18,18,West Bengal,South 24 Parganas,General,Left–Congress alliance,2026
145,Satgachhia,3,Prabhash Chandra Ghosh,Indian National Congress,1566,11,1577,0.66,18,18,West Bengal,South 24 Parganas,General,Left–Congress alliance,2026
145,Satgachhia,4,Somashree Betal,All India Trinamool Congress,110028,594,110622,46.21,18,18,West Bengal,South 24 Parganas,General,,2026
145,Satgachhia,5,Uttam Pal,Socialist Unity Centre Of India (COMMUNIST),1001,1,1002,0.42,18,18,West Bengal,South 24 Parganas,General,,2026
145,Satgachhia,6,Palash Kr Mondal,Independent,1089,2,1091,0.46,18,18,West Bengal,South 24 Parganas,General,,2026
145,Satgachhia,7,Sanjoy Pramanick,Independent,288,1,289,0.12,18,18,West Bengal,South 24 Parganas,General,,2026
145,Satgachhia,8,Sanjit Ghorui,Independent,375,1,376,0.16,18,18,West Bengal,South 24 Parganas,General,,2026
145,Satgachhia,9,Nota,None of the Above,1643,11,1654,0.69,18,18,West Bengal,South 24 Parganas,General,,2026
146,Bishnupur,1,Abhijit Sardar,Bharatiya Janata Party,95248,474,95722,38.2,24,24,West Bengal,South 24 Parganas,SC,,2026
146,Bishnupur,2,Arghya Naskar,Indian National Congress,3139,19,3158,1.26,24,24,West Bengal,South 24 Parganas,SC,Left–Congress alliance,2026
146,Bishnupur,3,Dilip Mondal,All India Trinamool Congress,132051,596,132647,52.93,24,24,West Bengal,South 24 Parganas,SC,,2026
146,Bishnupur,4,Rabindranath Ranjan,Bahujan Samaj Party,1177,1,1178,0.47,24,24,West Bengal,South 24 Parganas,SC,,2026
146,Bishnupur,5,Shyamal Dal,Communist Party of India (Marxist),13272,66,13338,5.32,24,24,West Bengal,South 24 Parganas,SC,Left–Congress alliance,2026
146,Bishnupur,6,Uttam Naskar,Independent,483,10,493,0.2,24,24,West Bengal,South 24 Parganas,SC,,2026
146,Bishnupur,7,Purnendu Naskar,Independent,1725,3,1728,0.69,24,24,West Bengal,South 24 Parganas,SC,,2026
146,Bishnupur,8,Haran Mondal,Independent,657,3,660,0.26,24,24,West Bengal,South 24 Parganas,SC,,2026
146,Bishnupur,9,Nota,None of the Above,1663,5,1668,0.67,24,24,West Bengal,South 24 Parganas,SC,,2026
147,Sonarpur Dakshin,1,Arundhuti Maitra(Lovely),All India Trinamool Congress,92355,833,93188,37.82,21,21,West Bengal,South 24 Parganas,General,,2026
147,Sonarpur Dakshin,2,Asima Mondal,Bahujan Samaj Party,840,6,846,0.34,21,21,West Bengal,South 24 Parganas,General,,2026
147,Sonarpur Dakshin,3,Rupa Ganguly,Bharatiya Janata Party,126968,2002,128970,52.34,21,21,West Bengal,South 24 Parganas,General,,2026
147,Sonarpur Dakshin,4,Subrata Dutta,Indian National Congress,1346,22,1368,0.56,21,21,West Bengal,South 24 Parganas,General,Left–Congress alliance,2026
147,Sonarpur Dakshin,5,Dilip Gayen,Mulnibasi Party of India,259,11,270,0.11,21,21,West Bengal,South 24 Parganas,General,,2026
147,Sonarpur Dakshin,6,Paramita Dasgupta,Communist Party of India,16509,275,16784,6.81,21,21,West Bengal,South 24 Parganas,General,Left–Congress alliance,2026
147,Sonarpur Dakshin,7,Minati Mitra Halder,Socialist Unity Centre Of India (COMMUNIST),490,9,499,0.2,21,21,West Bengal,South 24 Parganas,General,,2026
147,Sonarpur Dakshin,8,Atrasta Nath,Independent,121,2,123,0.05,21,21,West Bengal,South 24 Parganas,General,,2026
147,Sonarpur Dakshin,9,Prohallad Naskar,Independent,164,4,168,0.07,21,21,West Bengal,South 24 Parganas,General,,2026
147,Sonarpur Dakshin,10,Pradip Kumar Mandal,Independent,141,1,142,0.06,21,21,West Bengal,South 24 Parganas,General,,2026
147,Sonarpur Dakshin,11,Rathin Sarkar,Independent,208,2,210,0.09,21,21,West Bengal,South 24 Parganas,General,,2026
147,Sonarpur Dakshin,12,Rajanya Haldar(Sara),Independent,508,4,512,0.21,21,21,West Bengal,South 24 Parganas,General,,2026
147,Sonarpur Dakshin,13,Rupa Mondal,Independent,662,3,665,0.27,21,21,West Bengal,South 24 Parganas,General,,2026
147,Sonarpur Dakshin,14,Rumpa Ganguly,Independent,696,2,698,0.28,21,21,West Bengal,South 24 Parganas,General,,2026
147,Sonarpur Dakshin,15,Nota,None of the Above,1907,43,1950,0.79,21,21,West Bengal,South 24 Parganas,General,,2026
148,Bhangar,1,Jayanta Gayen,Bharatiya Janata Party,30041,136,30177,11.29,18,18,West Bengal,South 24 Parganas,General,,2026
148,Bhangar,2,Mahabubul Islam,Indian National Congress,594,4,598,0.22,18,18,West Bengal,South 24 Parganas,General,Left–Congress alliance,2026
148,Bhangar,3,Sujata Ranjan,Bahujan Samaj Party,625,5,630,0.24,18,18,West Bengal,South 24 Parganas,General,,2026
148,Bhangar,4,Saokat Molla,All India Trinamool Congress,94054,413,94467,35.33,18,18,West Bengal,South 24 Parganas,General,,2026
148,Bhangar,5,Md Nawsad Siddique,All India Secular Front,126298,257,126555,47.33,18,18,West Bengal,South 24 Parganas,General,,2026
148,Bhangar,6,Rafique Akunji,Socialist Unity Centre Of India (COMMUNIST),562,1,563,0.21,18,18,West Bengal,South 24 Parganas,General,,2026
148,Bhangar,7,Sima Bhattacharyya,Aam Janata Unnayan party,193,1,194,0.07,18,18,West Bengal,South 24 Parganas,General,,2026
148,Bhangar,8,Akiyabul Middya,Independent,292,2,294,0.11,18,18,West Bengal,South 24 Parganas,General,,2026
148,Bhangar,9,Ikbal Molla,Independent,290,0,290,0.11,18,18,West Bengal,South 24 Parganas,General,,2026
148,Bhangar,10,Kamaluddin Molla,Independent,414,1,415,0.16,18,18,West Bengal,South 24 Parganas,General,,2026
148,Bhangar,11,Karimul Molla,Independent,603,0,603,0.23,18,18,West Bengal,South 24 Parganas,General,,2026
148,Bhangar,12,Naosan Molla,Independent,5967,1,5968,2.23,18,18,West Bengal,South 24 Parganas,General,,2026
148,Bhangar,13,Mafijul Ali Biswas,Independent,2127,1,2128,0.8,18,18,West Bengal,South 24 Parganas,General,,2026
148,Bhangar,14,Masadul Molla,Independent,925,1,926,0.35,18,18,West Bengal,South 24 Parganas,General,,2026
148,Bhangar,15,Mirja Hasan,Independent,508,2,510,0.19,18,18,West Bengal,South 24 Parganas,General,,2026
148,Bhangar,16,Md Mir Samsuddin,Independent,618,0,618,0.23,18,18,West Bengal,South 24 Parganas,General,,2026
148,Bhangar,17,Md Momtajur Rahaman Molla,Independent,422,0,422,0.16,18,18,West Bengal,South 24 Parganas,General,,2026
148,Bhangar,18,Md Rabiul Islam Gazi,Independent,230,2,232,0.09,18,18,West Bengal,South 24 Parganas,General,,2026
148,Bhangar,19,Rajib Ahamed,Independent,208,1,209,0.08,18,18,West Bengal,South 24 Parganas,General,,2026
148,Bhangar,20,Nota,None of the Above,1585,10,1595,0.6,18,18,West Bengal,South 24 Parganas,General,,2026
149,Kasba,1,Ahmed Javed Khan,All India Trinamool Congress,117437,456,117893,48.88,23,23,West Bengal,South 24 Parganas,General,,2026
149,Kasba,2,Banerjee Sandip,Bharatiya Janata Party,96337,582,96919,40.18,23,23,West Bengal,South 24 Parganas,General,,2026
149,Kasba,3,Dipu Das,Communist Party of India (Marxist),19814,228,20042,8.31,23,23,West Bengal,South 24 Parganas,General,Left–Congress alliance,2026
149,Kasba,4,Md. Hasim Zeshan Ahmad,Indian National Congress,1996,23,2019,0.84,23,23,West Bengal,South 24 Parganas,General,Left–Congress alliance,2026
149,Kasba,5,Sanjib Biswas,Bahujan Samaj Party,217,3,220,0.09,23,23,West Bengal,South 24 Parganas,General,,2026
149,Kasba,6,Shampa Sarkar,Socialist Unity Centre Of India (COMMUNIST),403,5,408,0.17,23,23,West Bengal,South 24 Parganas,General,,2026
149,Kasba,7,Chandan Dey,Independent,208,1,209,0.09,23,23,West Bengal,South 24 Parganas,General,,2026
149,Kasba,8,Debasish Ghosh Dastidar,Independent,401,2,403,0.17,23,23,West Bengal,South 24 Parganas,General,,2026
149,Kasba,9,Iqbal Hossain,Independent,122,4,126,0.05,23,23,West Bengal,South 24 Parganas,General,,2026
149,Kasba,10,Ishtiaque Anwar,Independent,158,3,161,0.07,23,23,West Bengal,South 24 Parganas,General,,2026
149,Kasba,11,Partha Pratim Roy,Independent,197,2,199,0.08,23,23,West Bengal,South 24 Parganas,General,,2026
149,Kasba,12,Pradyot Kumar Sur,Independent,265,1,266,0.11,23,23,West Bengal,South 24 Parganas,General,,2026
149,Kasba,13,Swapan Chakraborty,Independent,438,1,439,0.18,23,23,West Bengal,South 24 Parganas,General,,2026
149,Kasba,14,Nota,None of the Above,1877,25,1902,0.79,23,23,West Bengal,South 24 Parganas,General,,2026
150,Jadavpur,1,Debabrata Majumdar (Malay),All India Trinamool Congress,77787,696,78483,33.96,26,26,West Bengal,South 24 Parganas,General,,2026
150,Jadavpur,2,Bikashranjan Bhattacharya,Communist Party of India (Marxist),40523,625,41148,17.81,26,26,West Bengal,South 24 Parganas,General,Left–Congress alliance,2026
150,Jadavpur,3,Sarbori Mukherjee,Bharatiya Janata Party,105224,975,106199,45.96,26,26,West Bengal,South 24 Parganas,General,,2026
150,Jadavpur,4,Shyamali Mondal,Indian National Congress,1465,37,1502,0.65,26,26,West Bengal,South 24 Parganas,General,Left–Congress alliance,2026
150,Jadavpur,5,Debabrata Bera,Socialist Unity Centre Of India (COMMUNIST),464,6,470,0.2,26,26,West Bengal,South 24 Parganas,General,,2026
150,Jadavpur,6,Krishanu Nag,Independent,111,0,111,0.05,26,26,West Bengal,South 24 Parganas,General,,2026
150,Jadavpur,7,Gautam Goswami,Independent,157,0,157,0.07,26,26,West Bengal,South 24 Parganas,General,,2026
150,Jadavpur,8,Jaba Sarkar,Independent,117,7,124,0.05,26,26,West Bengal,South 24 Parganas,General,,2026
150,Jadavpur,9,Tanujit Das,Independent,119,2,121,0.05,26,26,West Bengal,South 24 Parganas,General,,2026
150,Jadavpur,10,Biswajit Das,Independent,98,4,102,0.04,26,26,West Bengal,South 24 Parganas,General,,2026
150,Jadavpur,11,Bhaswati Gangopadhyay,Independent,182,0,182,0.08,26,26,West Bengal,South 24 Parganas,General,,2026
150,Jadavpur,12,Meghnad Naskar,Independent,231,4,235,0.1,26,26,West Bengal,South 24 Parganas,General,,2026
150,Jadavpur,13,Santanu Sarkar,Independent,265,0,265,0.11,26,26,West Bengal,South 24 Parganas,General,,2026
150,Jadavpur,14,Nota,None of the Above,1931,45,1976,0.86,26,26,West Bengal,South 24 Parganas,General,,2026
151,Sonarpur Uttar,1,Jagannath Kumir,Indian National Congress,1509,24,1533,0.6,22,22,West Bengal,South 24 Parganas,General,Left–Congress alliance,2026
151,Sonarpur Uttar,2,Debasish Dhar,Bharatiya Janata Party,118980,844,119824,46.73,22,22,West Bengal,South 24 Parganas,General,,2026
151,Sonarpur Uttar,3,Firdousi Begam,All India Trinamool Congress,109519,498,110017,42.9,22,22,West Bengal,South 24 Parganas,General,,2026
151,Sonarpur Uttar,4,Monalisa Sinha,Communist Party of India (Marxist),19564,180,19744,7.7,22,22,West Bengal,South 24 Parganas,General,Left–Congress alliance,2026
151,Sonarpur Uttar,5,Sanjoy Pramanik,Bahujan Samaj Party,386,5,391,0.15,22,22,West Bengal,South 24 Parganas,General,,2026
151,Sonarpur Uttar,6,Anindya Ray Chaudhury,Socialist Unity Centre Of India (COMMUNIST),353,4,357,0.14,22,22,West Bengal,South 24 Parganas,General,,2026
151,Sonarpur Uttar,7,Arup Mandal,Independent,141,0,141,0.05,22,22,West Bengal,South 24 Parganas,General,,2026
151,Sonarpur Uttar,8,Abul Kashem,Independent,197,2,199,0.08,22,22,West Bengal,South 24 Parganas,General,,2026
151,Sonarpur Uttar,9,Dipendu Isar,Independent,175,3,178,0.07,22,22,West Bengal,South 24 Parganas,General,,2026
151,Sonarpur Uttar,10,Narayan Das,Independent,233,3,236,0.09,22,22,West Bengal,South 24 Parganas,General,,2026
151,Sonarpur Uttar,11,Samir Bhattacharya,Independent,375,2,377,0.15,22,22,West Bengal,South 24 Parganas,General,,2026
151,Sonarpur Uttar,12,Saraswati Mondal,Independent,1259,3,1262,0.49,22,22,West Bengal,South 24 Parganas,General,,2026
151,Sonarpur Uttar,13,Sushama Maity Manna,Independent,576,10,586,0.23,22,22,West Bengal,South 24 Parganas,General,,2026
151,Sonarpur Uttar,14,Nota,None of the Above,1585,14,1599,0.62,22,22,West Bengal,South 24 Parganas,General,,2026
152,Tollyganj,1,Amal Dhali,Bahujan Samaj Party,624,8,632,0.31,17,17,West Bengal,South 24 Parganas,General,,2026
152,Tollyganj,2,Aroop Biswas,All India Trinamool Congress,81646,748,82394,40.06,17,17,West Bengal,South 24 Parganas,General,,2026
152,Tollyganj,3,Papia Adhikary,Bharatiya Janata Party,87693,714,88407,42.99,17,17,West Bengal,South 24 Parganas,General,,2026
152,Tollyganj,4,Partha Pratim Biswas,Communist Party of India (Marxist),29917,418,30335,14.75,17,17,West Bengal,South 24 Parganas,General,Left–Congress alliance,2026
152,Tollyganj,5,Manas Sinha Roy,Indian National Congress,1052,14,1066,0.52,17,17,West Bengal,South 24 Parganas,General,Left–Congress alliance,2026
152,Tollyganj,6,Sumita Banerjee,Socialist Unity Centre Of India (COMMUNIST),289,3,292,0.14,17,17,West Bengal,South 24 Parganas,General,,2026
152,Tollyganj,7,Dr.Chandrachur Goswami,Independent,122,7,129,0.06,17,17,West Bengal,South 24 Parganas,General,,2026
152,Tollyganj,8,Tapan Das,Independent,87,4,91,0.04,17,17,West Bengal,South 24 Parganas,General,,2026
152,Tollyganj,9,Debashis Das,Independent,158,6,164,0.08,17,17,West Bengal,South 24 Parganas,General,,2026
152,Tollyganj,10,Moumita Kirtan,Independent,220,4,224,0.11,17,17,West Bengal,South 24 Parganas,General,,2026
152,Tollyganj,11,Rupa Biswas,Independent,423,3,426,0.21,17,17,West Bengal,South 24 Parganas,General,,2026
152,Tollyganj,12,Nota,None of the Above,1466,35,1501,0.73,17,17,West Bengal,South 24 Parganas,General,,2026
153,Behala Purba,1,Abhijit Raha,Indian National Congress,1845,38,1883,0.8,23,23,West Bengal,South 24 Parganas,General,Left–Congress alliance,2026
153,Behala Purba,2,Dr Nilay Majumdar,Communist Party of India (Marxist),21748,243,21991,9.37,23,23,West Bengal,South 24 Parganas,General,Left–Congress alliance,2026
153,Behala Purba,3,Pushpa Dhali,Bahujan Samaj Party,678,12,690,0.29,23,23,West Bengal,South 24 Parganas,General,,2026
153,Behala Purba,4,Sankar Sikder,Bharatiya Janata Party,114598,904,115502,49.22,23,23,West Bengal,South 24 Parganas,General,,2026
153,Behala Purba,5,Subhasish Chakraborty,All India Trinamool Congress,89794,571,90365,38.5,23,23,West Bengal,South 24 Parganas,General,,2026
153,Behala Purba,6,Asish Samanta,Socialist Unity Centre Of India (COMMUNIST),676,7,683,0.29,23,23,West Bengal,South 24 Parganas,General,,2026
153,Behala Purba,7,Ashim Chakraborty,Independent,147,0,147,0.06,23,23,West Bengal,South 24 Parganas,General,,2026
153,Behala Purba,8,Atanu Das,Independent,217,2,219,0.09,23,23,West Bengal,South 24 Parganas,General,,2026
153,Behala Purba,9,Bholanath Patra,Independent,610,0,610,0.26,23,23,West Bengal,South 24 Parganas,General,,2026
153,Behala Purba,10,Krishnasish Gangopadhyay,Independent,328,2,330,0.14,23,23,West Bengal,South 24 Parganas,General,,2026
153,Behala Purba,11,Pintu Bayen,Independent,233,2,235,0.1,23,23,West Bengal,South 24 Parganas,General,,2026
153,Behala Purba,12,Subhashis Kar,Independent,395,2,397,0.17,23,23,West Bengal,South 24 Parganas,General,,2026
153,Behala Purba,13,Nota,None of the Above,1595,40,1635,0.7,23,23,West Bengal,South 24 Parganas,General,,2026
154,Behala Paschim,1,Adarsha Roy,Bahujan Samaj Party,498,5,503,0.21,26,26,West Bengal,South 24 Parganas,General,,2026
154,Behala Paschim,2,Dr. Indranil Khan,Bharatiya Janata Party,112104,1067,113171,47.39,26,26,West Bengal,South 24 Parganas,General,,2026
154,Behala Paschim,3,Nihar Bhakta,Communist Party of India (Marxist),30358,318,30676,12.85,26,26,West Bengal,South 24 Parganas,General,Left–Congress alliance,2026
154,Behala Paschim,4,Ratna Chatterjee,All India Trinamool Congress,87760,712,88472,37.05,26,26,West Bengal,South 24 Parganas,General,,2026
154,Behala Paschim,5,Saibal Ray,Indian National Congress,1592,14,1606,0.67,26,26,West Bengal,South 24 Parganas,General,Left–Congress alliance,2026
154,Behala Paschim,6,Sanjoy Biswas,Socialist Unity Centre Of India (COMMUNIST),548,7,555,0.23,26,26,West Bengal,South 24 Parganas,General,,2026
154,Behala Paschim,7,Saroop Chattopadhyay,Aam Janata Unnayan party,122,0,122,0.05,26,26,West Bengal,South 24 Parganas,General,,2026
154,Behala Paschim,8,Mohit Banerjee,Independent,110,1,111,0.05,26,26,West Bengal,South 24 Parganas,General,,2026
154,Behala Paschim,9,Mousumi Ghosh,Independent,182,2,184,0.08,26,26,West Bengal,South 24 Parganas,General,,2026
154,Behala Paschim,10,Mridul Ojha,Independent,148,1,149,0.06,26,26,West Bengal,South 24 Parganas,General,,2026
154,Behala Paschim,11,Nihar Roy,Independent,271,5,276,0.12,26,26,West Bengal,South 24 Parganas,General,,2026
154,Behala Paschim,12,Ratna Baitha,Independent,599,4,603,0.25,26,26,West Bengal,South 24 Parganas,General,,2026
154,Behala Paschim,13,Sutapa Das,Independent,454,2,456,0.19,26,26,West Bengal,South 24 Parganas,General,,2026
154,Behala Paschim,14,Swapan Das,Independent,428,0,428,0.18,26,26,West Bengal,South 24 Parganas,General,,2026
154,Behala Paschim,15,Nota,None of the Above,1441,43,1484,0.62,26,26,West Bengal,South 24 Parganas,General,,2026
155,Maheshtala,1,Abdul Hannan Sk,Indian National Congress,3121,13,3134,1.36,17,17,West Bengal,South 24 Parganas,General,Left–Congress alliance,2026
155,Maheshtala,2,Tamanath Bhowmick,Bharatiya Janata Party,83489,409,83898,36.51,17,17,West Bengal,South 24 Parganas,General,,2026
155,Maheshtala,3,Subhasis Das,All India Trinamool Congress,116507,304,116811,50.83,17,17,West Bengal,South 24 Parganas,General,,2026
155,Maheshtala,4,Shailesh Kumar,Bahujan Samaj Party,926,3,929,0.4,17,17,West Bengal,South 24 Parganas,General,,2026
155,Maheshtala,5,Sayan Banerjee,Communist Party of India (Marxist),21095,127,21222,9.24,17,17,West Bengal,South 24 Parganas,General,Left–Congress alliance,2026
155,Maheshtala,6,Mohammed Aslam,Aam Janata Unnayan party,261,1,262,0.11,17,17,West Bengal,South 24 Parganas,General,,2026
155,Maheshtala,7,Sangeeta Maiti,Socialist Unity Centre Of India (COMMUNIST),324,0,324,0.14,17,17,West Bengal,South 24 Parganas,General,,2026
155,Maheshtala,8,Samir Kumar Mondal,Independent,301,4,305,0.13,17,17,West Bengal,South 24 Parganas,General,,2026
155,Maheshtala,9,Suprakash Mandal,Independent,1108,1,1109,0.48,17,17,West Bengal,South 24 Parganas,General,,2026
155,Maheshtala,10,Subir Chakraborty,Independent,524,0,524,0.23,17,17,West Bengal,South 24 Parganas,General,,2026
155,Maheshtala,11,Nota,None of the Above,1256,17,1273,0.55,17,17,West Bengal,South 24 Parganas,General,,2026
156,Budge Budge,1,Ashok Kumar Deb,All India Trinamool Congress,126425,666,127091,58.27,12,12,West Bengal,South 24 Parganas,General,,2026
156,Budge Budge,2,Dr Tarun Kumar Adak,Bharatiya Janata Party,79787,454,80241,36.79,12,12,West Bengal,South 24 Parganas,General,,2026
156,Budge Budge,3,Mujibar Rahman Kayal,Indian National Congress,5297,26,5323,2.44,12,12,West Bengal,South 24 Parganas,General,Left–Congress alliance,2026
156,Budge Budge,4,Kajal Dutta,Communist Party of India (Marxist-Leninist) (Liberation),2009,28,2037,0.93,12,12,West Bengal,South 24 Parganas,General,,2026
156,Budge Budge,5,Basudeb Kabri,Socialist Unity Centre Of India (COMMUNIST),444,8,452,0.21,12,12,West Bengal,South 24 Parganas,General,,2026
156,Budge Budge,6,Tanmoy Sardar,Independent,308,0,308,0.14,12,12,West Bengal,South 24 Parganas,General,,2026
156,Budge Budge,7,Mainur Khan,Independent,645,3,648,0.3,12,12,West Bengal,South 24 Parganas,General,,2026
156,Budge Budge,8,Nota,None of the Above,1977,16,1993,0.91,12,12,West Bengal,South 24 Parganas,General,,2026
157,Metiaburuz,1,Abdul Khaleque Molla,All India Trinamool Congress,124040,190,124230,68.99,11,11,West Bengal,South 24 Parganas,General,,2026
157,Metiaburuz,2,Bir Bahadur Singh,Bharatiya Janata Party,36193,158,36351,20.19,11,11,West Bengal,South 24 Parganas,General,,2026
157,Metiaburuz,3,Md Mukhtar,Indian National Congress,6431,10,6441,3.58,11,11,West Bengal,South 24 Parganas,General,Left–Congress alliance,2026
157,Metiaburuz,4,Monirul Islam,Communist Party of India (Marxist),9525,42,9567,5.31,11,11,West Bengal,South 24 Parganas,General,Left–Congress alliance,2026
157,Metiaburuz,5,Ram Ramishwar,Bahujan Samaj Party,239,3,242,0.13,11,11,West Bengal,South 24 Parganas,General,,2026
157,Metiaburuz,6,Ajaz Ahmed Ansari,Aam Janata Unnayan party,87,0,87,0.05,11,11,West Bengal,South 24 Parganas,General,,2026
157,Metiaburuz,7,Rafiqul Islam Gazi,Indian Union Muslim League,118,3,121,0.07,11,11,West Bengal,South 24 Parganas,General,,2026
157,Metiaburuz,8,Rina Adhikari Roy,Socialist Unity Centre Of India (COMMUNIST),222,2,224,0.12,11,11,West Bengal,South 24 Parganas,General,,2026
157,Metiaburuz,9,Ahmed Ali Molla,Independent,148,1,149,0.08,11,11,West Bengal,South 24 Parganas,General,,2026
157,Metiaburuz,10,Mahabbat Khan,Independent,563,0,563,0.31,11,11,West Bengal,South 24 Parganas,General,,2026
157,Metiaburuz,11,Sk Monirul Islam,Independent,408,0,408,0.23,11,11,West Bengal,South 24 Parganas,General,,2026
157,Metiaburuz,12,Nota,None of the Above,1678,7,1685,0.94,11,11,West Bengal,South 24 Parganas,General,,2026
158,Kolkata Port,1,Aquib Gulzar,Indian National Congress,2523,10,2533,1.64,19,19,West Bengal,Kolkata,General,Left–Congress alliance,2026
158,Kolkata Port,2,Faiyaz Ahmad Khan,Communist Party of India (Marxist),2543,28,2571,1.66,19,19,West Bengal,Kolkata,General,Left–Congress alliance,2026
158,Kolkata Port,3,Firhad Hakim,All India Trinamool Congress,100881,345,101226,65.43,19,19,West Bengal,Kolkata,General,,2026
158,Kolkata Port,4,Firoza Khatun,Bahujan Samaj Party,524,2,526,0.34,19,19,West Bengal,Kolkata,General,,2026
158,Kolkata Port,5,Rakesh Singh,Bharatiya Janata Party,44876,270,45146,29.18,19,19,West Bengal,Kolkata,General,,2026
158,Kolkata Port,6,Md Imtiyaz Alam,Aam Janata Unnayan party,164,2,166,0.11,19,19,West Bengal,Kolkata,General,,2026
158,Kolkata Port,7,Sri Chand Bind,Socialist Unity Centre Of India (COMMUNIST),132,1,133,0.09,19,19,West Bengal,Kolkata,General,,2026
158,Kolkata Port,8,Biswajit Halder,Independent,54,1,55,0.04,19,19,West Bengal,Kolkata,General,,2026
158,Kolkata Port,9,Dinesh Shaw,Independent,97,0,97,0.06,19,19,West Bengal,Kolkata,General,,2026
158,Kolkata Port,10,Md. Momtaz Alam,Independent,158,0,158,0.1,19,19,West Bengal,Kolkata,General,,2026
158,Kolkata Port,11,Om Prakash Ram,Independent,241,1,242,0.16,19,19,West Bengal,Kolkata,General,,2026
158,Kolkata Port,12,Qaisar Khan,Independent,222,0,222,0.14,19,19,West Bengal,Kolkata,General,,2026
158,Kolkata Port,13,Sanjay Dey,Independent,782,4,786,0.51,19,19,West Bengal,Kolkata,General,,2026
158,Kolkata Port,14,Sekh Sadik Hossain,Independent,268,0,268,0.17,19,19,West Bengal,Kolkata,General,,2026
158,Kolkata Port,15,Nota,None of the Above,571,2,573,0.37,19,19,West Bengal,Kolkata,General,,2026
159,Bhabanipur,1,Adhikari Suvendu,Bharatiya Janata Party,73463,454,73917,53.02,20,20,West Bengal,Kolkata,General,,2026
159,Bhabanipur,2,Mamata Banerjee,All India Trinamool Congress,58349,463,58812,42.19,20,20,West Bengal,Kolkata,General,,2026
159,Bhabanipur,3,Pradip Prasad,Indian National Congress,1243,14,1257,0.9,20,20,West Bengal,Kolkata,General,Left–Congress alliance,2026
159,Bhabanipur,4,Shrijeeb Biswas,Communist Party of India (Marxist),3513,43,3556,2.55,20,20,West Bengal,Kolkata,General,Left–Congress alliance,2026
159,Bhabanipur,5,Anumita Shaw,Socialist Unity Centre Of India (COMMUNIST),217,2,219,0.16,20,20,West Bengal,Kolkata,General,,2026
159,Bhabanipur,6,Manika Mukherjee,Bharatiya Nyay-Adhikar Raksha Party,70,3,73,0.05,20,20,West Bengal,Kolkata,General,,2026
159,Bhabanipur,7,Malay Guha Roy,Independent,67,1,68,0.05,20,20,West Bengal,Kolkata,General,,2026
159,Bhabanipur,8,Mumtaz Ali,Independent,79,0,79,0.06,20,20,West Bengal,Kolkata,General,,2026
159,Bhabanipur,9,Narayan Das,Independent,83,1,84,0.06,20,20,West Bengal,Kolkata,General,,2026
159,Bhabanipur,10,Safar Sekh,Independent,71,0,71,0.05,20,20,West Bengal,Kolkata,General,,2026
159,Bhabanipur,11,Sk Safi Ahamed,Independent,141,1,142,0.1,20,20,West Bengal,Kolkata,General,,2026
159,Bhabanipur,12,Subrata Bose,Independent,305,1,306,0.22,20,20,West Bengal,Kolkata,General,,2026
159,Bhabanipur,13,Nota,None of the Above,817,12,829,0.59,20,20,West Bengal,Kolkata,General,,2026
160,Rashbehari,1,Ashutosh Chatterjee,Indian National Congress,2351,76,2427,1.75,20,20,West Bengal,Kolkata,General,Left–Congress alliance,2026
160,Rashbehari,2,Dasgupta Swapan,Bharatiya Janata Party,73398,725,74123,53.4,20,20,West Bengal,Kolkata,General,,2026
160,Rashbehari,3,Debasish Kumar (Deba),All India Trinamool Congress,52666,592,53258,38.37,20,20,West Bengal,Kolkata,General,,2026
160,Rashbehari,4,Dilip Chandra Halder,Socialist Unity Centre Of India (COMMUNIST),831,14,845,0.61,20,20,West Bengal,Kolkata,General,,2026
160,Rashbehari,5,Manas Ghosh,Communist Party of India (Marxist-Leninist) (Liberation),5537,81,5618,4.05,20,20,West Bengal,Kolkata,General,,2026
160,Rashbehari,6,Sk Alamgir,Independent,200,3,203,0.15,20,20,West Bengal,Kolkata,General,,2026
160,Rashbehari,7,Debashis Nath,Independent,311,10,321,0.23,20,20,West Bengal,Kolkata,General,,2026
160,Rashbehari,8,Gopal Ghosh,Independent,505,8,513,0.37,20,20,West Bengal,Kolkata,General,,2026
160,Rashbehari,9,Pankaj Thakkar,Independent,206,4,210,0.15,20,20,West Bengal,Kolkata,General,,2026
160,Rashbehari,10,Nota,None of the Above,1260,36,1296,0.93,20,20,West Bengal,Kolkata,General,,2026
161,Ballygunge,1,Afreen Begum,Communist Party of India (Marxist),7128,57,7185,4.29,16,16,West Bengal,Kolkata,General,Left–Congress alliance,2026
161,Ballygunge,2,Dola Sarkar,Bahujan Samaj Party,376,7,383,0.23,16,16,West Bengal,Kolkata,General,,2026
161,Ballygunge,3,Rohan Mitra,Indian National Congress,1948,27,1975,1.18,16,16,West Bengal,Kolkata,General,Left–Congress alliance,2026
161,Ballygunge,4,Shatorupa,Bharatiya Janata Party,46692,313,47005,28.08,16,16,West Bengal,Kolkata,General,,2026
161,Ballygunge,5,Sobhandeb Chattopadhyay,All India Trinamool Congress,108071,410,108481,64.81,16,16,West Bengal,Kolkata,General,,2026
161,Ballygunge,6,Ayasanul Haque Sk.,Socialist Unity Centre Of India (COMMUNIST),424,3,427,0.26,16,16,West Bengal,Kolkata,General,,2026
161,Ballygunge,7,Faisal Khan,Aam Janata Unnayan party,112,0,112,0.07,16,16,West Bengal,Kolkata,General,,2026
161,Ballygunge,8,Gobinda Naskar,Independent,136,1,137,0.08,16,16,West Bengal,Kolkata,General,,2026
161,Ballygunge,9,Mehboob Alam,Independent,366,0,366,0.22,16,16,West Bengal,Kolkata,General,,2026
161,Ballygunge,10,Reepa Bhattacharjee,Independent,158,4,162,0.1,16,16,West Bengal,Kolkata,General,,2026
161,Ballygunge,11,Shaik Imran,Independent,140,1,141,0.08,16,16,West Bengal,Kolkata,General,,2026
161,Ballygunge,12,Uttam Kumar Das,Independent,190,1,191,0.11,16,16,West Bengal,Kolkata,General,,2026
161,Ballygunge,13,Nota,None of the Above,806,13,819,0.49,16,16,West Bengal,Kolkata,General,,2026
162,Chowrangee,1,Bandyopadhyay Nayna,All India Trinamool Congress,62720,218,62938,57.15,21,21,West Bengal,Kolkata,General,,2026
162,Chowrangee,2,Manash Sarkar,Indian National Congress,2105,12,2117,1.92,21,21,West Bengal,Kolkata,General,Left–Congress alliance,2026
162,Chowrangee,3,Sanjay Basu,Communist Party of India (Marxist),2572,30,2602,2.36,21,21,West Bengal,Kolkata,General,Left–Congress alliance,2026
162,Chowrangee,4,Santosh Kumar Pathak,Bharatiya Janata Party,40734,202,40936,37.17,21,21,West Bengal,Kolkata,General,,2026
162,Chowrangee,5,Debasish Bhadra,Right to Recall Party,111,0,111,0.1,21,21,West Bengal,Kolkata,General,,2026
162,Chowrangee,6,Prabir Seal,Socialist Unity Centre Of India (COMMUNIST),175,3,178,0.16,21,21,West Bengal,Kolkata,General,,2026
162,Chowrangee,7,Johar Iqbal,Independent,34,0,34,0.03,21,21,West Bengal,Kolkata,General,,2026
162,Chowrangee,8,Md Ehsan Elahi,Independent,65,0,65,0.06,21,21,West Bengal,Kolkata,General,,2026
162,Chowrangee,9,Sayantan Patra,Independent,118,0,118,0.11,21,21,West Bengal,Kolkata,General,,2026
162,Chowrangee,10,Sumanta Bhowmick,Independent,75,1,76,0.07,21,21,West Bengal,Kolkata,General,,2026
162,Chowrangee,11,Tejash Bole,Independent,114,1,115,0.1,21,21,West Bengal,Kolkata,General,,2026
162,Chowrangee,12,Nota,None of the Above,823,9,832,0.76,21,21,West Bengal,Kolkata,General,,2026
163,Entally,1,Abdul Rauf,Communist Party of India (Marxist),4861,43,4904,2.97,21,21,West Bengal,Kolkata,General,Left–Congress alliance,2026
163,Entally,2,Kashif Reza,Indian National Congress,1591,8,1599,0.97,21,21,West Bengal,Kolkata,General,Left–Congress alliance,2026
163,Entally,3,Dr. Priyanka Tibrewal,Bharatiya Janata Party,60216,205,60421,36.57,21,21,West Bengal,Kolkata,General,,2026
163,Entally,4,Sandipan Saha,All India Trinamool Congress,94244,183,94427,57.16,21,21,West Bengal,Kolkata,General,,2026
163,Entally,5,Sams Mushafir,Socialist Unity Centre Of India (COMMUNIST),552,1,553,0.33,21,21,West Bengal,Kolkata,General,,2026
163,Entally,6,Sha Alam,Aam Janata Unnayan party,113,2,115,0.07,21,21,West Bengal,Kolkata,General,,2026
163,Entally,7,Anshar Ali,Independent,86,0,86,0.05,21,21,West Bengal,Kolkata,General,,2026
163,Entally,8,Ashok Das,Independent,96,1,97,0.06,21,21,West Bengal,Kolkata,General,,2026
163,Entally,9,Imran Ali,Independent,75,0,75,0.05,21,21,West Bengal,Kolkata,General,,2026
163,Entally,10,Kundan Kr. Shaw,Independent,74,0,74,0.04,21,21,West Bengal,Kolkata,General,,2026
163,Entally,11,Mantu Kar,Independent,135,1,136,0.08,21,21,West Bengal,Kolkata,General,,2026
163,Entally,12,Prem Chand Ram,Independent,261,3,264,0.16,21,21,West Bengal,Kolkata,General,,2026
163,Entally,13,Rashid Iqbal,Independent,1193,0,1193,0.72,21,21,West Bengal,Kolkata,General,,2026
163,Entally,14,Touseef Ahmed Khan,Independent,436,0,436,0.26,21,21,West Bengal,Kolkata,General,,2026
163,Entally,15,Uday Barua,Independent,132,3,135,0.08,21,21,West Bengal,Kolkata,General,,2026
163,Entally,16,Nota,None of the Above,686,6,692,0.42,21,21,West Bengal,Kolkata,General,,2026
164,Beleghata,1,Kunal Kumar Ghosh,All India Trinamool Congress,93333,424,93757,53.85,23,23,West Bengal,Kolkata,General,,2026
164,Beleghata,2,Paramita Roy,Communist Party of India (Marxist),10408,117,10525,6.05,23,23,West Bengal,Kolkata,General,Left–Congress alliance,2026
164,Beleghata,3,Partha Chaudhury,Bharatiya Janata Party,64817,364,65181,37.44,23,23,West Bengal,Kolkata,General,,2026
164,Beleghata,4,Shahina Javed,Indian National Congress,1621,17,1638,0.94,23,23,West Bengal,Kolkata,General,Left–Congress alliance,2026
164,Beleghata,5,Jayanti Mitra,Socialist Unity Centre Of India (COMMUNIST),296,2,298,0.17,23,23,West Bengal,Kolkata,General,,2026
164,Beleghata,6,Abhijit Hazra,Independent,85,1,86,0.05,23,23,West Bengal,Kolkata,General,,2026
164,Beleghata,7,Debdyuti Deb,Independent,145,2,147,0.08,23,23,West Bengal,Kolkata,General,,2026
164,Beleghata,8,Nazir Ahmed,Independent,203,2,205,0.12,23,23,West Bengal,Kolkata,General,,2026
164,Beleghata,9,Pritambar Das,Independent,170,1,171,0.1,23,23,West Bengal,Kolkata,General,,2026
164,Beleghata,10,Sonali Saha,Independent,305,1,306,0.18,23,23,West Bengal,Kolkata,General,,2026
164,Beleghata,11,Subrata De,Independent,225,1,226,0.13,23,23,West Bengal,Kolkata,General,,2026
164,Beleghata,12,Nota,None of the Above,1558,10,1568,0.9,23,23,West Bengal,Kolkata,General,,2026
165,Jorasanko,1,Bharatram Tewari,Communist Party of India (Marxist),4071,37,4108,3.84,22,22,West Bengal,Kolkata,General,Left–Congress alliance,2026
165,Jorasanko,2,Deepak Singh,Indian National Congress,1098,13,1111,1.04,22,22,West Bengal,Kolkata,General,Left–Congress alliance,2026
165,Jorasanko,3,Vijay Ojha,Bharatiya Janata Party,52653,215,52868,49.48,22,22,West Bengal,Kolkata,General,,2026
165,Jorasanko,4,Vijay Upadhyay,All India Trinamool Congress,46874,197,47071,44.05,22,22,West Bengal,Kolkata,General,,2026
165,Jorasanko,5,Ansuman Mitra,Socialist Unity Centre Of India (COMMUNIST),287,1,288,0.27,22,22,West Bengal,Kolkata,General,,2026
165,Jorasanko,6,Bijoy Ghorai,Independent,65,0,65,0.06,22,22,West Bengal,Kolkata,General,,2026
165,Jorasanko,7,Bijoy Ojha,Independent,93,1,94,0.09,22,22,West Bengal,Kolkata,General,,2026
165,Jorasanko,8,Hariram Singh,Independent,40,1,41,0.04,22,22,West Bengal,Kolkata,General,,2026
165,Jorasanko,9,Lakshmi Prasad,Independent,94,0,94,0.09,22,22,West Bengal,Kolkata,General,,2026
165,Jorasanko,10,Pawan Kumar Sharma,Independent,247,1,248,0.23,22,22,West Bengal,Kolkata,General,,2026
165,Jorasanko,11,Pradeep Kumar Saraff,Independent,125,0,125,0.12,22,22,West Bengal,Kolkata,General,,2026
165,Jorasanko,12,Pritam Singh,Independent,61,1,62,0.06,22,22,West Bengal,Kolkata,General,,2026
165,Jorasanko,13,Nota,None of the Above,665,7,672,0.63,22,22,West Bengal,Kolkata,General,,2026
166,Shyampukur,1,Jhuma Das,All India Forward Bloc,7291,65,7356,6.3,21,21,West Bengal,Kolkata,General,Left–Congress alliance,2026
166,Shyampukur,2,Purna Ghosh,Indian National Congress,1128,8,1136,0.97,21,21,West Bengal,Kolkata,General,Left–Congress alliance,2026
166,Shyampukur,3,Purnima Chakraborty,Bharatiya Janata Party,59993,255,60248,51.6,21,21,West Bengal,Kolkata,General,,2026
166,Shyampukur,4,Shashi Panja,All India Trinamool Congress,45335,280,45615,39.06,21,21,West Bengal,Kolkata,General,,2026
166,Shyampukur,5,Gouranga Khatua,Socialist Unity Centre Of India (COMMUNIST),430,4,434,0.37,21,21,West Bengal,Kolkata,General,,2026
166,Shyampukur,6,Anita Jaiswal,Independent,87,0,87,0.07,21,21,West Bengal,Kolkata,General,,2026
166,Shyampukur,7,Ayan Chakraborty,Independent,91,2,93,0.08,21,21,West Bengal,Kolkata,General,,2026
166,Shyampukur,8,Barnali Ghosh,Independent,53,1,54,0.05,21,21,West Bengal,Kolkata,General,,2026
166,Shyampukur,9,Chhaya Ghosh,Independent,139,1,140,0.12,21,21,West Bengal,Kolkata,General,,2026
166,Shyampukur,10,Rima Mondal,Independent,360,4,364,0.31,21,21,West Bengal,Kolkata,General,,2026
166,Shyampukur,11,Sanjay Bagaria,Independent,185,1,186,0.16,21,21,West Bengal,Kolkata,General,,2026
166,Shyampukur,12,Uma Goswami,Independent,111,2,113,0.1,21,21,West Bengal,Kolkata,General,,2026
166,Shyampukur,13,Nota,None of the Above,925,17,942,0.81,21,21,West Bengal,Kolkata,General,,2026
167,Maniktala,1,Sanjay Prajapati,Bahujan Samaj Party,502,2,504,0.33,20,20,West Bengal,Kolkata,General,,2026
167,Maniktala,2,Shrreya Pande,All India Trinamool Congress,60353,373,60726,40.29,20,20,West Bengal,Kolkata,General,,2026
167,Maniktala,3,Sugato Roy Chaudhuri,Indian National Congress,1405,21,1426,0.95,20,20,West Bengal,Kolkata,General,Left–Congress alliance,2026
167,Maniktala,4,Tapas Roy,Bharatiya Janata Party,75944,426,76370,50.67,20,20,West Bengal,Kolkata,General,,2026
167,Maniktala,5,Mousumi Ghosh,Communist Party of India,8926,88,9014,5.98,20,20,West Bengal,Kolkata,General,Left–Congress alliance,2026
167,Maniktala,6,Pranati Paul,Amra Bangalee,175,3,178,0.12,20,20,West Bengal,Kolkata,General,,2026
167,Maniktala,7,Subir Samanta,Socialist Unity Centre Of India (COMMUNIST),152,1,153,0.1,20,20,West Bengal,Kolkata,General,,2026
167,Maniktala,8,Pintu Pyne,Independent,70,0,70,0.05,20,20,West Bengal,Kolkata,General,,2026
167,Maniktala,9,Pratima Saha,Independent,88,2,90,0.06,20,20,West Bengal,Kolkata,General,,2026
167,Maniktala,10,Ricky Paul,Independent,116,1,117,0.08,20,20,West Bengal,Kolkata,General,,2026
167,Maniktala,11,Shyamal Guha,Independent,233,2,235,0.16,20,20,West Bengal,Kolkata,General,,2026
167,Maniktala,12,Subham Majumdar,Independent,219,4,223,0.15,20,20,West Bengal,Kolkata,General,,2026
167,Maniktala,13,Tapas Roy,Independent,553,5,558,0.37,20,20,West Bengal,Kolkata,General,,2026
167,Maniktala,14,Nota,None of the Above,1042,16,1058,0.7,20,20,West Bengal,Kolkata,General,,2026
168,Kashipur,1,Atin Ghosh,All India Trinamool Congress,66341,376,66717,44.32,21,21,West Bengal,Kolkata,General,,2026
168,Kashipur,2,Daya Ram Jaiswara,Bahujan Samaj Party,370,0,370,0.25,21,21,West Bengal,Kolkata,General,,2026
168,Kashipur,3,Rajendra Gupta,Communist Party of India (Marxist),11035,116,11151,7.41,21,21,West Bengal,Kolkata,General,Left–Congress alliance,2026
168,Kashipur,4,Ritesh Tiwari,Bharatiya Janata Party,67856,512,68368,45.41,21,21,West Bengal,Kolkata,General,,2026
168,Kashipur,5,Tarak Pal,Indian National Congress,1321,19,1340,0.89,21,21,West Bengal,Kolkata,General,Left–Congress alliance,2026
168,Kashipur,6,Harsh Gupta,National Republic Party Of India,95,0,95,0.06,21,21,West Bengal,Kolkata,General,,2026
168,Kashipur,7,Nilratan Naiya,Socialist Unity Centre Of India (COMMUNIST),213,2,215,0.14,21,21,West Bengal,Kolkata,General,,2026
168,Kashipur,8,Phooltushy Dutta,Jan Sangh Party,148,1,149,0.1,21,21,West Bengal,Kolkata,General,,2026
168,Kashipur,9,Arafat Sekh,Independent,63,2,65,0.04,21,21,West Bengal,Kolkata,General,,2026
168,Kashipur,10,Binay Singh,Independent,68,1,69,0.05,21,21,West Bengal,Kolkata,General,,2026
168,Kashipur,11,Bivash Das,Independent,124,0,124,0.08,21,21,West Bengal,Kolkata,General,,2026
168,Kashipur,12,Soumya Chattopadhyay,Independent,288,1,289,0.19,21,21,West Bengal,Kolkata,General,,2026
168,Kashipur,13,Surajit Gupta,Independent,183,3,186,0.12,21,21,West Bengal,Kolkata,General,,2026
168,Kashipur,14,Tapas Sardar,Independent,153,1,154,0.1,21,21,West Bengal,Kolkata,General,,2026
168,Kashipur,15,Nota,None of the Above,1235,15,1250,0.83,21,21,West Bengal,Kolkata,General,,2026
169,Bally,1,Putul Chowdhury,Socialist Unity Centre Of India (COMMUNIST),157,0,157,0.13,15,15,West Bengal,Howrah,General,,2026
169,Bally,2,Sankar Maitra,Communist Party of India (Marxist),11102,182,11284,9.58,15,15,West Bengal,Howrah,General,Left–Congress alliance,2026
169,Bally,3,Kailash Kumar Mishra,All India Trinamool Congress,45342,300,45642,38.73,15,15,West Bengal,Howrah,General,,2026
169,Bally,4,Sanjay Kumar Singh,Bharatiya Janata Party,57216,423,57639,48.91,15,15,West Bengal,Howrah,General,,2026
169,Bally,5,Sanjay Singh,Independent,132,0,132,0.11,15,15,West Bengal,Howrah,General,,2026
169,Bally,6,Priyanka Choudhury,Indian National Congress,1267,16,1283,1.09,15,15,West Bengal,Howrah,General,Left–Congress alliance,2026
169,Bally,7,Sanjay Singh,Independent,145,0,145,0.12,15,15,West Bengal,Howrah,General,,2026
169,Bally,8,Kanchan Sonkar,National Republic Party Of India,44,0,44,0.04,15,15,West Bengal,Howrah,General,,2026
169,Bally,9,Pratap Goswami,Independent,98,0,98,0.08,15,15,West Bengal,Howrah,General,,2026
169,Bally,10,Nishu Kurmi,Independent,45,1,46,0.04,15,15,West Bengal,Howrah,General,,2026
169,Bally,11,Rupali Sarkar,Independent,211,1,212,0.18,15,15,West Bengal,Howrah,General,,2026
169,Bally,12,Alok Pakhira,Independent,43,0,43,0.04,15,15,West Bengal,Howrah,General,,2026
169,Bally,13,Abdul Qadir Khan,Aam Janata Unnayan party,135,0,135,0.11,15,15,West Bengal,Howrah,General,,2026
169,Bally,14,Indranath Das,Independent Nationalist Front,54,0,54,0.05,15,15,West Bengal,Howrah,General,,2026
169,Bally,15,Nota,None of the Above,907,17,924,0.78,15,15,West Bengal,Howrah,General,,2026
170,Howrah Uttar,1,Umesh Rai,Bharatiya Janata Party,67166,373,67539,50.76,18,18,West Bengal,Howrah,General,,2026
170,Howrah Uttar,2,Om Prakash Jaiswal,Indian National Congress,910,10,920,0.69,18,18,West Bengal,Howrah,General,Left–Congress alliance,2026
170,Howrah Uttar,3,Gautam Chowdhury,All India Trinamool Congress,56042,247,56289,42.3,18,18,West Bengal,Howrah,General,,2026
170,Howrah Uttar,4,Gautam Ray,Communist Party of India (Marxist),5923,74,5997,4.51,18,18,West Bengal,Howrah,General,Left–Congress alliance,2026
170,Howrah Uttar,5,Priti Devi,Bahujan Samaj Party,150,0,150,0.11,18,18,West Bengal,Howrah,General,,2026
170,Howrah Uttar,6,Ganeshlal Gupta,National Republic Party Of India,92,1,93,0.07,18,18,West Bengal,Howrah,General,,2026
170,Howrah Uttar,7,Gautam Verma,Independent,50,0,50,0.04,18,18,West Bengal,Howrah,General,,2026
170,Howrah Uttar,8,Chandra Kanta Jaiswal,Independent,56,0,56,0.04,18,18,West Bengal,Howrah,General,,2026
170,Howrah Uttar,9,Monoranjan Polley,Independent,56,0,56,0.04,18,18,West Bengal,Howrah,General,,2026
170,Howrah Uttar,10,Shankar Kha,Independent,142,2,144,0.11,18,18,West Bengal,Howrah,General,,2026
170,Howrah Uttar,11,Sisir Samanta,Independent,167,1,168,0.13,18,18,West Bengal,Howrah,General,,2026
170,Howrah Uttar,12,Soumen Manna,Independent,503,0,503,0.38,18,18,West Bengal,Howrah,General,,2026
170,Howrah Uttar,13,Harinaarayan Chowdhary,Independent,248,2,250,0.19,18,18,West Bengal,Howrah,General,,2026
170,Howrah Uttar,14,Nota,None of the Above,842,6,848,0.64,18,18,West Bengal,Howrah,General,,2026
171,Howrah Madhya,1,Aparna Bose,Indian National Congress,2728,19,2747,1.42,17,17,West Bengal,Howrah,General,Left–Congress alliance,2026
171,Howrah Madhya,2,Arup Roy,All India Trinamool Congress,95416,532,95948,49.6,17,17,West Bengal,Howrah,General,,2026
171,Howrah Madhya,3,Imteaz Ahmed,Communist Party of India (Marxist),11152,128,11280,5.83,17,17,West Bengal,Howrah,General,Left–Congress alliance,2026
171,Howrah Madhya,4,Debnath Kundu,Bahujan Samaj Party,437,2,439,0.23,17,17,West Bengal,Howrah,General,,2026
171,Howrah Madhya,5,Biplab Kumar Mandal,Bharatiya Janata Party,79267,598,79865,41.28,17,17,West Bengal,Howrah,General,,2026
171,Howrah Madhya,6,Asif Hussain,Aam Janata Unnayan party,200,3,203,0.1,17,17,West Bengal,Howrah,General,,2026
171,Howrah Madhya,7,Sankar Mondal (Bultu),Bharatiya Nyay-Adhikar Raksha Party,86,0,86,0.04,17,17,West Bengal,Howrah,General,,2026
171,Howrah Madhya,8,Shrirup Das,Socialist Unity Centre Of India (COMMUNIST),167,1,168,0.09,17,17,West Bengal,Howrah,General,,2026
171,Howrah Madhya,9,Amajit Basu,Independent,93,0,93,0.05,17,17,West Bengal,Howrah,General,,2026
171,Howrah Madhya,10,Arijit Nandy,Independent,130,0,130,0.07,17,17,West Bengal,Howrah,General,,2026
171,Howrah Madhya,11,Debasish Ghorui,Independent,126,1,127,0.07,17,17,West Bengal,Howrah,General,,2026
171,Howrah Madhya,12,Renu Prasad,Independent,255,0,255,0.13,17,17,West Bengal,Howrah,General,,2026
171,Howrah Madhya,13,Sharmistha Das,Independent,168,2,170,0.09,17,17,West Bengal,Howrah,General,,2026
171,Howrah Madhya,14,Subrata Mondal,Independent,251,1,252,0.13,17,17,West Bengal,Howrah,General,,2026
171,Howrah Madhya,15,Saikat Ram,Independent,586,0,586,0.3,17,17,West Bengal,Howrah,General,,2026
171,Howrah Madhya,16,Nota,None of the Above,1083,27,1110,0.57,17,17,West Bengal,Howrah,General,,2026
172,Shibpur,1,Dr. Jagannath Bhattacharyya,All India Forward Bloc,12366,176,12542,6.92,20,20,West Bengal,Howrah,General,Left–Congress alliance,2026
172,Shibpur,2,Bimalesh Kumar Hela,Bahujan Samaj Party,667,4,671,0.37,20,20,West Bengal,Howrah,General,,2026
172,Shibpur,3,Dr. Rana Chatterjee,All India Trinamool Congress,73168,389,73557,40.57,20,20,West Bengal,Howrah,General,,2026
172,Shibpur,4,Rudranil Ghosh,Bharatiya Janata Party,88972,643,89615,49.42,20,20,West Bengal,Howrah,General,,2026
172,Shibpur,5,Shrabanti Singh,Indian National Congress,1954,39,1993,1.1,20,20,West Bengal,Howrah,General,Left–Congress alliance,2026
172,Shibpur,6,Kartick Shil,Socialist Unity Centre Of India (COMMUNIST),318,0,318,0.18,20,20,West Bengal,Howrah,General,,2026
172,Shibpur,7,Abhisek Mondal,Independent,176,1,177,0.1,20,20,West Bengal,Howrah,General,,2026
172,Shibpur,8,Raj Roy,Independent,359,1,360,0.2,20,20,West Bengal,Howrah,General,,2026
172,Shibpur,9,Sanjay Karmakar,Independent,569,2,571,0.31,20,20,West Bengal,Howrah,General,,2026
172,Shibpur,10,Surojit Das,Independent,217,2,219,0.12,20,20,West Bengal,Howrah,General,,2026
172,Shibpur,11,Nota,None of the Above,1270,30,1300,0.72,20,20,West Bengal,Howrah,General,,2026
173,Howrah Dakshin,1,Abhijit Banerjee,Communist Party of India (Marxist),21266,332,21598,9.73,22,22,West Bengal,Howrah,General,Left–Congress alliance,2026
173,Howrah Dakshin,2,Deepshikha Bhowmick,Indian National Congress,2574,35,2609,1.17,22,22,West Bengal,Howrah,General,Left–Congress alliance,2026
173,Howrah Dakshin,3,Nandita Chowdhury,All India Trinamool Congress,100008,532,100540,45.28,22,22,West Bengal,Howrah,General,,2026
173,Howrah Dakshin,4,Shyamal Kumar Hati,Bharatiya Janata Party,91824,888,92712,41.75,22,22,West Bengal,Howrah,General,,2026
173,Howrah Dakshin,5,Rita Ghoshal,Socialist Unity Centre Of India (COMMUNIST),488,10,498,0.22,22,22,West Bengal,Howrah,General,,2026
173,Howrah Dakshin,6,Avijit Das,Independent,154,5,159,0.07,22,22,West Bengal,Howrah,General,,2026
173,Howrah Dakshin,7,Avisek Das,Independent,139,2,141,0.06,22,22,West Bengal,Howrah,General,,2026
173,Howrah Dakshin,8,Amit Chakraborty,Independent,310,1,311,0.14,22,22,West Bengal,Howrah,General,,2026
173,Howrah Dakshin,9,Madhusri Ghosh,Independent,337,2,339,0.15,22,22,West Bengal,Howrah,General,,2026
173,Howrah Dakshin,10,Pabitra Biswas,Independent,520,5,525,0.24,22,22,West Bengal,Howrah,General,,2026
173,Howrah Dakshin,11,Rajesh Kumar Singh,Independent,743,2,745,0.34,22,22,West Bengal,Howrah,General,,2026
173,Howrah Dakshin,12,Samir Bachar,Independent,302,1,303,0.14,22,22,West Bengal,Howrah,General,,2026
173,Howrah Dakshin,13,Nota,None of the Above,1531,43,1574,0.71,22,22,West Bengal,Howrah,General,,2026
174,Sankrail,1,Priya Paul,All India Trinamool Congress,105157,255,105412,45.99,22,22,West Bengal,Howrah,SC,,2026
174,Sankrail,2,Barnali Dhali Naskar,Bharatiya Janata Party,88192,480,88672,38.69,22,22,West Bengal,Howrah,SC,,2026
174,Sankrail,3,Bechuram Malick,Indian National Congress,2213,8,2221,0.97,22,22,West Bengal,Howrah,SC,Left–Congress alliance,2026
174,Sankrail,4,Samir Malick,Communist Party of India (Marxist),29043,135,29178,12.73,22,22,West Bengal,Howrah,SC,Left–Congress alliance,2026
174,Sankrail,5,Kousik Naskar,Independent,352,0,352,0.15,22,22,West Bengal,Howrah,SC,,2026
174,Sankrail,6,Nilkamal Das,Independent,199,0,199,0.09,22,22,West Bengal,Howrah,SC,,2026
174,Sankrail,7,Baruna Das,Independent,200,0,200,0.09,22,22,West Bengal,Howrah,SC,,2026
174,Sankrail,8,Bimal Kanti Naskar,Independent,325,0,325,0.14,22,22,West Bengal,Howrah,SC,,2026
174,Sankrail,9,Rekha Mondal,Independent,336,0,336,0.15,22,22,West Bengal,Howrah,SC,,2026
174,Sankrail,10,Srikumar Naskar,Independent,546,0,546,0.24,22,22,West Bengal,Howrah,SC,,2026
174,Sankrail,11,Nota,None of the Above,1749,20,1769,0.77,22,22,West Bengal,Howrah,SC,,2026
175,Panchla,1,Gulsan Mullick,All India Trinamool Congress,123547,420,123967,52.72,18,18,West Bengal,Howrah,General,,2026
175,Panchla,2,Farid Mollah,All India Forward Bloc,20586,58,20644,8.78,18,18,West Bengal,Howrah,General,Left–Congress alliance,2026
175,Panchla,3,Ranjan Paul,Bharatiya Janata Party,85207,440,85647,36.42,18,18,West Bengal,Howrah,General,,2026
175,Panchla,4,Rahul Pandey,Indian National Congress,1721,7,1728,0.73,18,18,West Bengal,Howrah,General,Left–Congress alliance,2026
175,Panchla,5,Sekh Mohinuddin,Amra Bangalee,431,2,433,0.18,18,18,West Bengal,Howrah,General,,2026
175,Panchla,6,Shyamal Mondal,Independent,535,2,537,0.23,18,18,West Bengal,Howrah,General,,2026
175,Panchla,7,Sujit Khan,Independent,468,0,468,0.2,18,18,West Bengal,Howrah,General,,2026
175,Panchla,8,Nota,None of the Above,1726,13,1739,0.74,18,18,West Bengal,Howrah,General,,2026
176,Uluberia Purba,1,Alam Deiyan Sekh,Indian National Congress,1910,16,1926,0.93,16,16,West Bengal,Howrah,Uluberia,Left–Congress alliance,2026
176,Uluberia Purba,2,Ritabrata Banerjee,All India Trinamool Congress,95280,353,95633,45.97,16,16,West Bengal,Howrah,Uluberia,,2026
176,Uluberia Purba,3,Rudra Prosad Banerjee,Bharatiya Janata Party,83012,783,83795,40.28,16,16,West Bengal,Howrah,Uluberia,,2026
176,Uluberia Purba,4,Nasir Khan,All India Secular Front,21837,72,21909,10.53,16,16,West Bengal,Howrah,Uluberia,,2026
176,Uluberia Purba,5,Latiful Rahaman Molla,Aam Janata Unnayan party,274,0,274,0.13,16,16,West Bengal,Howrah,Uluberia,,2026
176,Uluberia Purba,6,Sahajadi Parvin,Welfare Party Of India,221,1,222,0.11,16,16,West Bengal,Howrah,Uluberia,,2026
176,Uluberia Purba,7,Sukhendu Mondal,Socialist Unity Centre Of India (COMMUNIST),201,3,204,0.1,16,16,West Bengal,Howrah,Uluberia,,2026
176,Uluberia Purba,8,Barun Patra,Independent,210,1,211,0.1,16,16,West Bengal,Howrah,Uluberia,,2026
176,Uluberia Purba,9,Biswajit Khanra,Independent,553,0,553,0.27,16,16,West Bengal,Howrah,Uluberia,,2026
176,Uluberia Purba,10,Rajib Roy,Independent,903,2,905,0.44,16,16,West Bengal,Howrah,Uluberia,,2026
176,Uluberia Purba,11,Sk Farhan Aktab,Independent,1142,0,1142,0.55,16,16,West Bengal,Howrah,Uluberia,,2026
176,Uluberia Purba,12,Nota,None of the Above,1228,23,1251,0.6,16,16,West Bengal,Howrah,Uluberia,,2026
177,Uluberia Uttar,1,Ashok Dalui,Communist Party of India (Marxist),14608,112,14720,7.23,21,21,West Bengal,Howrah,SC,Left–Congress alliance,2026
177,Uluberia Uttar,2,Kalyani Haldar,Indian National Congress,1429,9,1438,0.71,21,21,West Bengal,Howrah,SC,Left–Congress alliance,2026
177,Uluberia Uttar,3,Chiran Bera,Bharatiya Janata Party,92749,571,93320,45.87,21,21,West Bengal,Howrah,SC,,2026
177,Uluberia Uttar,4,Bimal Kumar Das,All India Trinamool Congress,88739,404,89143,43.81,21,21,West Bengal,Howrah,SC,,2026
177,Uluberia Uttar,5,Satyajit Polley,Aam Janata Unnayan party,659,2,661,0.32,21,21,West Bengal,Howrah,SC,,2026
177,Uluberia Uttar,6,Ritwik Polley,Independent,321,2,323,0.16,21,21,West Bengal,Howrah,SC,,2026
177,Uluberia Uttar,7,Nandalal Ghuku,Independent,1257,1,1258,0.62,21,21,West Bengal,Howrah,SC,,2026
177,Uluberia Uttar,8,Nirmal Maji,Independent,984,4,988,0.49,21,21,West Bengal,Howrah,SC,,2026
177,Uluberia Uttar,9,Mihir Nebu,Independent,523,1,524,0.26,21,21,West Bengal,Howrah,SC,,2026
177,Uluberia Uttar,10,Nota,None of the Above,1072,19,1091,0.54,21,21,West Bengal,Howrah,SC,,2026
178,Uluberia Dakshin,1,Amirul Islam Khan,All India Forward Bloc,14658,51,14709,6.5,19,19,West Bengal,Howrah,General,Left–Congress alliance,2026
178,Uluberia Dakshin,2,Intaj Ali Shah,Indian National Congress,1666,12,1678,0.74,19,19,West Bengal,Howrah,General,Left–Congress alliance,2026
178,Uluberia Dakshin,3,Pulak Roy,All India Trinamool Congress,109217,432,109649,48.46,19,19,West Bengal,Howrah,General,,2026
178,Uluberia Dakshin,4,Swami Mangalananda Puri,Bharatiya Janata Party,91945,517,92462,40.86,19,19,West Bengal,Howrah,General,,2026
178,Uluberia Dakshin,5,Jayanta Khatua,Socialist Unity Centre Of India (COMMUNIST),596,2,598,0.26,19,19,West Bengal,Howrah,General,,2026
178,Uluberia Dakshin,6,Mohit Kar,Indian Unity Centre,461,1,462,0.2,19,19,West Bengal,Howrah,General,,2026
178,Uluberia Dakshin,7,Sk Habib,Aam Janata Unnayan party,269,1,270,0.12,19,19,West Bengal,Howrah,General,,2026
178,Uluberia Dakshin,8,Amal Kumar Barman,Independent,296,0,296,0.13,19,19,West Bengal,Howrah,General,,2026
178,Uluberia Dakshin,9,Uttam Kumar Mondal,Independent,1343,5,1348,0.6,19,19,West Bengal,Howrah,General,,2026
178,Uluberia Dakshin,10,Sk Julfikar Ali,Independent,2916,5,2921,1.29,19,19,West Bengal,Howrah,General,,2026
178,Uluberia Dakshin,11,Lahabuddin Khan,Independent,431,1,432,0.19,19,19,West Bengal,Howrah,General,,2026
178,Uluberia Dakshin,12,Nota,None of the Above,1434,12,1446,0.64,19,19,West Bengal,Howrah,General,,2026
179,Shyampur,1,Asit Baran Sau,All India Forward Bloc,8638,75,8713,3.56,18,18,West Bengal,Howrah,General,Left–Congress alliance,2026
179,Shyampur,2,Nadebasi Jana,All India Trinamool Congress,102690,701,103391,42.26,18,18,West Bengal,Howrah,General,,2026
179,Shyampur,3,Sk. Manjur Alam,Indian National Congress,1973,15,1988,0.81,18,18,West Bengal,Howrah,General,Left–Congress alliance,2026
179,Shyampur,4,Dr. Hiranmoy Chattopadhyaya (Hiraan),Bharatiya Janata Party,124708,943,125651,51.36,18,18,West Bengal,Howrah,General,,2026
179,Shyampur,5,Alok Dalapati,Socialist Unity Centre Of India (COMMUNIST),522,6,528,0.22,18,18,West Bengal,Howrah,General,,2026
179,Shyampur,6,Sk Noor Amin,Aam Janata Unnayan party,224,3,227,0.09,18,18,West Bengal,Howrah,General,,2026
179,Shyampur,7,Dipak Kumar Mondal,Independent,467,2,469,0.19,18,18,West Bengal,Howrah,General,,2026
179,Shyampur,8,Debasri Sahu,Independent,136,3,139,0.06,18,18,West Bengal,Howrah,General,,2026
179,Shyampur,9,Pranab Samanta,Independent,264,5,269,0.11,18,18,West Bengal,Howrah,General,,2026
179,Shyampur,10,Manohar Denra,Independent,744,1,745,0.3,18,18,West Bengal,Howrah,General,,2026
179,Shyampur,11,Sk Mahbub,Independent,638,8,646,0.26,18,18,West Bengal,Howrah,General,,2026
179,Shyampur,12,Snehashish Sashmol,Independent,808,2,810,0.33,18,18,West Bengal,Howrah,General,,2026
179,Shyampur,13,Nota,None of the Above,1084,9,1093,0.45,18,18,West Bengal,Howrah,General,,2026
180,Bagnan,1,Arunava Sen,All India Trinamool Congress,104458,602,105060,48.1,20,20,West Bengal,Howrah,General,,2026
180,Bagnan,2,Pramanshu Rana,Bharatiya Janata Party,93039,705,93744,42.92,20,20,West Bengal,Howrah,General,,2026
180,Bagnan,3,Bhaskar Roy,Communist Party of India (Marxist),13797,124,13921,6.37,20,20,West Bengal,Howrah,General,Left–Congress alliance,2026
180,Bagnan,4,Sk Hafizur Rahaman,Indian National Congress,1401,7,1408,0.64,20,20,West Bengal,Howrah,General,Left–Congress alliance,2026
180,Bagnan,5,Biswanath Bera,Socialist Unity Centre Of India (COMMUNIST),241,1,242,0.11,20,20,West Bengal,Howrah,General,,2026
180,Bagnan,6,Sariful Khan,Aam Janata Unnayan party,236,0,236,0.11,20,20,West Bengal,Howrah,General,,2026
180,Bagnan,7,Narayan Chandra Jana,Independent,73,4,77,0.04,20,20,West Bengal,Howrah,General,,2026
180,Bagnan,8,Molay Ghosh,Independent,119,2,121,0.06,20,20,West Bengal,Howrah,General,,2026
180,Bagnan,9,Sanjit Patra,Independent,181,0,181,0.08,20,20,West Bengal,Howrah,General,,2026
180,Bagnan,10,Sk Jakire Hossen,Independent,574,1,575,0.26,20,20,West Bengal,Howrah,General,,2026
180,Bagnan,11,Sk Hasibul Rahaman,Independent,793,0,793,0.36,20,20,West Bengal,Howrah,General,,2026
180,Bagnan,12,Nota,None of the Above,2026,22,2048,0.94,20,20,West Bengal,Howrah,General,,2026
181,Amta,1,Amit Samanta,Bharatiya Janata Party,104133,516,104649,44.16,20,20,West Bengal,Howrah,General,,2026
181,Amta,2,Joshimuddin Mallick,Communist Party of India (Marxist),23087,106,23193,9.79,20,20,West Bengal,Howrah,General,Left–Congress alliance,2026
181,Amta,3,Tapan Das,Indian National Congress,2336,14,2350,0.99,20,20,West Bengal,Howrah,General,Left–Congress alliance,2026
181,Amta,4,Sukanta Kumar Paul,All India Trinamool Congress,99593,602,100195,42.28,20,20,West Bengal,Howrah,General,,2026
181,Amta,5,Sanjeeb Santara,Socialist Unity Centre Of India (COMMUNIST),612,2,614,0.26,20,20,West Bengal,Howrah,General,,2026
181,Amta,6,Sk Masarekul Anowar,Aam Janata Unnayan party,185,1,186,0.08,20,20,West Bengal,Howrah,General,,2026
181,Amta,7,Abhijit Show,Independent,154,2,156,0.07,20,20,West Bengal,Howrah,General,,2026
181,Amta,8,Abhijit Hazra,Independent,170,5,175,0.07,20,20,West Bengal,Howrah,General,,2026
181,Amta,9,Ashish Dolui,Independent,260,2,262,0.11,20,20,West Bengal,Howrah,General,,2026
181,Amta,10,Kamal Krishna Malik,Independent,708,1,709,0.3,20,20,West Bengal,Howrah,General,,2026
181,Amta,11,Baisakhi Malik,Independent,1494,4,1498,0.63,20,20,West Bengal,Howrah,General,,2026
181,Amta,12,Saraswati Patra Sarkar,Independent,370,0,370,0.16,20,20,West Bengal,Howrah,General,,2026
181,Amta,13,Sk Sapiyar Ali,Independent,789,0,789,0.33,20,20,West Bengal,Howrah,General,,2026
181,Amta,14,Nota,None of the Above,1847,8,1855,0.78,20,20,West Bengal,Howrah,General,,2026
182,Udaynarayanpur,1,Asit Bakuly,Indian National Congress,1197,14,1211,0.57,16,16,West Bengal,Howrah,General,Left–Congress alliance,2026
182,Udaynarayanpur,2,Probhakar Pandit,Bharatiya Janata Party,92996,579,93575,43.81,16,16,West Bengal,Howrah,General,,2026
182,Udaynarayanpur,3,Sasthi Maji,Communist Party of India (Marxist),7726,123,7849,3.67,16,16,West Bengal,Howrah,General,Left–Congress alliance,2026
182,Udaynarayanpur,4,Samir Kumar Panja,All India Trinamool Congress,105116,686,105802,49.53,16,16,West Bengal,Howrah,General,,2026
182,Udaynarayanpur,5,Lakshimikanta Malick,Aam Janata Unnayan party,806,0,806,0.38,16,16,West Bengal,Howrah,General,,2026
182,Udaynarayanpur,6,Samir Maiti,Bharatiya Nyay-Adhikar Raksha Party,473,2,475,0.22,16,16,West Bengal,Howrah,General,,2026
182,Udaynarayanpur,7,Debraj Gayen,Independent,1617,1,1618,0.76,16,16,West Bengal,Howrah,General,,2026
182,Udaynarayanpur,8,Rakesh Roy,Independent,419,1,420,0.2,16,16,West Bengal,Howrah,General,,2026
182,Udaynarayanpur,9,Shyam Bar,Independent,822,3,825,0.39,16,16,West Bengal,Howrah,General,,2026
182,Udaynarayanpur,10,Nota,None of the Above,1014,8,1022,0.48,16,16,West Bengal,Howrah,General,,2026
183,Jagatballavpur,1,Anupam Ghosh,Bharatiya Janata Party,115077,531,115608,45.78,19,19,West Bengal,Howrah,General,,2026
183,Jagatballavpur,2,Koushik Roy,Indian National Congress,1787,18,1805,0.71,19,19,West Bengal,Howrah,General,Left–Congress alliance,2026
183,Jagatballavpur,3,Subir Chatterjee (Tinkai),All India Trinamool Congress,108545,392,108937,43.14,19,19,West Bengal,Howrah,General,,2026
183,Jagatballavpur,4,Nazira Khatun,All India Secular Front,20822,74,20896,8.28,19,19,West Bengal,Howrah,General,,2026
183,Jagatballavpur,5,Prasenjit Santra,Bharatiya Nyay-Adhikar Raksha Party,442,2,444,0.18,19,19,West Bengal,Howrah,General,,2026
183,Jagatballavpur,6,Anupam Malik,Independent,541,1,542,0.21,19,19,West Bengal,Howrah,General,,2026
183,Jagatballavpur,7,Kousik Ghosh,Independent,1557,2,1559,0.62,19,19,West Bengal,Howrah,General,,2026
183,Jagatballavpur,8,Jyotsna Rang,Independent,523,2,525,0.21,19,19,West Bengal,Howrah,General,,2026
183,Jagatballavpur,9,Nota,None of the Above,2183,16,2199,0.87,19,19,West Bengal,Howrah,General,,2026
184,Domjur,1,Aloke Koley,Indian National Congress,1741,11,1752,0.69,22,22,West Bengal,Howrah,General,Left–Congress alliance,2026
184,Domjur,2,Gobinda Hazra,Bharatiya Janata Party,91385,474,91859,36.14,22,22,West Bengal,Howrah,General,,2026
184,Domjur,3,Tapas Maity,All India Trinamool Congress,133633,403,134036,52.73,22,22,West Bengal,Howrah,General,,2026
184,Domjur,4,Dulu Das,Communist Party of India (Marxist),19656,178,19834,7.8,22,22,West Bengal,Howrah,General,Left–Congress alliance,2026
184,Domjur,5,Munsura Begum,Justice and Development Party,228,1,229,0.09,22,22,West Bengal,Howrah,General,,2026
184,Domjur,6,Sekh Sajid,Rashtriya Secular Majlis Party,887,1,888,0.35,22,22,West Bengal,Howrah,General,,2026
184,Domjur,7,Habibur Rahaman Sk. (Raju),Bharatiya Nyay-Adhikar Raksha Party,109,0,109,0.04,22,22,West Bengal,Howrah,General,,2026
184,Domjur,8,Hasanur Rahaman Molla,Aam Janata Unnayan party,131,0,131,0.05,22,22,West Bengal,Howrah,General,,2026
184,Domjur,9,Tinku Kayal,Independent,232,0,232,0.09,22,22,West Bengal,Howrah,General,,2026
184,Domjur,10,Tapan Maity,Independent,428,3,431,0.17,22,22,West Bengal,Howrah,General,,2026
184,Domjur,11,Tapas Mondal,Independent,230,0,230,0.09,22,22,West Bengal,Howrah,General,,2026
184,Domjur,12,Dibyendu Ghosh,Independent,416,1,417,0.16,22,22,West Bengal,Howrah,General,,2026
184,Domjur,13,Lakshmikanta Naskar,Independent,1963,0,1963,0.77,22,22,West Bengal,Howrah,General,,2026
184,Domjur,14,Sujay Mandal,Independent,892,1,893,0.35,22,22,West Bengal,Howrah,General,,2026
184,Domjur,15,Nota,None of the Above,1172,11,1183,0.47,22,22,West Bengal,Howrah,General,,2026
185,Uttarpara,1,Dipanjan Chakraborty,Bharatiya Janata Party,80144,468,80612,39.24,28,28,West Bengal,Hooghly,General,,2026
185,Uttarpara,2,Minakshi Mukherjee,Communist Party of India (Marxist),49372,448,49820,24.25,28,28,West Bengal,Hooghly,General,Left–Congress alliance,2026
185,Uttarpara,3,Sirsanya Bandopadhyay,All India Trinamool Congress,69914,283,70197,34.17,28,28,West Bengal,Hooghly,General,,2026
185,Uttarpara,4,Subrata Mukhopadhyay,Indian National Congress,1741,23,1764,0.86,28,28,West Bengal,Hooghly,General,Left–Congress alliance,2026
185,Uttarpara,5,Tapan Chowdhuri,Socialist Unity Centre Of India (COMMUNIST),339,5,344,0.17,28,28,West Bengal,Hooghly,General,,2026
185,Uttarpara,6,Subharanjan Shikari,Independent,610,1,611,0.3,28,28,West Bengal,Hooghly,General,,2026
185,Uttarpara,7,Suman Paul,Independent,384,0,384,0.19,28,28,West Bengal,Hooghly,General,,2026
185,Uttarpara,8,Nota,None of the Above,1699,23,1722,0.84,28,28,West Bengal,Hooghly,General,,2026
186,Sreerampur,1,Tanmoy Ghosh,All India Trinamool Congress,76613,346,76959,41.31,21,21,West Bengal,Hooghly,General,,2026
186,Sreerampur,2,Nabanita Chakraborty,Communist Party of India (Marxist),16945,191,17136,9.2,21,21,West Bengal,Hooghly,General,Left–Congress alliance,2026
186,Sreerampur,3,Bhaskar Bhattacharya,Bharatiya Janata Party,85079,565,85644,45.97,21,21,West Bengal,Hooghly,General,,2026
186,Sreerampur,4,Subhankar Sarkar,Indian National Congress,2858,26,2884,1.55,21,21,West Bengal,Hooghly,General,Left–Congress alliance,2026
186,Sreerampur,5,Samir Sarkar,Socialist Unity Centre Of India (COMMUNIST),259,0,259,0.14,21,21,West Bengal,Hooghly,General,,2026
186,Sreerampur,6,Sima Pal,Aam Janata Unnayan party,114,2,116,0.06,21,21,West Bengal,Hooghly,General,,2026
186,Sreerampur,7,Bhaskar Bhattacharjee,Independent,153,3,156,0.08,21,21,West Bengal,Hooghly,General,,2026
186,Sreerampur,8,Santosh Kumar Singh (S. K. Singh),Independent,152,1,153,0.08,21,21,West Bengal,Hooghly,General,,2026
186,Sreerampur,9,Sandip Bhattacharyya,Independent,340,2,342,0.18,21,21,West Bengal,Hooghly,General,,2026
186,Sreerampur,10,Sarkar Mangal,Independent,469,1,470,0.25,21,21,West Bengal,Hooghly,General,,2026
186,Sreerampur,11,Swapan Roy,Independent,361,0,361,0.19,21,21,West Bengal,Hooghly,General,,2026
186,Sreerampur,12,Nota,None of the Above,1791,26,1817,0.98,21,21,West Bengal,Hooghly,General,,2026
187,Champdani,1,Arindam Guin (Bubai),All India Trinamool Congress,90149,529,90678,44.36,26,26,West Bengal,Hooghly,General,,2026
187,Champdani,2,Chandranath Banerjee,Communist Party of India (Marxist),14212,156,14368,7.03,26,26,West Bengal,Hooghly,General,Left–Congress alliance,2026
187,Champdani,3,Dilip Singh,Bharatiya Janata Party,92979,725,93704,45.84,26,26,West Bengal,Hooghly,General,,2026
187,Champdani,4,Pritam Ghosh,Indian National Congress,1959,16,1975,0.97,26,26,West Bengal,Hooghly,General,Left–Congress alliance,2026
187,Champdani,5,Malla Mukter,Aam Janata Unnayan party,223,0,223,0.11,26,26,West Bengal,Hooghly,General,,2026
187,Champdani,6,Hena Parveen,Samata Party,159,6,165,0.08,26,26,West Bengal,Hooghly,General,,2026
187,Champdani,7,Arindam Ghosh,Independent,314,2,316,0.15,26,26,West Bengal,Hooghly,General,,2026
187,Champdani,8,Dilip Das,Independent,607,2,609,0.3,26,26,West Bengal,Hooghly,General,,2026
187,Champdani,9,Dilip Singh,Independent,347,3,350,0.17,26,26,West Bengal,Hooghly,General,,2026
187,Champdani,10,Nota,None of the Above,1984,43,2027,0.99,26,26,West Bengal,Hooghly,General,,2026
188,Singur,1,Arup Kumar Das,Bharatiya Janata Party,112332,676,113008,50.77,22,22,West Bengal,Hooghly,General,,2026
188,Singur,2,Debashis Chatterjee,Communist Party of India (Marxist),12192,128,12320,5.54,22,22,West Bengal,Hooghly,General,Left–Congress alliance,2026
188,Singur,3,Pallabi Roy,Bahujan Samaj Party,654,4,658,0.3,22,22,West Bengal,Hooghly,General,,2026
188,Singur,4,Barun Kumar Malik,Indian National Congress,1003,12,1015,0.46,22,22,West Bengal,Hooghly,General,Left–Congress alliance,2026
188,Singur,5,Becharam Manna,All India Trinamool Congress,91005,565,91570,41.14,22,22,West Bengal,Hooghly,General,,2026
188,Singur,6,Kashinath Shaw,Aam Janata Unnayan party,1099,4,1103,0.5,22,22,West Bengal,Hooghly,General,,2026
188,Singur,7,Sukanta Porel,Socialist Unity Centre Of India (COMMUNIST),376,3,379,0.17,22,22,West Bengal,Hooghly,General,,2026
188,Singur,8,Arup Das,Independent,250,1,251,0.11,22,22,West Bengal,Hooghly,General,,2026
188,Singur,9,Sanjoy Saikh,Independent,376,3,379,0.17,22,22,West Bengal,Hooghly,General,,2026
188,Singur,10,Nota,None of the Above,1874,16,1890,0.85,22,22,West Bengal,Hooghly,General,,2026
189,Chandannagar,1,Indranil Sen,All India Trinamool Congress,72293,539,72832,38.97,23,23,West Bengal,Hooghly,General,,2026
189,Chandannagar,2,Deepanjan Kumar Guha,Bharatiya Janata Party,85395,878,86273,46.16,23,23,West Bengal,Hooghly,General,,2026
189,Chandannagar,3,Monish Panda,Communist Party of India (Marxist),22387,373,22760,12.18,23,23,West Bengal,Hooghly,General,Left–Congress alliance,2026
189,Chandannagar,4,Ratan Kumar Golder,Indian National Congress,1090,22,1112,0.59,23,23,West Bengal,Hooghly,General,Left–Congress alliance,2026
189,Chandannagar,5,Ashish Chandra Gupta,Hindu Samaj Party,157,0,157,0.08,23,23,West Bengal,Hooghly,General,,2026
189,Chandannagar,6,Kumud Mondal,Socialist Unity Centre Of India (COMMUNIST),189,0,189,0.1,23,23,West Bengal,Hooghly,General,,2026
189,Chandannagar,7,Rohit Sarkar,Bharatiya National Janata Dal,125,1,126,0.07,23,23,West Bengal,Hooghly,General,,2026
189,Chandannagar,8,Sahariar Mullick,Aam Janata Unnayan party,153,3,156,0.08,23,23,West Bengal,Hooghly,General,,2026
189,Chandannagar,9,Praloy Mukherjee,Independent,209,2,211,0.11,23,23,West Bengal,Hooghly,General,,2026
189,Chandannagar,10,Sanjoy Matabbar,Independent,414,0,414,0.22,23,23,West Bengal,Hooghly,General,,2026
189,Chandannagar,11,Surajit Majumdar,Independent,663,0,663,0.35,23,23,West Bengal,Hooghly,General,,2026
189,Chandannagar,12,Nota,None of the Above,1982,34,2016,1.08,23,23,West Bengal,Hooghly,General,,2026
190,Chunchura,1,Debangshu Bhattacharya,All India Trinamool Congress,93467,802,94269,36.94,28,28,West Bengal,Hooghly,General,,2026
190,Chunchura,2,Brij Nandan Prasad,Bahujan Samaj Party,915,18,933,0.37,28,28,West Bengal,Hooghly,General,,2026
190,Chunchura,3,Mainul Haque,Indian National Congress,2369,42,2411,0.94,28,28,West Bengal,Hooghly,General,Left–Congress alliance,2026
190,Chunchura,4,Sunil Kumar Saha,All India Forward Bloc,13864,362,14226,5.57,28,28,West Bengal,Hooghly,General,Left–Congress alliance,2026
190,Chunchura,5,Subir Nag,Bharatiya Janata Party,135877,1827,137704,53.96,28,28,West Bengal,Hooghly,General,,2026
190,Chunchura,6,Ajanta Sarkar,Socialist Party (India),601,2,603,0.24,28,28,West Bengal,Hooghly,General,,2026
190,Chunchura,7,Jesmin Begam,Bharatiya National Janata Dal,726,4,730,0.29,28,28,West Bengal,Hooghly,General,,2026
190,Chunchura,8,Dipak Patra,Independent,301,4,305,0.12,28,28,West Bengal,Hooghly,General,,2026
190,Chunchura,9,Bishnupada Biswas,Independent,547,6,553,0.22,28,28,West Bengal,Hooghly,General,,2026
190,Chunchura,10,Suman Sarkar,Independent,449,6,455,0.18,28,28,West Bengal,Hooghly,General,,2026
190,Chunchura,11,Nota,None of the Above,2952,63,3015,1.18,28,28,West Bengal,Hooghly,General,,2026
191,Balagarh,1,Ashok Biswas,Indian National Congress,1469,18,1487,0.66,13,13,West Bengal,Hooghly,SC,Left–Congress alliance,2026
191,Balagarh,2,Bikash Golder,Communist Party of India (Marxist),10055,120,10175,4.5,13,13,West Bengal,Hooghly,SC,Left–Congress alliance,2026
191,Balagarh,3,Ranjan Dhara,All India Trinamool Congress,83304,406,83710,37.03,13,13,West Bengal,Hooghly,SC,,2026
191,Balagarh,4,Sumana Sarkar,Bharatiya Janata Party,124850,774,125624,55.58,13,13,West Bengal,Hooghly,SC,,2026
191,Balagarh,5,Harichand Majumdar,Bahujan Samaj Party,1795,8,1803,0.8,13,13,West Bengal,Hooghly,SC,,2026
191,Balagarh,6,Sukdeb Biswas,Socialist Unity Centre Of India (COMMUNIST),1365,7,1372,0.61,13,13,West Bengal,Hooghly,SC,,2026
191,Balagarh,7,Soma Biswas,Independent,512,1,513,0.23,13,13,West Bengal,Hooghly,SC,,2026
191,Balagarh,8,Nota,None of the Above,1333,14,1347,0.6,13,13,West Bengal,Hooghly,SC,,2026
192,Pandua,1,Amjad Hossain Sk,Communist Party of India (Marxist),27369,188,27557,11.79,13,13,West Bengal,Hooghly,General,Left–Congress alliance,2026
192,Pandua,2,Tusar Kumar Majumdar,Bharatiya Janata Party,100798,551,101349,43.36,13,13,West Bengal,Hooghly,General,,2026
192,Pandua,3,Sanatan Mandi,Indian National Congress,2116,18,2134,0.91,13,13,West Bengal,Hooghly,General,Left–Congress alliance,2026
192,Pandua,4,Samir Chakraborty,All India Trinamool Congress,95707,414,96121,41.13,13,13,West Bengal,Hooghly,General,,2026
192,Pandua,5,Rabin Baskey,Ambedkarite Party of India,1225,2,1227,0.52,13,13,West Bengal,Hooghly,General,,2026
192,Pandua,6,Shyamali Kumar,Socialist Unity Centre Of India (COMMUNIST),619,6,625,0.27,13,13,West Bengal,Hooghly,General,,2026
192,Pandua,7,Sekh Nasiruddin,Aam Janata Unnayan party,1316,3,1319,0.56,13,13,West Bengal,Hooghly,General,,2026
192,Pandua,8,Kajal Bahak,Independent,717,1,718,0.31,13,13,West Bengal,Hooghly,General,,2026
192,Pandua,9,Bijoy Krisna Sardar,Independent,1016,1,1017,0.44,13,13,West Bengal,Hooghly,General,,2026
192,Pandua,10,Nota,None of the Above,1640,11,1651,0.71,13,13,West Bengal,Hooghly,General,,2026
193,Saptagram,1,Anirban Sarkar,Communist Party of India (Marxist),9079,119,9198,4.68,12,12,West Bengal,Hooghly,General,Left–Congress alliance,2026
193,Saptagram,2,Bidesh Ranjan Bose,All India Trinamool Congress,78677,448,79125,40.25,12,12,West Bengal,Hooghly,General,,2026
193,Saptagram,3,Sougata Ghosh,Indian National Congress,1667,24,1691,0.86,12,12,West Bengal,Hooghly,General,Left–Congress alliance,2026
193,Saptagram,4,Swaraj Ghosh,Bharatiya Janata Party,101726,688,102414,52.1,12,12,West Bengal,Hooghly,General,,2026
193,Saptagram,5,Panchu Kodali,Bharatiya Nyay-Adhikar Raksha Party,568,3,571,0.29,12,12,West Bengal,Hooghly,General,,2026
193,Saptagram,6,S.K Akthar,Bharatiya National Janata Dal,389,2,391,0.2,12,12,West Bengal,Hooghly,General,,2026
193,Saptagram,7,Chunku Tudu,Independent,744,1,745,0.38,12,12,West Bengal,Hooghly,General,,2026
193,Saptagram,8,Rejina Begam,Independent,422,1,423,0.22,12,12,West Bengal,Hooghly,General,,2026
193,Saptagram,9,Sk Akbar Ali,Independent,921,4,925,0.47,12,12,West Bengal,Hooghly,General,,2026
193,Saptagram,10,Nota,None of the Above,1091,10,1101,0.56,12,12,West Bengal,Hooghly,General,,2026
194,Chanditala,1,Abu Abbas Uddin Sk.,Indian National Congress,2444,14,2458,1.08,24,24,West Bengal,Hooghly,General,Left–Congress alliance,2026
194,Chanditala,2,Asif Ali,Communist Party of India (Marxist),25331,107,25438,11.18,24,24,West Bengal,Hooghly,General,Left–Congress alliance,2026
194,Chanditala,3,Debasish Mukherjee,Bharatiya Janata Party,87136,344,87480,38.46,24,24,West Bengal,Hooghly,General,,2026
194,Chanditala,4,Swati Khandoker,All India Trinamool Congress,106819,324,107143,47.1,24,24,West Bengal,Hooghly,General,,2026
194,Chanditala,5,Md Abul Hasan Gayen,Aam Janata Unnayan party,876,0,876,0.39,24,24,West Bengal,Hooghly,General,,2026
194,Chanditala,6,Debashish Mukherjee,Independent,1346,2,1348,0.59,24,24,West Bengal,Hooghly,General,,2026
194,Chanditala,7,Sumit Mukherjee,Independent,809,2,811,0.36,24,24,West Bengal,Hooghly,General,,2026
194,Chanditala,8,Sekh Firoj,Independent,467,0,467,0.21,24,24,West Bengal,Hooghly,General,,2026
194,Chanditala,9,Nota,None of the Above,1441,10,1451,0.64,24,24,West Bengal,Hooghly,General,,2026
195,Jangipara,1,Prosenjit Bag,Bharatiya Janata Party,101748,661,102409,44.09,24,24,West Bengal,Hooghly,General,,2026
195,Jangipara,2,Subhasis Dutta,Indian National Congress,1557,15,1572,0.68,24,24,West Bengal,Hooghly,General,Left–Congress alliance,2026
195,Jangipara,3,Sudipta Sarkar,Communist Party of India (Marxist),17953,185,18138,7.81,24,24,West Bengal,Hooghly,General,Left–Congress alliance,2026
195,Jangipara,4,Snehasis Chakraborty,All India Trinamool Congress,100973,574,101547,43.72,24,24,West Bengal,Hooghly,General,,2026
195,Jangipara,5,A.T.M. Modabbar Hossain,Aam Janata Unnayan party,739,7,746,0.32,24,24,West Bengal,Hooghly,General,,2026
195,Jangipara,6,Sekh Abdul Rahim,Rashtriya Secular Majlis Party,2563,4,2567,1.11,24,24,West Bengal,Hooghly,General,,2026
195,Jangipara,7,Kartick Chandra Pal,Independent,391,0,391,0.17,24,24,West Bengal,Hooghly,General,,2026
195,Jangipara,8,Tapas Paul,Independent,1337,3,1340,0.58,24,24,West Bengal,Hooghly,General,,2026
195,Jangipara,9,Pritam Dutta,Independent,734,1,735,0.32,24,24,West Bengal,Hooghly,General,,2026
195,Jangipara,10,Sanjib Dhara,Independent,455,3,458,0.2,24,24,West Bengal,Hooghly,General,,2026
195,Jangipara,11,Nota,None of the Above,2364,24,2388,1.03,24,24,West Bengal,Hooghly,General,,2026
196,Haripal,1,Azad Saif,Indian National Congress,1822,24,1846,0.75,27,27,West Bengal,Hooghly,General,Left–Congress alliance,2026
196,Haripal,2,Karabi Manna,All India Trinamool Congress,109182,662,109844,44.65,27,27,West Bengal,Hooghly,General,,2026
196,Haripal,3,Madhumita Ghosh,Bharatiya Janata Party,112324,1008,113332,46.07,27,27,West Bengal,Hooghly,General,,2026
196,Haripal,4,Subir Kumar Roy,Bahujan Samaj Party,824,3,827,0.34,27,27,West Bengal,Hooghly,General,,2026
196,Haripal,5,Sisir Kumar Roy,Socialist Unity Centre Of India (COMMUNIST),490,8,498,0.2,27,27,West Bengal,Hooghly,General,,2026
196,Haripal,6,Sk.Mujaffar Ali (Maja),All India Secular Front,12436,101,12537,5.1,27,27,West Bengal,Hooghly,General,,2026
196,Haripal,7,Madhumita Ghosh W/O Palash Ghosh,Independent,427,3,430,0.17,27,27,West Bengal,Hooghly,General,,2026
196,Haripal,8,Madhumita Ghosh W/O Mithun Ghosh,Independent,542,1,543,0.22,27,27,West Bengal,Hooghly,General,,2026
196,Haripal,9,Suroj Phusti,Independent,1186,1,1187,0.48,27,27,West Bengal,Hooghly,General,,2026
196,Haripal,10,Sk Mojaffar,Independent,1383,5,1388,0.56,27,27,West Bengal,Hooghly,General,,2026
196,Haripal,11,Sekh Mojaphar Ali,Independent,1814,1,1815,0.74,27,27,West Bengal,Hooghly,General,,2026
196,Haripal,12,Nota,None of the Above,1712,35,1747,0.71,27,27,West Bengal,Hooghly,General,,2026
197,Dhanekhali,1,Asima Patra,All India Trinamool Congress,122817,645,123462,49.85,14,14,West Bengal,Hooghly,SC,,2026
197,Dhanekhali,2,Jyoti Kumari Das,Indian National Congress,3326,32,3358,1.36,14,14,West Bengal,Hooghly,SC,Left–Congress alliance,2026
197,Dhanekhali,3,Barnali Das,Bharatiya Janata Party,109585,820,110405,44.57,14,14,West Bengal,Hooghly,SC,,2026
197,Dhanekhali,4,Ruma Ahiri,Communist Party of India (Marxist-Leninist) (Liberation),4851,56,4907,1.98,14,14,West Bengal,Hooghly,SC,,2026
197,Dhanekhali,5,Arabinda Bag,Independent,840,3,843,0.34,14,14,West Bengal,Hooghly,SC,,2026
197,Dhanekhali,6,Labani Majhi,Independent,1118,3,1121,0.45,14,14,West Bengal,Hooghly,SC,,2026
197,Dhanekhali,7,Shefali Santra,Independent,696,3,699,0.28,14,14,West Bengal,Hooghly,SC,,2026
197,Dhanekhali,8,Nota,None of the Above,2876,20,2896,1.17,14,14,West Bengal,Hooghly,SC,,2026
198,Tarakeswar,1,Adesh Khamrui,Communist Party of India (Marxist),9463,153,9616,4.34,23,23,West Bengal,Hooghly,General,Left–Congress alliance,2026
198,Tarakeswar,2,Tapan Tudu,Bahujan Samaj Party,468,7,475,0.21,23,23,West Bengal,Hooghly,General,,2026
198,Tarakeswar,3,Bhabani Prasad Mondal,Indian National Congress,1060,17,1077,0.49,23,23,West Bengal,Hooghly,General,Left–Congress alliance,2026
198,Tarakeswar,4,Ramendu Sinharay,All India Trinamool Congress,85104,798,85902,38.77,23,23,West Bengal,Hooghly,General,,2026
198,Tarakeswar,5,Santu Pan,Bharatiya Janata Party,115792,1109,116901,52.76,23,23,West Bengal,Hooghly,General,,2026
198,Tarakeswar,6,Ahamed Alamgir Middya,Aam Janata Unnayan party,579,4,583,0.26,23,23,West Bengal,Hooghly,General,,2026
198,Tarakeswar,7,Astikmoni Malick,Independent,234,0,234,0.11,23,23,West Bengal,Hooghly,General,,2026
198,Tarakeswar,8,Imamul Hasan Mullik,Independent,844,1,845,0.38,23,23,West Bengal,Hooghly,General,,2026
198,Tarakeswar,9,Jaydeb Santra,Independent,1448,1,1449,0.65,23,23,West Bengal,Hooghly,General,,2026
198,Tarakeswar,10,Diti Bhattacharjee,Independent,1874,4,1878,0.85,23,23,West Bengal,Hooghly,General,,2026
198,Tarakeswar,11,Nirmal Kumar Dhara,Independent,454,13,467,0.21,23,23,West Bengal,Hooghly,General,,2026
198,Tarakeswar,12,Madan Chandra Ghosh,Independent,662,4,666,0.3,23,23,West Bengal,Hooghly,General,,2026
198,Tarakeswar,13,Nota,None of the Above,1462,23,1485,0.67,23,23,West Bengal,Hooghly,General,,2026
199,Pursurah,1,Partha Hazari,All India Trinamool Congress,84818,550,85368,35.43,15,15,West Bengal,Hooghly,General,,2026
199,Pursurah,2,Biman Ghosh,Bharatiya Janata Party,137712,1109,138821,57.62,15,15,West Bengal,Hooghly,General,,2026
199,Pursurah,3,Sandip Kumar Samanta,Communist Party of India (Marxist),8634,138,8772,3.64,15,15,West Bengal,Hooghly,General,Left–Congress alliance,2026
199,Pursurah,4,Habibar Rahaman Sk,Indian National Congress,1084,15,1099,0.46,15,15,West Bengal,Hooghly,General,Left–Congress alliance,2026
199,Pursurah,5,Subhendu Bhattacharjee,Rashtriya Secular Majlis Party,626,2,628,0.26,15,15,West Bengal,Hooghly,General,,2026
199,Pursurah,6,Sk Sakil Ali,Aam Janata Unnayan party,376,3,379,0.16,15,15,West Bengal,Hooghly,General,,2026
199,Pursurah,7,Tanmoy Ghosh,Independent,949,1,950,0.39,15,15,West Bengal,Hooghly,General,,2026
199,Pursurah,8,Haraprasad Bag,Independent,2118,10,2128,0.88,15,15,West Bengal,Hooghly,General,,2026
199,Pursurah,9,Nota,None of the Above,2763,16,2779,1.15,15,15,West Bengal,Hooghly,General,,2026
200,Arambag,1,Kajallata Kundu,Bahujan Samaj Party,1583,6,1589,0.67,24,24,West Bengal,Hooghly,SC,,2026
200,Arambag,2,Bag Mita,All India Trinamool Congress,93677,364,94041,39.87,24,24,West Bengal,Hooghly,SC,,2026
200,Arambag,3,Bag Hemanta,Bharatiya Janata Party,121926,1074,123000,52.15,24,24,West Bengal,Hooghly,SC,,2026
200,Arambag,4,Bithika Pandit,Communist Party of India (Marxist),11313,101,11414,4.84,24,24,West Bengal,Hooghly,SC,Left–Congress alliance,2026
200,Arambag,5,Sushil Santra,Indian National Congress,2279,17,2296,0.97,24,24,West Bengal,Hooghly,SC,Left–Congress alliance,2026
200,Arambag,6,Hemanta Bag,Independent,1924,5,1929,0.82,24,24,West Bengal,Hooghly,SC,,2026
200,Arambag,7,Nota,None of the Above,1589,17,1606,0.68,24,24,West Bengal,Hooghly,SC,,2026
201,Goghat,1,Dr. Nirmal Maji,All India Trinamool Congress,84493,423,84916,36.24,24,24,West Bengal,Hooghly,SC,,2026
201,Goghat,2,Prasanta Digar,Bharatiya Janata Party,133441,1057,134498,57.4,24,24,West Bengal,Hooghly,SC,,2026
201,Goghat,3,Muktaram Dhawrey,All India Forward Bloc,9103,82,9185,3.92,24,24,West Bengal,Hooghly,SC,Left–Congress alliance,2026
201,Goghat,4,Samir Roy,Bahujan Samaj Party,1189,13,1202,0.51,24,24,West Bengal,Hooghly,SC,,2026
201,Goghat,5,Haradhan Santra,Indian National Congress,2085,14,2099,0.9,24,24,West Bengal,Hooghly,SC,Left–Congress alliance,2026
201,Goghat,6,Nota,None of the Above,2407,14,2421,1.03,24,24,West Bengal,Hooghly,SC,,2026
202,Khanakul,1,Chayana Khan,Bahujan Samaj Party,1399,1,1400,0.59,19,19,West Bengal,Hooghly,General,,2026
202,Khanakul,2,Palash Kumar Roy,All India Trinamool Congress,91885,361,92246,38.9,19,19,West Bengal,Hooghly,General,,2026
202,Khanakul,3,Pradip Kar,Indian National Congress,1919,14,1933,0.82,19,19,West Bengal,Hooghly,General,Left–Congress alliance,2026
202,Khanakul,4,Susanta Ghosh,Bharatiya Janata Party,126019,710,126729,53.44,19,19,West Bengal,Hooghly,General,,2026
202,Khanakul,5,Biplab Mazumder,Revolutionary Socialist Party,1543,10,1553,0.65,19,19,West Bengal,Hooghly,General,Left–Congress alliance,2026
202,Khanakul,6,Sk Mujibar Rahaman,Aam Janata Unnayan party,648,2,650,0.27,19,19,West Bengal,Hooghly,General,,2026
202,Khanakul,7,Sk Saddam Hossain,All India Secular Front,7971,50,8021,3.38,19,19,West Bengal,Hooghly,General,,2026
202,Khanakul,8,Koushik Adhikary,Independent,971,1,972,0.41,19,19,West Bengal,Hooghly,General,,2026
202,Khanakul,9,Bikash Chandra Dolui,Independent,1931,5,1936,0.82,19,19,West Bengal,Hooghly,General,,2026
202,Khanakul,10,Nota,None of the Above,1681,14,1695,0.71,19,19,West Bengal,Hooghly,General,,2026
203,Tamluk,1,Dipendra Narayan Roy,All India Trinamool Congress,100948,889,101837,39.64,15,15,West Bengal,Purba Medinipur,General,,2026
203,Tamluk,2,Hare Krishna Bera,Bharatiya Janata Party,135055,1511,136566,53.15,15,15,West Bengal,Purba Medinipur,General,,2026
203,Tamluk,3,Haradhan Mazumdar,Indian National Congress,964,18,982,0.38,15,15,West Bengal,Purba Medinipur,General,Left–Congress alliance,2026
203,Tamluk,4,Arun Jana,Socialist Unity Centre Of India (COMMUNIST),2052,39,2091,0.81,15,15,West Bengal,Purba Medinipur,General,,2026
203,Tamluk,5,Ajijul Mallik,Jatiya Unnayan Party,3463,8,3471,1.35,15,15,West Bengal,Purba Medinipur,General,,2026
203,Tamluk,6,Ashadul Rahaman Sk,Aam Janata Unnayan party,183,2,185,0.07,15,15,West Bengal,Purba Medinipur,General,,2026
203,Tamluk,7,Nabendu Ghara,Communist Party of India,8638,163,8801,3.43,15,15,West Bengal,Purba Medinipur,General,Left–Congress alliance,2026
203,Tamluk,8,Dipankar Metya,Independent,146,3,149,0.06,15,15,West Bengal,Purba Medinipur,General,,2026
203,Tamluk,9,Biswajit Biswas,Independent,282,0,282,0.11,15,15,West Bengal,Purba Medinipur,General,,2026
203,Tamluk,10,Rajes Pramanik,Independent,214,5,219,0.09,15,15,West Bengal,Purba Medinipur,General,,2026
203,Tamluk,11,Harekrishna Bera,Independent,763,1,764,0.3,15,15,West Bengal,Purba Medinipur,General,,2026
203,Tamluk,12,Nota,None of the Above,1565,18,1583,0.62,15,15,West Bengal,Purba Medinipur,General,,2026
204,Panskura Purba,1,Ashim Kumar Maji,All India Trinamool Congress,90947,414,91361,41.39,12,12,West Bengal,Purba Medinipur,General,,2026
204,Panskura Purba,2,Dipak Kumar Patra,Indian National Congress,1688,11,1699,0.77,12,12,West Bengal,Purba Medinipur,General,Left–Congress alliance,2026
204,Panskura Purba,3,Subrata Maity(Rana),Bharatiya Janata Party,108574,690,109264,49.5,12,12,West Bengal,Purba Medinipur,General,,2026
204,Panskura Purba,4,Sk Ibrahim Ali,Communist Party of India (Marxist),11158,75,11233,5.09,12,12,West Bengal,Purba Medinipur,General,Left–Congress alliance,2026
204,Panskura Purba,5,Ananda Baran Handa,Socialist Unity Centre Of India (COMMUNIST),956,17,973,0.44,12,12,West Bengal,Purba Medinipur,General,,2026
204,Panskura Purba,6,Alfajuddin Ali Nayek,Jatiya Unnayan Party,3395,6,3401,1.54,12,12,West Bengal,Purba Medinipur,General,,2026
204,Panskura Purba,7,Bimal Poria (Dr.),Amra Bangalee,266,1,267,0.12,12,12,West Bengal,Purba Medinipur,General,,2026
204,Panskura Purba,8,Shaik Azad Ali,Aam Janata Unnayan party,846,3,849,0.38,12,12,West Bengal,Purba Medinipur,General,,2026
204,Panskura Purba,9,Sk Barkat Ali,Independent,293,1,294,0.13,12,12,West Bengal,Purba Medinipur,General,,2026
204,Panskura Purba,10,Nota,None of the Above,1391,5,1396,0.63,12,12,West Bengal,Purba Medinipur,General,,2026
205,Panskura Paschim,1,Kalyan Roy,Indian National Congress,2161,30,2191,0.85,18,18,West Bengal,Purba Medinipur,General,Left–Congress alliance,2026
205,Panskura Paschim,2,Siraj Khan,All India Trinamool Congress,104711,641,105352,40.77,18,18,West Bengal,Purba Medinipur,General,,2026
205,Panskura Paschim,3,Sintu Senapati,Bharatiya Janata Party,136447,1472,137919,53.37,18,18,West Bengal,Purba Medinipur,General,,2026
205,Panskura Paschim,4,Abjal Ali Sha,All India Secular Front,8656,46,8702,3.37,18,18,West Bengal,Purba Medinipur,General,,2026
205,Panskura Paschim,5,Snehalata Sahoo Pradhan,Socialist Unity Centre Of India (COMMUNIST),872,19,891,0.34,18,18,West Bengal,Purba Medinipur,General,,2026
205,Panskura Paschim,6,Narayan Kinkar Mishra,Independent,1070,2,1072,0.41,18,18,West Bengal,Purba Medinipur,General,,2026
205,Panskura Paschim,7,Sk Sirajuddin,Independent,1043,0,1043,0.4,18,18,West Bengal,Purba Medinipur,General,,2026
205,Panskura Paschim,8,Nota,None of the Above,1233,29,1262,0.49,18,18,West Bengal,Purba Medinipur,General,,2026
206,Moyna,1,Ashoke Dinda,Bharatiya Janata Party,125506,1660,127166,51.62,17,17,West Bengal,Purba Medinipur,General,,2026
206,Moyna,2,Chandan Mondal,All India Trinamool Congress,109847,1078,110925,45.03,17,17,West Bengal,Purba Medinipur,General,,2026
206,Moyna,3,Nimai Barman,Indian National Congress,1014,20,1034,0.42,17,17,West Bengal,Purba Medinipur,General,Left–Congress alliance,2026
206,Moyna,4,Jagadish Maiti,Socialist Unity Centre Of India (COMMUNIST),749,20,769,0.31,17,17,West Bengal,Purba Medinipur,General,,2026
206,Moyna,5,Swapan Kumar Barman,Communist Party of India,4427,72,4499,1.83,17,17,West Bengal,Purba Medinipur,General,Left–Congress alliance,2026
206,Moyna,6,Abhoy Bhowmik,Independent,105,1,106,0.04,17,17,West Bengal,Purba Medinipur,General,,2026
206,Moyna,7,Sandip Sheet,Independent,223,1,224,0.09,17,17,West Bengal,Purba Medinipur,General,,2026
206,Moyna,8,Suman Mahapatra,Independent,548,1,549,0.22,17,17,West Bengal,Purba Medinipur,General,,2026
206,Moyna,9,Nota,None of the Above,1047,14,1061,0.43,17,17,West Bengal,Purba Medinipur,General,,2026
207,Nandakumar,1,Khanra Nirmal,Bharatiya Janata Party,130333,1143,131476,52.73,15,15,West Bengal,Purba Medinipur,General,,2026
207,Nandakumar,2,Chandan Maiti,Communist Party of India (Marxist),8906,114,9020,3.62,15,15,West Bengal,Purba Medinipur,General,Left–Congress alliance,2026
207,Nandakumar,3,Sukumar De,All India Trinamool Congress,100071,802,100873,40.46,15,15,West Bengal,Purba Medinipur,General,,2026
207,Nandakumar,4,Sekh Matin,Indian National Congress,1640,21,1661,0.67,15,15,West Bengal,Purba Medinipur,General,Left–Congress alliance,2026
207,Nandakumar,5,Abdul Kader Din,Jatiya Unnayan Party,3445,11,3456,1.39,15,15,West Bengal,Purba Medinipur,General,,2026
207,Nandakumar,6,Saumitra Pattanayak,Socialist Unity Centre Of India (COMMUNIST),380,7,387,0.16,15,15,West Bengal,Purba Medinipur,General,,2026
207,Nandakumar,7,Nirmal Kumar Ari,Independent,651,4,655,0.26,15,15,West Bengal,Purba Medinipur,General,,2026
207,Nandakumar,8,Marphat Ali Khan,Independent,586,4,590,0.24,15,15,West Bengal,Purba Medinipur,General,,2026
207,Nandakumar,9,Nota,None of the Above,1189,9,1198,0.48,15,15,West Bengal,Purba Medinipur,General,,2026
208,Mahisadal,1,Kajal Nayek Das,Indian National Congress,1382,17,1399,0.59,22,22,West Bengal,Purba Medinipur,General,Left–Congress alliance,2026
208,Mahisadal,2,Tilak Kumar Chakraborty,All India Trinamool Congress,94540,806,95346,40.03,22,22,West Bengal,Purba Medinipur,General,,2026
208,Mahisadal,3,Paritosh Pattanayak,Communist Party of India (Marxist),11377,113,11490,4.82,22,22,West Bengal,Purba Medinipur,General,Left–Congress alliance,2026
208,Mahisadal,4,Subhas Chandra Panja,Bharatiya Janata Party,120386,1198,121584,51.05,22,22,West Bengal,Purba Medinipur,General,,2026
208,Mahisadal,5,Koushik Das,Jan Sangh Party,484,1,485,0.2,22,22,West Bengal,Purba Medinipur,General,,2026
208,Mahisadal,6,Tapan Kumar Maity,Socialist Unity Centre Of India (COMMUNIST),322,5,327,0.14,22,22,West Bengal,Purba Medinipur,General,,2026
208,Mahisadal,7,Swarnakamal Das,Jatiya Unnayan Party,5577,26,5603,2.35,22,22,West Bengal,Purba Medinipur,General,,2026
208,Mahisadal,8,Subhash Chandra Gumtya,Independent,411,2,413,0.17,22,22,West Bengal,Purba Medinipur,General,,2026
208,Mahisadal,9,Sk. Sainuddin,Independent,696,2,698,0.29,22,22,West Bengal,Purba Medinipur,General,,2026
208,Mahisadal,10,Nota,None of the Above,836,7,843,0.35,22,22,West Bengal,Purba Medinipur,General,,2026
209,Haldia,1,Abhimanyu Mondal,Indian National Congress,1605,12,1617,0.68,21,21,West Bengal,Purba Medinipur,SC,Left–Congress alliance,2026
209,Haldia,2,Asoke Kumar Patra,Communist Party of India (Marxist),18987,134,19121,7.99,21,21,West Bengal,Purba Medinipur,SC,Left–Congress alliance,2026
209,Haldia,3,Tapasi Mondal,All India Trinamool Congress,82683,438,83121,34.71,21,21,West Bengal,Purba Medinipur,SC,,2026
209,Haldia,4,Pradip Kumar Bijali,Bharatiya Janata Party,130881,1302,132183,55.2,21,21,West Bengal,Purba Medinipur,SC,,2026
209,Haldia,5,Keya Rani Das,Aam Janata Unnayan party,1105,3,1108,0.46,21,21,West Bengal,Purba Medinipur,SC,,2026
209,Haldia,6,Aniruddha Gayen,Independent,772,1,773,0.32,21,21,West Bengal,Purba Medinipur,SC,,2026
209,Haldia,7,Bhabataran Sahoo,Independent,457,0,457,0.19,21,21,West Bengal,Purba Medinipur,SC,,2026
209,Haldia,8,Nota,None of the Above,1051,15,1066,0.45,21,21,West Bengal,Purba Medinipur,SC,,2026
210,Nandigram,1,Adhikari Suvendu,Bharatiya Janata Party,125969,1332,127301,50.37,19,19,West Bengal,Purba Medinipur,General,,2026
210,Nandigram,2,Pabitra Kar,All India Trinamool Congress,116737,899,117636,46.55,19,19,West Bengal,Purba Medinipur,General,,2026
210,Nandigram,3,Sekh Jariatul Hossain,Indian National Congress,787,7,794,0.31,19,19,West Bengal,Purba Medinipur,General,Left–Congress alliance,2026
210,Nandigram,4,Ali Md Sabe Miraj Khan,All India Secular Front,1886,12,1898,0.75,19,19,West Bengal,Purba Medinipur,General,,2026
210,Nandigram,5,Bimal Kumar Maity,Socialist Unity Centre Of India (COMMUNIST),232,6,238,0.09,19,19,West Bengal,Purba Medinipur,General,,2026
210,Nandigram,6,Santi Gopal Giri,Communist Party of India,2947,50,2997,1.19,19,19,West Bengal,Purba Medinipur,General,Left–Congress alliance,2026
210,Nandigram,7,Sahidul Haque Mondal,Aam Janata Unnayan party,60,8,68,0.03,19,19,West Bengal,Purba Medinipur,General,,2026
210,Nandigram,8,Md. Abi Ala,Independent,62,9,71,0.03,19,19,West Bengal,Purba Medinipur,General,,2026
210,Nandigram,9,Md. Nurul Islam,Independent,54,0,54,0.02,19,19,West Bengal,Purba Medinipur,General,,2026
210,Nandigram,10,Sangita Chakraborty,Independent,165,2,167,0.07,19,19,West Bengal,Purba Medinipur,General,,2026
210,Nandigram,11,Sahalam Ali,Independent,578,1,579,0.23,19,19,West Bengal,Purba Medinipur,General,,2026
210,Nandigram,12,Nota,None of the Above,912,7,919,0.36,19,19,West Bengal,Purba Medinipur,General,,2026
211,Chandipur,1,Ahmed Sk. Taslim,Indian National Congress,1186,21,1207,0.5,13,13,West Bengal,Purba Medinipur,General,Left–Congress alliance,2026
211,Chandipur,2,Uttam Barik,All India Trinamool Congress,104723,1054,105777,43.72,13,13,West Bengal,Purba Medinipur,General,,2026
211,Chandipur,3,Pijush Kanti Das,Bharatiya Janata Party,124701,1346,126047,52.09,13,13,West Bengal,Purba Medinipur,General,,2026
211,Chandipur,4,Rita Das,Communist Party of India (Marxist),6449,119,6568,2.71,13,13,West Bengal,Purba Medinipur,General,Left–Congress alliance,2026
211,Chandipur,5,Ayub Khan,Jatiya Unnayan Party,673,2,675,0.28,13,13,West Bengal,Purba Medinipur,General,,2026
211,Chandipur,6,Arjit Kalam Azad Sk,Aam Janata Unnayan party,423,1,424,0.18,13,13,West Bengal,Purba Medinipur,General,,2026
211,Chandipur,7,Rita Bhowmik,Socialist Unity Centre Of India (COMMUNIST),632,10,642,0.27,13,13,West Bengal,Purba Medinipur,General,,2026
211,Chandipur,8,Nota,None of the Above,607,10,617,0.26,13,13,West Bengal,Purba Medinipur,General,,2026
212,Patashpur,1,Tapan Maity,Bharatiya Janata Party,115401,1188,116589,50.24,18,18,West Bengal,Purba Medinipur,General,,2026
212,Patashpur,2,Pijus Kanti Panda,All India Trinamool Congress,106523,1015,107538,46.34,18,18,West Bengal,Purba Medinipur,General,,2026
212,Patashpur,3,Pranab Kumar Mahapatra,Indian National Congress,1010,12,1022,0.44,18,18,West Bengal,Purba Medinipur,General,Left–Congress alliance,2026
212,Patashpur,4,Abdul Ahad Ali Sk,Jatiya Unnayan Party,550,1,551,0.24,18,18,West Bengal,Purba Medinipur,General,,2026
212,Patashpur,5,Surjyendu Bikash Patra,Socialist Unity Centre Of India (COMMUNIST),339,4,343,0.15,18,18,West Bengal,Purba Medinipur,General,,2026
212,Patashpur,6,Saikat Giri,Communist Party of India,4510,85,4595,1.98,18,18,West Bengal,Purba Medinipur,General,Left–Congress alliance,2026
212,Patashpur,7,Rajesh Senapati,Independent,573,1,574,0.25,18,18,West Bengal,Purba Medinipur,General,,2026
212,Patashpur,8,Nota,None of the Above,822,14,836,0.36,18,18,West Bengal,Purba Medinipur,General,,2026
213,Kanthi Uttar,1,Debasis Bhunya,All India Trinamool Congress,108946,1087,110033,44.12,26,26,West Bengal,Purba Medinipur,General,,2026
213,Kanthi Uttar,2,Sutanu Maity,Communist Party of India (Marxist),4564,81,4645,1.86,26,26,West Bengal,Purba Medinipur,General,Left–Congress alliance,2026
213,Kanthi Uttar,3,Subrata Mahapatra,Indian National Congress,967,16,983,0.39,26,26,West Bengal,Purba Medinipur,General,Left–Congress alliance,2026
213,Kanthi Uttar,4,Sumita Sinha,Bharatiya Janata Party,128833,1255,130088,52.16,26,26,West Bengal,Purba Medinipur,General,,2026
213,Kanthi Uttar,5,Subhash Chandra Paria,Socialist Unity Centre Of India (COMMUNIST),683,3,686,0.28,26,26,West Bengal,Purba Medinipur,General,,2026
213,Kanthi Uttar,6,Swapan Ghorai,Indian Unity Centre,239,17,256,0.1,26,26,West Bengal,Purba Medinipur,General,,2026
213,Kanthi Uttar,7,Umarani Guria,Independent,634,5,639,0.26,26,26,West Bengal,Purba Medinipur,General,,2026
213,Kanthi Uttar,8,Manas Shit,Independent,197,4,201,0.08,26,26,West Bengal,Purba Medinipur,General,,2026
213,Kanthi Uttar,9,Subham Jana,Independent,410,13,423,0.17,26,26,West Bengal,Purba Medinipur,General,,2026
213,Kanthi Uttar,10,Nota,None of the Above,1456,11,1467,0.59,26,26,West Bengal,Purba Medinipur,General,,2026
214,Bhagabanpur,1,Biswajit Panigrahi,Indian National Congress,1005,15,1020,0.41,24,24,West Bengal,Purba Medinipur,General,Left–Congress alliance,2026
214,Bhagabanpur,2,Makhan Lal Mahapatra,Bahujan Samaj Party,725,4,729,0.29,24,24,West Bengal,Purba Medinipur,General,,2026
214,Bhagabanpur,3,Manab Kumar Parua,All India Trinamool Congress,108835,873,109708,44.3,24,24,West Bengal,Purba Medinipur,General,,2026
214,Bhagabanpur,4,Santanu Pramanik,Bharatiya Janata Party,129356,1230,130586,52.73,24,24,West Bengal,Purba Medinipur,General,,2026
214,Bhagabanpur,5,Gopal Chandra Patra,Socialist Unity Centre Of India (COMMUNIST),946,15,961,0.39,24,24,West Bengal,Purba Medinipur,General,,2026
214,Bhagabanpur,6,Prativa Rani Kar Shasmal,Revolutionary Socialist Party,3584,81,3665,1.48,24,24,West Bengal,Purba Medinipur,General,Left–Congress alliance,2026
214,Bhagabanpur,7,Dibyendu Maity,Independent,277,6,283,0.11,24,24,West Bengal,Purba Medinipur,General,,2026
214,Bhagabanpur,8,Nota,None of the Above,684,17,701,0.28,24,24,West Bengal,Purba Medinipur,General,,2026
215,Khejuri,1,Asit Pramanik,Indian National Congress,820,12,832,0.35,22,22,West Bengal,Purba Medinipur,SC,Left–Congress alliance,2026
215,Khejuri,2,Gostho Gopal Das,Bahujan Samaj Party,543,4,547,0.23,22,22,West Bengal,Purba Medinipur,SC,,2026
215,Khejuri,3,Rabin Chandra Mandal,All India Trinamool Congress,96235,950,97185,41.12,22,22,West Bengal,Purba Medinipur,SC,,2026
215,Khejuri,4,Subrata Paik,Bharatiya Janata Party,128593,1282,129875,54.96,22,22,West Bengal,Purba Medinipur,SC,,2026
215,Khejuri,5,Himangshu Das,Communist Party of India (Marxist),5302,63,5365,2.27,22,22,West Bengal,Purba Medinipur,SC,Left–Congress alliance,2026
215,Khejuri,6,Pabitra Mondal,Socialist Unity Centre Of India (COMMUNIST),343,5,348,0.15,22,22,West Bengal,Purba Medinipur,SC,,2026
215,Khejuri,7,Ghanashyam Das,Independent,207,0,207,0.09,22,22,West Bengal,Purba Medinipur,SC,,2026
215,Khejuri,8,Mukunda Mondal,Independent,506,1,507,0.21,22,22,West Bengal,Purba Medinipur,SC,,2026
215,Khejuri,9,Rabin Mandal,Independent,592,17,609,0.26,22,22,West Bengal,Purba Medinipur,SC,,2026
215,Khejuri,10,Subrata Paik,Independent,223,29,252,0.11,22,22,West Bengal,Purba Medinipur,SC,,2026
215,Khejuri,11,Nota,None of the Above,589,12,601,0.25,22,22,West Bengal,Purba Medinipur,SC,,2026
216,Kanthi Dakshin,1,Arup Kumar Das,Bharatiya Janata Party,116110,2109,118219,55.54,26,26,West Bengal,Purba Medinipur,General,,2026
216,Kanthi Dakshin,2,Tarun Kumar Jana,All India Trinamool Congress,85573,1174,86747,40.76,26,26,West Bengal,Purba Medinipur,General,,2026
216,Kanthi Dakshin,3,Masud Mallik,Indian National Congress,834,21,855,0.4,26,26,West Bengal,Purba Medinipur,General,Left–Congress alliance,2026
216,Kanthi Dakshin,4,Hiralal Mirdha,Bahujan Samaj Party,195,3,198,0.09,26,26,West Bengal,Purba Medinipur,General,,2026
216,Kanthi Dakshin,5,Teheran Hossain,Communist Party of India,3721,147,3868,1.82,26,26,West Bengal,Purba Medinipur,General,Left–Congress alliance,2026
216,Kanthi Dakshin,6,Rafikul Islam,Socialist Unity Centre Of India (COMMUNIST),363,9,372,0.17,26,26,West Bengal,Purba Medinipur,General,,2026
216,Kanthi Dakshin,7,Ajitesh Pahari,Independent,63,11,74,0.03,26,26,West Bengal,Purba Medinipur,General,,2026
216,Kanthi Dakshin,8,Tapas Kumar Adhikari,Independent,127,15,142,0.07,26,26,West Bengal,Purba Medinipur,General,,2026
216,Kanthi Dakshin,9,Biswajit Jana,Independent,162,4,166,0.08,26,26,West Bengal,Purba Medinipur,General,,2026
216,Kanthi Dakshin,10,Raj Kumar Sheet,Independent,898,8,906,0.43,26,26,West Bengal,Purba Medinipur,General,,2026
216,Kanthi Dakshin,11,Nota,None of the Above,1260,28,1288,0.61,26,26,West Bengal,Purba Medinipur,General,,2026
217,Ramnagar,1,Akhil Giri,All India Trinamool Congress,103868,1001,104869,42.83,26,26,West Bengal,Purba Medinipur,General,,2026
217,Ramnagar,2,Asoke Kumar Maiti,Communist Party of India (Marxist),5148,91,5239,2.14,26,26,West Bengal,Purba Medinipur,General,Left–Congress alliance,2026
217,Ramnagar,3,Dr. Chandra Sekhar Mondal,Bharatiya Janata Party,130466,1342,131808,53.83,26,26,West Bengal,Purba Medinipur,General,,2026
217,Ramnagar,4,Narayan Barman,Socialist Unity Centre Of India (COMMUNIST),631,4,635,0.26,26,26,West Bengal,Purba Medinipur,General,,2026
217,Ramnagar,5,Ahamadullah Khan Md.,Independent,169,4,173,0.07,26,26,West Bengal,Purba Medinipur,General,,2026
217,Ramnagar,6,Chandra Sekhar Dey,Independent,624,3,627,0.26,26,26,West Bengal,Purba Medinipur,General,,2026
217,Ramnagar,7,Srikrishna Bhunia,Independent,213,1,214,0.09,26,26,West Bengal,Purba Medinipur,General,,2026
217,Ramnagar,8,Nota,None of the Above,1268,9,1277,0.52,26,26,West Bengal,Purba Medinipur,General,,2026
218,Egra,1,Anjan Kumar Pattanayak,Indian National Congress,1745,15,1760,0.65,18,18,West Bengal,Purba Medinipur,General,Left–Congress alliance,2026
218,Egra,2,Adhikari Dibyendu,Bharatiya Janata Party,141231,1439,142670,52.96,18,18,West Bengal,Purba Medinipur,General,,2026
218,Egra,3,Tarun Kumar Maity,All India Trinamool Congress,115977,1001,116978,43.43,18,18,West Bengal,Purba Medinipur,General,,2026
218,Egra,4,Subrata Panda,Communist Party of India (Marxist),5636,100,5736,2.13,18,18,West Bengal,Purba Medinipur,General,Left–Congress alliance,2026
218,Egra,5,Sanatan Giri,Socialist Unity Centre Of India (COMMUNIST),960,8,968,0.36,18,18,West Bengal,Purba Medinipur,General,,2026
218,Egra,6,Sk Arif Ikbal,Independent,537,2,539,0.2,18,18,West Bengal,Purba Medinipur,General,,2026
218,Egra,7,Nota,None of the Above,712,10,722,0.27,18,18,West Bengal,Purba Medinipur,General,,2026
219,Dantan,1,Ajit Kumar Jana,Bharatiya Janata Party,109458,801,110259,50.49,19,19,West Bengal,Paschim Medinipur,General,,2026
219,Dantan,2,Utpal Datta,Indian National Congress,1101,8,1109,0.51,19,19,West Bengal,Paschim Medinipur,General,Left–Congress alliance,2026
219,Dantan,3,Manik Maiti,All India Trinamool Congress,99373,510,99883,45.74,19,19,West Bengal,Paschim Medinipur,General,,2026
219,Dantan,4,Maidul Hoda,Aam Janata Unnayan party,624,0,624,0.29,19,19,West Bengal,Paschim Medinipur,General,,2026
219,Dantan,5,Shyamal Kanti Daspattanayek,Communist Party of India,3542,38,3580,1.64,19,19,West Bengal,Paschim Medinipur,General,Left–Congress alliance,2026
219,Dantan,6,Subhash Das,Socialist Unity Centre Of India (COMMUNIST),1185,4,1189,0.54,19,19,West Bengal,Paschim Medinipur,General,,2026
219,Dantan,7,Ajit Kumar Kanango,Independent,519,0,519,0.24,19,19,West Bengal,Paschim Medinipur,General,,2026
219,Dantan,8,Nota,None of the Above,1202,9,1211,0.55,19,19,West Bengal,Paschim Medinipur,General,,2026
220,Nayagram,1,Amiya Kisku,Bharatiya Janata Party,99691,1166,100857,48.56,21,21,West Bengal,Jhargram,ST,,2026
220,Nayagram,2,Dulal Murmu,All India Trinamool Congress,93661,772,94433,45.46,21,21,West Bengal,Jhargram,ST,,2026
220,Nayagram,3,Dr. Pulin Bihari Baske,Communist Party of India (Marxist),5287,51,5338,2.57,21,21,West Bengal,Jhargram,ST,Left–Congress alliance,2026
220,Nayagram,4,Prasanta Murmu,Indian National Congress,888,11,899,0.43,21,21,West Bengal,Jhargram,ST,Left–Congress alliance,2026
220,Nayagram,5,Kalicharan Beshra,Socialist Unity Centre Of India (COMMUNIST),506,2,508,0.24,21,21,West Bengal,Jhargram,ST,,2026
220,Nayagram,6,Jiten Saren,Independent,434,3,437,0.21,21,21,West Bengal,Jhargram,ST,,2026
220,Nayagram,7,Dilip Kumar Kisku,Independent,529,6,535,0.26,21,21,West Bengal,Jhargram,ST,,2026
220,Nayagram,8,Dhiren Murmu,Independent,507,4,511,0.25,21,21,West Bengal,Jhargram,ST,,2026
220,Nayagram,9,Banka Chand Mandi,Independent,1305,0,1305,0.63,21,21,West Bengal,Jhargram,ST,,2026
220,Nayagram,10,Nota,None of the Above,2874,16,2890,1.39,21,21,West Bengal,Jhargram,ST,,2026
221,Gopiballavpur,1,Ajit Mahata,All India Trinamool Congress,87135,873,88008,41.24,25,25,West Bengal,Jhargram,General,,2026
221,Gopiballavpur,2,Rajesh Mahata,Bharatiya Janata Party,113565,1118,114683,53.75,25,25,West Bengal,Jhargram,General,,2026
221,Gopiballavpur,3,Sourav Ghosh,Indian National Congress,1496,25,1521,0.71,25,25,West Bengal,Jhargram,General,Left–Congress alliance,2026
221,Gopiballavpur,4,Dharmapal Bisui,Socialist Unity Centre Of India (COMMUNIST),413,2,415,0.19,25,25,West Bengal,Jhargram,General,,2026
221,Gopiballavpur,5,Bikash Sharangi,Communist Party of India,3105,44,3149,1.48,25,25,West Bengal,Jhargram,General,Left–Congress alliance,2026
221,Gopiballavpur,6,Ajit Mahato,Independent,658,2,660,0.31,25,25,West Bengal,Jhargram,General,,2026
221,Gopiballavpur,7,Kanailal Raut,Independent,667,10,677,0.32,25,25,West Bengal,Jhargram,General,,2026
221,Gopiballavpur,8,Bimal Pal,Independent,529,0,529,0.25,25,25,West Bengal,Jhargram,General,,2026
221,Gopiballavpur,9,Subhash Mahato,Independent,1209,0,1209,0.57,25,25,West Bengal,Jhargram,General,,2026
221,Gopiballavpur,10,Nota,None of the Above,2520,12,2532,1.19,25,25,West Bengal,Jhargram,General,,2026
222,Jhargram,1,Arjun Kumar Mahata,Communist Party of India (Marxist),6466,138,6604,2.99,24,24,West Bengal,Jhargram,General,Left–Congress alliance,2026
222,Jhargram,2,Prasenjit De,Indian National Congress,1453,53,1506,0.68,24,24,West Bengal,Jhargram,General,Left–Congress alliance,2026
222,Jhargram,3,Mongal Saren,All India Trinamool Congress,81697,1033,82730,37.44,24,24,West Bengal,Jhargram,General,,2026
222,Jhargram,4,Lakshmi Kanta Sau,Bharatiya Janata Party,119065,1812,120877,54.71,24,24,West Bengal,Jhargram,General,,2026
222,Jhargram,5,Sundar Mohan Murmu,Bahujan Samaj Party,1344,12,1356,0.61,24,24,West Bengal,Jhargram,General,,2026
222,Jhargram,6,Joyram Chalak,Amra Bangalee,381,4,385,0.17,24,24,West Bengal,Jhargram,General,,2026
222,Jhargram,7,Subhas Chandra Singha,Socialist Unity Centre Of India (COMMUNIST),525,5,530,0.24,24,24,West Bengal,Jhargram,General,,2026
222,Jhargram,8,Abhijit Singha,Independent,658,10,668,0.3,24,24,West Bengal,Jhargram,General,,2026
222,Jhargram,9,Ashoke Mahata,Independent,1004,6,1010,0.46,24,24,West Bengal,Jhargram,General,,2026
222,Jhargram,10,Prabir Mandi,Independent,993,15,1008,0.46,24,24,West Bengal,Jhargram,General,,2026
222,Jhargram,11,Prabir Mahata,Independent,1235,15,1250,0.57,24,24,West Bengal,Jhargram,General,,2026
222,Jhargram,12,Subhasis Karak,Independent,751,3,754,0.34,24,24,West Bengal,Jhargram,General,,2026
222,Jhargram,13,Nota,None of the Above,2240,22,2262,1.02,24,24,West Bengal,Jhargram,General,,2026
223,Keshiary,1,Kalachand Tudu,Indian National Congress,1311,8,1319,0.59,22,22,West Bengal,Paschim Medinipur,ST,Left–Congress alliance,2026
223,Keshiary,2,Tapan Kumar Sing,Bahujan Samaj Party,935,1,936,0.42,22,22,West Bengal,Paschim Medinipur,ST,,2026
223,Keshiary,3,Bhadra Hemram,Bharatiya Janata Party,112886,827,113713,50.8,22,22,West Bengal,Paschim Medinipur,ST,,2026
223,Keshiary,4,Malina Murmu,Communist Party of India (Marxist),6177,71,6248,2.79,22,22,West Bengal,Paschim Medinipur,ST,Left–Congress alliance,2026
223,Keshiary,5,Ramjiban Mandi,All India Trinamool Congress,97413,413,97826,43.7,22,22,West Bengal,Paschim Medinipur,ST,,2026
223,Keshiary,6,Sunil Singh,Socialist Unity Centre Of India (COMMUNIST),1228,5,1233,0.55,22,22,West Bengal,Paschim Medinipur,ST,,2026
223,Keshiary,7,Chunaram Saren,Independent,838,0,838,0.37,22,22,West Bengal,Paschim Medinipur,ST,,2026
223,Keshiary,8,Lakshmi Kanta Hembram,Independent,391,0,391,0.17,22,22,West Bengal,Paschim Medinipur,ST,,2026
223,Keshiary,9,Nota,None of the Above,1324,14,1338,0.6,22,22,West Bengal,Paschim Medinipur,ST,,2026
224,Kharagpur Sadar,1,Gokul Khatick,Bahujan Samaj Party,772,3,775,0.48,20,20,West Bengal,Paschim Medinipur,General,,2026
224,Kharagpur Sadar,2,Dilip Ghosh,Bharatiya Janata Party,88934,951,89885,55.6,20,20,West Bengal,Paschim Medinipur,General,,2026
224,Kharagpur Sadar,3,Dr. Papiya Chakraborty,Indian National Congress,2843,36,2879,1.78,20,20,West Bengal,Paschim Medinipur,General,Left–Congress alliance,2026
224,Kharagpur Sadar,4,Pradip Sarkar,All India Trinamool Congress,58999,380,59379,36.73,20,20,West Bengal,Paschim Medinipur,General,,2026
224,Kharagpur Sadar,5,Madhusudan Roy,Communist Party of India (Marxist),5341,110,5451,3.37,20,20,West Bengal,Paschim Medinipur,General,Left–Congress alliance,2026
224,Kharagpur Sadar,6,T. Anil Singh,Rashtriya Lok Janshakti Party,354,1,355,0.22,20,20,West Bengal,Paschim Medinipur,General,,2026
224,Kharagpur Sadar,7,Suranjan Mahapatra,Socialist Unity Centre Of India (COMMUNIST),803,3,806,0.5,20,20,West Bengal,Paschim Medinipur,General,,2026
224,Kharagpur Sadar,8,Azfar Ali Khan,Independent,278,0,278,0.17,20,20,West Bengal,Paschim Medinipur,General,,2026
224,Kharagpur Sadar,9,Bishnu Kumar Sahu,Independent,562,1,563,0.35,20,20,West Bengal,Paschim Medinipur,General,,2026
224,Kharagpur Sadar,10,Nota,None of the Above,1270,20,1290,0.8,20,20,West Bengal,Paschim Medinipur,General,,2026
225,Narayangarh,1,Giri Ramaprasad,Bharatiya Janata Party,115133,917,116050,51.45,22,22,West Bengal,Paschim Medinipur,General,,2026
225,Narayangarh,2,Tapas Sinha,Communist Party of India (Marxist),7240,105,7345,3.26,22,22,West Bengal,Paschim Medinipur,General,Left–Congress alliance,2026
225,Narayangarh,3,Pratibha Maiti,All India Trinamool Congress,95205,478,95683,42.42,22,22,West Bengal,Paschim Medinipur,General,,2026
225,Narayangarh,4,Sk Alam Hossain,Indian National Congress,1358,9,1367,0.61,22,22,West Bengal,Paschim Medinipur,General,Left–Congress alliance,2026
225,Narayangarh,5,Ganesh Kisku,Bharatiya Nyay-Adhikar Raksha Party,181,0,181,0.08,22,22,West Bengal,Paschim Medinipur,General,,2026
225,Narayangarh,6,Shyama Pada Jana,Socialist Unity Centre Of India (COMMUNIST),1543,15,1558,0.69,22,22,West Bengal,Paschim Medinipur,General,,2026
225,Narayangarh,7,Sk Nurul Hasan,Aam Janata Unnayan party,208,1,209,0.09,22,22,West Bengal,Paschim Medinipur,General,,2026
225,Narayangarh,8,Amit Das,Independent,245,1,246,0.11,22,22,West Bengal,Paschim Medinipur,General,,2026
225,Narayangarh,9,Tapas Mahapatra,Independent,900,5,905,0.4,22,22,West Bengal,Paschim Medinipur,General,,2026
225,Narayangarh,10,Nityananda Raut,Independent,347,1,348,0.15,22,22,West Bengal,Paschim Medinipur,General,,2026
225,Narayangarh,11,Nota,None of the Above,1640,11,1651,0.73,22,22,West Bengal,Paschim Medinipur,General,,2026
226,Sabang,1,Amal Kumar Panda,Bharatiya Janata Party,126496,1287,127783,49.66,27,27,West Bengal,Paschim Medinipur,General,,2026
226,Sabang,2,Alak Kumar Samai,Indian National Congress,2232,40,2272,0.88,27,27,West Bengal,Paschim Medinipur,General,Left–Congress alliance,2026
226,Sabang,3,Nakul Chandra Bera,Communist Party of India (Marxist),6849,129,6978,2.71,27,27,West Bengal,Paschim Medinipur,General,Left–Congress alliance,2026
226,Sabang,4,Manas Ranjan Bhunia,All India Trinamool Congress,115706,941,116647,45.33,27,27,West Bengal,Paschim Medinipur,General,,2026
226,Sabang,5,Tapan Kumar Sasmal,Socialist Unity Centre Of India (COMMUNIST),1205,16,1221,0.47,27,27,West Bengal,Paschim Medinipur,General,,2026
226,Sabang,6,Debashis Barman,Amra Bangalee,629,1,630,0.24,27,27,West Bengal,Paschim Medinipur,General,,2026
226,Sabang,7,Gopinath Dey,Independent,212,6,218,0.08,27,27,West Bengal,Paschim Medinipur,General,,2026
226,Sabang,8,Rafik Ali Saiyed,Independent,286,0,286,0.11,27,27,West Bengal,Paschim Medinipur,General,,2026
226,Sabang,9,Nota,None of the Above,1288,17,1305,0.51,27,27,West Bengal,Paschim Medinipur,General,,2026
227,Pingla,1,Ajit Maity,All India Trinamool Congress,105255,454,105709,43.55,24,24,West Bengal,Paschim Medinipur,General,,2026
227,Pingla,2,Susanta Mandal,Indian National Congress,1655,13,1668,0.69,24,24,West Bengal,Paschim Medinipur,General,Left–Congress alliance,2026
227,Pingla,3,Swagata Manna,Bharatiya Janata Party,123210,979,124189,51.16,24,24,West Bengal,Paschim Medinipur,General,,2026
227,Pingla,4,Ashok Sen,Communist Party of India,6363,60,6423,2.65,24,24,West Bengal,Paschim Medinipur,General,Left–Congress alliance,2026
227,Pingla,5,Kazi Abdur Rashid,Aam Janata Unnayan party,268,1,269,0.11,24,24,West Bengal,Paschim Medinipur,General,,2026
227,Pingla,6,Sishir Kumar Manna,Socialist Unity Centre Of India (COMMUNIST),263,8,271,0.11,24,24,West Bengal,Paschim Medinipur,General,,2026
227,Pingla,7,Ajit Maiti,Independent,120,4,124,0.05,24,24,West Bengal,Paschim Medinipur,General,,2026
227,Pingla,8,Asish Kumar Bhunia,Independent,145,1,146,0.06,24,24,West Bengal,Paschim Medinipur,General,,2026
227,Pingla,9,Tapan Dhal,Independent,430,0,430,0.18,24,24,West Bengal,Paschim Medinipur,General,,2026
227,Pingla,10,Tajambul Hossain Khan,Independent,953,0,953,0.39,24,24,West Bengal,Paschim Medinipur,General,,2026
227,Pingla,11,Basudeb Pan,Independent,399,0,399,0.16,24,24,West Bengal,Paschim Medinipur,General,,2026
227,Pingla,12,Nota,None of the Above,2162,11,2173,0.9,24,24,West Bengal,Paschim Medinipur,General,,2026
228,Kharagpur,1,Ujjal Mukherjee,Indian National Congress,1561,9,1570,0.75,19,19,West Bengal,Paschim Medinipur,General,Left–Congress alliance,2026
228,Kharagpur,2,Tapan Bhuya,Bharatiya Janata Party,94614,834,95448,45.77,19,19,West Bengal,Paschim Medinipur,General,,2026
228,Kharagpur,3,Dinen Roy,All India Trinamool Congress,97970,350,98320,47.14,19,19,West Bengal,Paschim Medinipur,General,,2026
228,Kharagpur,4,Sk Sajahan Ali,Communist Party of India (Marxist),7884,67,7951,3.81,19,19,West Bengal,Paschim Medinipur,General,Left–Congress alliance,2026
228,Kharagpur,5,Akshay Khan,Socialist Unity Centre Of India (COMMUNIST),609,4,613,0.29,19,19,West Bengal,Paschim Medinipur,General,,2026
228,Kharagpur,6,Barsha Mahapatra,Amra Bangalee,344,0,344,0.16,19,19,West Bengal,Paschim Medinipur,General,,2026
228,Kharagpur,7,Avijit Roy,Independent,461,0,461,0.22,19,19,West Bengal,Paschim Medinipur,General,,2026
228,Kharagpur,8,Manmatha Nath Dolai,Independent,1428,1,1429,0.69,19,19,West Bengal,Paschim Medinipur,General,,2026
228,Kharagpur,9,Sujoy Ghosh,Independent,889,0,889,0.43,19,19,West Bengal,Paschim Medinipur,General,,2026
228,Kharagpur,10,Nota,None of the Above,1526,9,1535,0.74,19,19,West Bengal,Paschim Medinipur,General,,2026
229,Debra,1,Chitta Ranjan Jana,Indian National Congress,1324,13,1337,0.62,18,18,West Bengal,Paschim Medinipur,General,Left–Congress alliance,2026
229,Debra,2,Rajib Banerjee,All India Trinamool Congress,85169,493,85662,39.42,18,18,West Bengal,Paschim Medinipur,General,,2026
229,Debra,3,Subhashis Om,Bharatiya Janata Party,113489,974,114463,52.67,18,18,West Bengal,Paschim Medinipur,General,,2026
229,Debra,4,Sumit Adhikari,Communist Party of India (Marxist),12375,98,12473,5.74,18,18,West Bengal,Paschim Medinipur,General,Left–Congress alliance,2026
229,Debra,5,Dipankar Maity,Socialist Unity Centre Of India (COMMUNIST),393,9,402,0.18,18,18,West Bengal,Paschim Medinipur,General,,2026
229,Debra,6,Shubhamoy Nayek,Bharatiya Nyay-Adhikar Raksha Party,238,4,242,0.11,18,18,West Bengal,Paschim Medinipur,General,,2026
229,Debra,7,Selim Khan,Rashtriya Lok Janshakti Party,906,0,906,0.42,18,18,West Bengal,Paschim Medinipur,General,,2026
229,Debra,8,Amal Kumar Hui,Independent,749,2,751,0.35,18,18,West Bengal,Paschim Medinipur,General,,2026
229,Debra,9,Nota,None of the Above,1078,9,1087,0.5,18,18,West Bengal,Paschim Medinipur,General,,2026
230,Daspur,1,Ashis Hudait,All India Trinamool Congress,100398,539,100937,40.05,20,20,West Bengal,Paschim Medinipur,General,,2026
230,Daspur,2,Kousik Goswami,Indian National Congress,1656,9,1665,0.66,20,20,West Bengal,Paschim Medinipur,General,Left–Congress alliance,2026
230,Daspur,3,Tapan Kumar Dutta,Bharatiya Janata Party,132251,820,133071,52.8,20,20,West Bengal,Paschim Medinipur,General,,2026
230,Daspur,4,Mrinal Kanti Mandal,Bahujan Samaj Party,665,6,671,0.27,20,20,West Bengal,Paschim Medinipur,General,,2026
230,Daspur,5,Ranajit Pal,Communist Party of India (Marxist),12099,179,12278,4.87,20,20,West Bengal,Paschim Medinipur,General,Left–Congress alliance,2026
230,Daspur,6,Jagadish Mondal Adhikary,Socialist Unity Centre Of India (COMMUNIST),432,6,438,0.17,20,20,West Bengal,Paschim Medinipur,General,,2026
230,Daspur,7,Ashis Hutait,Independent,876,2,878,0.35,20,20,West Bengal,Paschim Medinipur,General,,2026
230,Daspur,8,Basudeb Dinda,Independent,393,5,398,0.16,20,20,West Bengal,Paschim Medinipur,General,,2026
230,Daspur,9,Nota,None of the Above,1696,15,1711,0.68,20,20,West Bengal,Paschim Medinipur,General,,2026
231,Ghatal,1,Kaberi Dolui,Indian National Congress,1847,20,1867,0.77,19,19,West Bengal,Paschim Medinipur,SC,Left–Congress alliance,2026
231,Ghatal,2,Shyamali Sardar,All India Trinamool Congress,93338,555,93893,38.79,19,19,West Bengal,Paschim Medinipur,SC,,2026
231,Ghatal,3,Santi Nath Satick,Communist Party of India (Marxist),9218,134,9352,3.86,19,19,West Bengal,Paschim Medinipur,SC,Left–Congress alliance,2026
231,Ghatal,4,Sital Kapat,Bharatiya Janata Party,130500,1050,131550,54.35,19,19,West Bengal,Paschim Medinipur,SC,,2026
231,Ghatal,5,Sujay Dolai,Bahujan Samaj Party,989,2,991,0.41,19,19,West Bengal,Paschim Medinipur,SC,,2026
231,Ghatal,6,Narugopal Dolui,Socialist Unity Centre Of India (COMMUNIST),457,5,462,0.19,19,19,West Bengal,Paschim Medinipur,SC,,2026
231,Ghatal,7,Khagendra Dolai,Independent,741,3,744,0.31,19,19,West Bengal,Paschim Medinipur,SC,,2026
231,Ghatal,8,Bivash Singha,Independent,484,0,484,0.2,19,19,West Bengal,Paschim Medinipur,SC,,2026
231,Ghatal,9,Ruma Patra,Independent,1370,4,1374,0.57,19,19,West Bengal,Paschim Medinipur,SC,,2026
231,Ghatal,10,Nota,None of the Above,1298,10,1308,0.54,19,19,West Bengal,Paschim Medinipur,SC,,2026
232,Chandrakona,1,Doloi Surjya Kanta,All India Trinamool Congress,106616,420,107036,40.44,19,19,West Bengal,Paschim Medinipur,SC,,2026
232,Chandrakona,2,Monika Midya,Indian National Congress,2486,14,2500,0.94,19,19,West Bengal,Paschim Medinipur,SC,Left–Congress alliance,2026
232,Chandrakona,3,Sukanta Dolui,Bharatiya Janata Party,139736,781,140517,53.09,19,19,West Bengal,Paschim Medinipur,SC,,2026
232,Chandrakona,4,Suparna Dolai Mallick,Communist Party of India (Marxist),12085,57,12142,4.59,19,19,West Bengal,Paschim Medinipur,SC,Left–Congress alliance,2026
232,Chandrakona,5,Anjan Jana,Socialist Unity Centre Of India (COMMUNIST),698,2,700,0.26,19,19,West Bengal,Paschim Medinipur,SC,,2026
232,Chandrakona,6,Nota,None of the Above,1786,9,1795,0.68,19,19,West Bengal,Paschim Medinipur,SC,,2026
233,Garbeta,1,Uttara Singha (Hazra),All India Trinamool Congress,87199,328,87527,39.42,18,18,West Bengal,Paschim Medinipur,General,,2026
233,Garbeta,2,Ghosh Tapan Kumar,Communist Party of India (Marxist),14182,56,14238,6.41,18,18,West Bengal,Paschim Medinipur,General,Left–Congress alliance,2026
233,Garbeta,3,Pradip Lodha,Bharatiya Janata Party,112849,903,113752,51.23,18,18,West Bengal,Paschim Medinipur,General,,2026
233,Garbeta,4,Siddhartha Bishai,Indian National Congress,1838,21,1859,0.84,18,18,West Bengal,Paschim Medinipur,General,Left–Congress alliance,2026
233,Garbeta,5,Tapas Kumar Mishra,Socialist Unity Centre Of India (COMMUNIST),591,5,596,0.27,18,18,West Bengal,Paschim Medinipur,General,,2026
233,Garbeta,6,Madhuri Maiti,Independent,957,2,959,0.43,18,18,West Bengal,Paschim Medinipur,General,,2026
233,Garbeta,7,Sk. Md. Mokhdum,Independent,661,2,663,0.3,18,18,West Bengal,Paschim Medinipur,General,,2026
233,Garbeta,8,Nota,None of the Above,2432,23,2455,1.11,18,18,West Bengal,Paschim Medinipur,General,,2026
234,Salboni,1,Arup Mukherjee,Indian National Congress,2685,12,2697,1.01,18,18,West Bengal,Paschim Medinipur,General,Left–Congress alliance,2026
234,Salboni,2,Biman Mahata,Bharatiya Janata Party,131680,1176,132856,49.86,18,18,West Bengal,Paschim Medinipur,General,,2026
234,Salboni,3,Srikanta Mahata,All India Trinamool Congress,117042,571,117613,44.14,18,18,West Bengal,Paschim Medinipur,General,,2026
234,Salboni,4,Jharna Jana,Socialist Unity Centre Of India (COMMUNIST),1753,5,1758,0.66,18,18,West Bengal,Paschim Medinipur,General,,2026
234,Salboni,5,Mohan Tudu,All India Secular Front,8582,53,8635,3.24,18,18,West Bengal,Paschim Medinipur,General,,2026
234,Salboni,6,Atanu Maji,Independent,993,2,995,0.37,18,18,West Bengal,Paschim Medinipur,General,,2026
234,Salboni,7,Nota,None of the Above,1909,12,1921,0.72,18,18,West Bengal,Paschim Medinipur,General,,2026
235,Keshpur,1,Kamal Kishor,Indian National Congress,1829,7,1836,0.72,23,23,West Bengal,Paschim Medinipur,SC,Left–Congress alliance,2026
235,Keshpur,2,Gurupada Mondal,Communist Party of India (Marxist),10358,74,10432,4.11,23,23,West Bengal,Paschim Medinipur,SC,Left–Congress alliance,2026
235,Keshpur,3,Seuli Saha,All India Trinamool Congress,142633,490,143123,56.36,23,23,West Bengal,Paschim Medinipur,SC,,2026
235,Keshpur,4,Suvendu Samanta,Bharatiya Janata Party,92591,427,93018,36.63,23,23,West Bengal,Paschim Medinipur,SC,,2026
235,Keshpur,5,Haradhan Sing,Socialist Unity Centre Of India (COMMUNIST),1552,8,1560,0.61,23,23,West Bengal,Paschim Medinipur,SC,,2026
235,Keshpur,6,Ajoy Dome,Independent,1832,0,1832,0.72,23,23,West Bengal,Paschim Medinipur,SC,,2026
235,Keshpur,7,Arun Karan,Independent,608,1,609,0.24,23,23,West Bengal,Paschim Medinipur,SC,,2026
235,Keshpur,8,Nota,None of the Above,1541,12,1553,0.61,23,23,West Bengal,Paschim Medinipur,SC,,2026
236,Medinipur,1,Pronab Kumar Biswas,Bahujan Samaj Party,1014,3,1017,0.42,21,21,West Bengal,Paschim Medinipur,General,,2026
236,Medinipur,2,Sankar Kumar Guchhait,Bharatiya Janata Party,130940,2101,133041,54.51,21,21,West Bengal,Paschim Medinipur,General,,2026
236,Medinipur,3,Sambhunath Chattopadhyay,Indian National Congress,2165,28,2193,0.9,21,21,West Bengal,Paschim Medinipur,General,Left–Congress alliance,2026
236,Medinipur,4,Sujoy Hazra,All India Trinamool Congress,93508,786,94294,38.63,21,21,West Bengal,Paschim Medinipur,General,,2026
236,Medinipur,5,Manikuntal Khamrai,Communist Party of India,7484,165,7649,3.13,21,21,West Bengal,Paschim Medinipur,General,Left–Congress alliance,2026
236,Medinipur,6,Shashanka Patra,Amra Bangalee,334,3,337,0.14,21,21,West Bengal,Paschim Medinipur,General,,2026
236,Medinipur,7,Saleha Begum,Rashtriya Lok Janshakti Party,618,3,621,0.25,21,21,West Bengal,Paschim Medinipur,General,,2026
236,Medinipur,8,Sushrita Saren,Socialist Unity Centre Of India (COMMUNIST),1374,12,1386,0.57,21,21,West Bengal,Paschim Medinipur,General,,2026
236,Medinipur,9,Shankar Chakraborty,Independent,814,1,815,0.33,21,21,West Bengal,Paschim Medinipur,General,,2026
236,Medinipur,10,Sk. Mafizul Haque,Independent,1100,5,1105,0.45,21,21,West Bengal,Paschim Medinipur,General,,2026
236,Medinipur,11,Nota,None of the Above,1599,29,1628,0.67,21,21,West Bengal,Paschim Medinipur,General,,2026
237,Binpur,1,Golapi Saren,Indian National Congress,2013,27,2040,0.98,22,22,West Bengal,Jhargram,ST,Left–Congress alliance,2026
237,Binpur,2,Dr. Pranat Tudu,Bharatiya Janata Party,105828,1410,107238,51.54,22,22,West Bengal,Jhargram,ST,,2026
237,Binpur,3,Birbaha Hansda,All India Trinamool Congress,83437,824,84261,40.49,22,22,West Bengal,Jhargram,ST,,2026
237,Binpur,4,Bholanath Sardar,Bahujan Samaj Party,1897,11,1908,0.92,22,22,West Bengal,Jhargram,ST,,2026
237,Binpur,5,Rabindranath Sardar,Communist Party of India (Marxist),5556,63,5619,2.7,22,22,West Bengal,Jhargram,ST,Left–Congress alliance,2026
237,Binpur,6,Rajib Mudi,Socialist Unity Centre Of India (COMMUNIST),655,10,665,0.32,22,22,West Bengal,Jhargram,ST,,2026
237,Binpur,7,Bhim Saren,Independent,918,6,924,0.44,22,22,West Bengal,Jhargram,ST,,2026
237,Binpur,8,Mrityunjay Saren,Independent,1399,7,1406,0.68,22,22,West Bengal,Jhargram,ST,,2026
237,Binpur,9,Samay Hansda,Independent,1327,12,1339,0.64,22,22,West Bengal,Jhargram,ST,,2026
237,Binpur,10,Nota,None of the Above,2665,14,2679,1.29,22,22,West Bengal,Jhargram,ST,,2026
238,Bandwan,1,Tikaram Hembram,Bahujan Samaj Party,1891,4,1895,0.71,20,20,West Bengal,Purulia,ST,,2026
238,Bandwan,2,Rathu Singh,Communist Party of India (Marxist),15363,111,15474,5.81,20,20,West Bengal,Purulia,ST,Left–Congress alliance,2026
238,Bandwan,3,Rajib Lochan Saren,All India Trinamool Congress,103933,570,104503,39.26,20,20,West Bengal,Purulia,ST,,2026
238,Bandwan,4,Labsen Baskey,Bharatiya Janata Party,132724,1356,134080,50.37,20,20,West Bengal,Purulia,ST,,2026
238,Bandwan,5,Siten Mandi,Indian National Congress,2800,33,2833,1.06,20,20,West Bengal,Purulia,ST,Left–Congress alliance,2026
238,Bandwan,6,Umesh Chandra Baskey,Ambedkarite Party of India,2199,11,2210,0.83,20,20,West Bengal,Purulia,ST,,2026
238,Bandwan,7,Bijay Kumar Mandi,Independent,1248,1,1249,0.47,20,20,West Bengal,Purulia,ST,,2026
238,Bandwan,8,Sobharam Murmu,Independent,1149,5,1154,0.43,20,20,West Bengal,Purulia,ST,,2026
238,Bandwan,9,Nota,None of the Above,2766,14,2780,1.04,20,20,West Bengal,Purulia,ST,,2026
239,Balarampur,1,Anandi Tudu,Bahujan Samaj Party,1697,1,1698,0.77,22,22,West Bengal,Purulia,General,,2026
239,Balarampur,2,Jaladhar Mahato,Bharatiya Janata Party,117315,1106,118421,53.84,22,22,West Bengal,Purulia,General,,2026
239,Balarampur,3,Namita Mahato,Communist Party of India (Marxist),6538,37,6575,2.99,22,22,West Bengal,Purulia,General,Left–Congress alliance,2026
239,Balarampur,4,Shantiram Mahato,All India Trinamool Congress,82838,532,83370,37.9,22,22,West Bengal,Purulia,General,,2026
239,Balarampur,5,Sukanta Mahato,Indian National Congress,2818,12,2830,1.29,22,22,West Bengal,Purulia,General,Left–Congress alliance,2026
239,Balarampur,6,Bholanath Murmmu,Socialist Unity Centre Of India (COMMUNIST),653,3,656,0.3,22,22,West Bengal,Purulia,General,,2026
239,Balarampur,7,Sharat Sahis,Rashtriya Lok Janshakti Party,685,0,685,0.31,22,22,West Bengal,Purulia,General,,2026
239,Balarampur,8,Sitaram Hansda,Ambedkarite Party of India,1627,3,1630,0.74,22,22,West Bengal,Purulia,General,,2026
239,Balarampur,9,Ajay Gorain,Independent,629,1,630,0.29,22,22,West Bengal,Purulia,General,,2026
239,Balarampur,10,Rabilal Mandi,Independent,1072,5,1077,0.49,22,22,West Bengal,Purulia,General,,2026
239,Balarampur,11,Nota,None of the Above,2366,8,2374,1.08,22,22,West Bengal,Purulia,General,,2026
240,Baghmundi,1,Nepal Chandra Mahato,Indian National Congress,31466,220,31686,13.77,22,22,West Bengal,Purulia,General,Left–Congress alliance,2026
240,Baghmundi,2,Parimal Kumar,All India Forward Bloc,4735,47,4782,2.08,22,22,West Bengal,Purulia,General,Left–Congress alliance,2026
240,Baghmundi,3,Rahidas Mahato,Bharatiya Janata Party,111562,1101,112663,48.95,22,22,West Bengal,Purulia,General,,2026
240,Baghmundi,4,Sushanta Mahato,All India Trinamool Congress,71393,453,71846,31.22,22,22,West Bengal,Purulia,General,,2026
240,Baghmundi,5,Paritosh Singh Babu,Socialist Unity Centre Of India (COMMUNIST),1122,5,1127,0.49,22,22,West Bengal,Purulia,General,,2026
240,Baghmundi,6,Pashupati Mahato,Amra Bangalee,408,2,410,0.18,22,22,West Bengal,Purulia,General,,2026
240,Baghmundi,7,Manoj Kumar Mahato,Jharkhand Loktantrik Krantikari Morcha,1753,4,1757,0.76,22,22,West Bengal,Purulia,General,,2026
240,Baghmundi,8,Ujjwal Paramanik,Independent,433,0,433,0.19,22,22,West Bengal,Purulia,General,,2026
240,Baghmundi,9,Tushar Mahato,Independent,989,1,990,0.43,22,22,West Bengal,Purulia,General,,2026
240,Baghmundi,10,Mihir Chandra Mahato,Independent,1312,3,1315,0.57,22,22,West Bengal,Purulia,General,,2026
240,Baghmundi,11,Suman Kumar Singha,Independent,690,1,691,0.3,22,22,West Bengal,Purulia,General,,2026
240,Baghmundi,12,Nota,None of the Above,2428,9,2437,1.06,22,22,West Bengal,Purulia,General,,2026
241,Joypur,1,Arjun Mahato,All India Trinamool Congress,82013,437,82450,35.36,24,24,West Bengal,Purulia,General,,2026
241,Joypur,2,Dhirendranath Mahato,All India Forward Bloc,5736,69,5805,2.49,24,24,West Bengal,Purulia,General,Left–Congress alliance,2026
241,Joypur,3,Phanibhushan Kumar,Indian National Congress,23117,146,23263,9.98,24,24,West Bengal,Purulia,General,Left–Congress alliance,2026
241,Joypur,4,Biswajit Mahato,Bharatiya Janata Party,103904,764,104668,44.88,24,24,West Bengal,Purulia,General,,2026
241,Joypur,5,Dibyajoti Singh Deo,Jharkhand Loktantrik Krantikari Morcha,9105,47,9152,3.92,24,24,West Bengal,Purulia,General,,2026
241,Joypur,6,Shakti Pada Gorain,Amra Bangalee,840,9,849,0.36,24,24,West Bengal,Purulia,General,,2026
241,Joypur,7,Suphal Chandra Kumar,Socialist Unity Centre Of India (COMMUNIST),984,2,986,0.42,24,24,West Bengal,Purulia,General,,2026
241,Joypur,8,Animesh Mahato,Independent,818,1,819,0.35,24,24,West Bengal,Purulia,General,,2026
241,Joypur,9,Ashok Kumar Murmu,Independent,1169,16,1185,0.51,24,24,West Bengal,Purulia,General,,2026
241,Joypur,10,Joyram Murmu,Independent,782,5,787,0.34,24,24,West Bengal,Purulia,General,,2026
241,Joypur,11,Nota,None of the Above,3233,6,3239,1.39,24,24,West Bengal,Purulia,General,,2026
242,Purulia,1,Dibyajyoti Prasad Singh Deo,Indian National Congress,4318,49,4367,1.89,22,22,West Bengal,Purulia,General,Left–Congress alliance,2026
242,Purulia,2,Partha Bauri,Bahujan Samaj Party,610,1,611,0.26,22,22,West Bengal,Purulia,General,,2026
242,Purulia,3,Sayantan Ghosh,Communist Party of India (Marxist),10521,154,10675,4.63,22,22,West Bengal,Purulia,General,Left–Congress alliance,2026
242,Purulia,4,Sujoy Banerjee,All India Trinamool Congress,78714,487,79201,34.34,22,22,West Bengal,Purulia,General,,2026
242,Purulia,5,Sudip Kumar Mukherjee,Bharatiya Janata Party,127078,1376,128454,55.69,22,22,West Bengal,Purulia,General,,2026
242,Purulia,6,Dhiren Rajak,Bharateeya Manavadhikar party,895,5,900,0.39,22,22,West Bengal,Purulia,General,,2026
242,Purulia,7,Nageswar Mahato,Amra Bangalee,399,2,401,0.17,22,22,West Bengal,Purulia,General,,2026
242,Purulia,8,Nirod Baran Ojha,Party for Democratic Socialism,323,4,327,0.14,22,22,West Bengal,Purulia,General,,2026
242,Purulia,9,Bidesh Chandra Paul,Rashtriya Lok Janshakti Party,521,0,521,0.23,22,22,West Bengal,Purulia,General,,2026
242,Purulia,10,Mathan Chandra Mahato,Bahujan Mukti Party,908,0,908,0.39,22,22,West Bengal,Purulia,General,,2026
242,Purulia,11,Shobha Mahato,Socialist Unity Centre Of India (COMMUNIST),1323,12,1335,0.58,22,22,West Bengal,Purulia,General,,2026
242,Purulia,12,Pintu Bauri,Independent,638,1,639,0.28,22,22,West Bengal,Purulia,General,,2026
242,Purulia,13,Pijush Kanti Rajak,Independent,585,1,586,0.25,22,22,West Bengal,Purulia,General,,2026
242,Purulia,14,Nota,None of the Above,1706,22,1728,0.75,22,22,West Bengal,Purulia,General,,2026
243,Manbazar,1,Mamata Hansda (Mandi),Bahujan Samaj Party,1780,7,1787,0.76,16,16,West Bengal,Purulia,ST,,2026
243,Manbazar,2,Mayna Murmu,Bharatiya Janata Party,119195,1292,120487,50.95,16,16,West Bengal,Purulia,ST,,2026
243,Manbazar,3,Shantimani Murmu,Communist Party of India (Marxist),13262,148,13410,5.67,16,16,West Bengal,Purulia,ST,Left–Congress alliance,2026
243,Manbazar,4,Sandhya Rani Tudu,All India Trinamool Congress,92564,640,93204,39.42,16,16,West Bengal,Purulia,ST,,2026
243,Manbazar,5,Sambari Mahali,Indian National Congress,2017,20,2037,0.86,16,16,West Bengal,Purulia,ST,Left–Congress alliance,2026
243,Manbazar,6,Ranjit Kumar Hansda,Aam Janata Unnayan party,944,3,947,0.4,16,16,West Bengal,Purulia,ST,,2026
243,Manbazar,7,Swapan Kumar Murmu,Socialist Unity Centre Of India (COMMUNIST),813,2,815,0.34,16,16,West Bengal,Purulia,ST,,2026
243,Manbazar,8,Amulya Saren,Independent,1667,2,1669,0.71,16,16,West Bengal,Purulia,ST,,2026
243,Manbazar,9,Nota,None of the Above,2098,13,2111,0.89,16,16,West Bengal,Purulia,ST,,2026
244,Kashipur,1,Kamala Kanta Hansda,Bharatiya Janata Party,105349,1222,106571,50.28,16,16,West Bengal,Purulia,General,,2026
244,Kashipur,2,Bauri Sulekha,Communist Party of India (Marxist),10677,141,10818,5.1,16,16,West Bengal,Purulia,General,Left–Congress alliance,2026
244,Kashipur,3,Subhas Chandra Mahata,Indian National Congress,2277,27,2304,1.09,16,16,West Bengal,Purulia,General,Left–Congress alliance,2026
244,Kashipur,4,Soumen Beltharia,All India Trinamool Congress,84623,672,85295,40.24,16,16,West Bengal,Purulia,General,,2026
244,Kashipur,5,Dipak Mahato,Socialist Unity Centre Of India (COMMUNIST),1460,16,1476,0.7,16,16,West Bengal,Purulia,General,,2026
244,Kashipur,6,Mihir Kumar Bauri,Independent,1018,4,1022,0.48,16,16,West Bengal,Purulia,General,,2026
244,Kashipur,7,Shantipriya Saren,Independent,536,7,543,0.26,16,16,West Bengal,Purulia,General,,2026
244,Kashipur,8,Subhadip Paramanik,Independent,1138,10,1148,0.54,16,16,West Bengal,Purulia,General,,2026
244,Kashipur,9,Nota,None of the Above,2784,13,2797,1.32,16,16,West Bengal,Purulia,General,,2026
245,Para,1,Aloke Kumar Bauri,Communist Party of India (Marxist),10362,57,10419,4.82,23,23,West Bengal,Purulia,SC,Left–Congress alliance,2026
245,Para,2,Nadiar Chand Bouri,Bharatiya Janata Party,112838,650,113488,52.55,23,23,West Bengal,Purulia,SC,,2026
245,Para,3,Falguni Bauri,Indian National Congress,2874,13,2887,1.34,23,23,West Bengal,Purulia,SC,Left–Congress alliance,2026
245,Para,4,Manik Chandra Bauri,All India Trinamool Congress,79456,311,79767,36.94,23,23,West Bengal,Purulia,SC,,2026
245,Para,5,Mithun Bauri,Bahujan Samaj Party,1129,3,1132,0.52,23,23,West Bengal,Purulia,SC,,2026
245,Para,6,Jagannath Bauri,Socialist Unity Centre Of India (COMMUNIST),1265,8,1273,0.59,23,23,West Bengal,Purulia,SC,,2026
245,Para,7,Sudarshan Rajwar,Rastriya Aam Jan Seva Party,498,0,498,0.23,23,23,West Bengal,Purulia,SC,,2026
245,Para,8,Ashok Ruhidas,Independent,1101,3,1104,0.51,23,23,West Bengal,Purulia,SC,,2026
245,Para,9,Bhaskar Mandal,Independent,1107,1,1108,0.51,23,23,West Bengal,Purulia,SC,,2026
245,Para,10,Shaktipada Sen,Independent,1478,4,1482,0.69,23,23,West Bengal,Purulia,SC,,2026
245,Para,11,Nota,None of the Above,2775,13,2788,1.29,23,23,West Bengal,Purulia,SC,,2026
246,Raghunathpur,1,Ganesh Bouri,Communist Party of India (Marxist),10589,96,10685,4.56,16,16,West Bengal,Purulia,General,Left–Congress alliance,2026
246,Raghunathpur,2,Mahadeb Bauri,Bahujan Samaj Party,1194,11,1205,0.51,16,16,West Bengal,Purulia,General,,2026
246,Raghunathpur,3,Mamoni Bauri,Bharatiya Janata Party,126532,1096,127628,54.44,16,16,West Bengal,Purulia,General,,2026
246,Raghunathpur,4,Sandhya Bauri,Indian National Congress,3044,21,3065,1.31,16,16,West Bengal,Purulia,General,Left–Congress alliance,2026
246,Raghunathpur,5,Hazari Bouri,All India Trinamool Congress,83110,459,83569,35.65,16,16,West Bengal,Purulia,General,,2026
246,Raghunathpur,6,Anil Bauri,Socialist Unity Centre Of India (COMMUNIST),2498,16,2514,1.07,16,16,West Bengal,Purulia,General,,2026
246,Raghunathpur,7,Dharani Dhar Bauri,Independent,1375,3,1378,0.59,16,16,West Bengal,Purulia,General,,2026
246,Raghunathpur,8,Mamani Bouri,Independent,1181,5,1186,0.51,16,16,West Bengal,Purulia,General,,2026
246,Raghunathpur,9,Nota,None of the Above,3176,25,3201,1.37,16,16,West Bengal,Purulia,General,,2026
247,Saltora,1,Amarkanta Mandal,Indian National Congress,3078,25,3103,1.42,15,15,West Bengal,Bankura,SC,Left–Congress alliance,2026
247,Saltora,2,Uttam Bauri,All India Trinamool Congress,82467,578,83045,38.01,15,15,West Bengal,Bankura,SC,,2026
247,Saltora,3,Chandana Bauri,Bharatiya Janata Party,114278,902,115180,52.72,15,15,West Bengal,Bankura,SC,,2026
247,Saltora,4,Nandadulal Bauri,Communist Party of India (Marxist),10404,96,10500,4.81,15,15,West Bengal,Bankura,SC,Left–Congress alliance,2026
247,Saltora,5,Dipen Bauri,Socialist Unity Centre Of India (COMMUNIST),2010,13,2023,0.93,15,15,West Bengal,Bankura,SC,,2026
247,Saltora,6,Aditya Kumar Bauri,Independent,1866,3,1869,0.86,15,15,West Bengal,Bankura,SC,,2026
247,Saltora,7,Nota,None of the Above,2763,8,2771,1.27,15,15,West Bengal,Bankura,SC,,2026
248,Chhatna,1,Partha Pratim Bose,Indian National Congress,2344,15,2359,1.06,23,23,West Bengal,Bankura,General,Left–Congress alliance,2026
248,Chhatna,2,Satyanarayan Mukhopadhyay,Bharatiya Janata Party,124356,1616,125972,56.76,23,23,West Bengal,Bankura,General,,2026
248,Chhatna,3,Swapan Kumar Mondal,All India Trinamool Congress,78016,782,78798,35.5,23,23,West Bengal,Bankura,General,,2026
248,Chhatna,4,Abinash Hansda,Socialist Unity Centre Of India (COMMUNIST),1636,17,1653,0.74,23,23,West Bengal,Bankura,General,,2026
248,Chhatna,5,Dhaneswar Hansda,Aam Janata Unnayan party,720,16,736,0.33,23,23,West Bengal,Bankura,General,,2026
248,Chhatna,6,Rajib Lochan Kar,Revolutionary Socialist Party,5844,90,5934,2.67,23,23,West Bengal,Bankura,General,Left–Congress alliance,2026
248,Chhatna,7,Rafik Dalal,Rashtriya Lok Janshakti Party,2151,4,2155,0.97,23,23,West Bengal,Bankura,General,,2026
248,Chhatna,8,Madhu Sudan Mandal,Independent,1749,13,1762,0.79,23,23,West Bengal,Bankura,General,,2026
248,Chhatna,9,Nota,None of the Above,2568,20,2588,1.17,23,23,West Bengal,Bankura,General,,2026
249,Ranibandh,1,Kshudiram Tudu,Bharatiya Janata Party,129253,1892,131145,55.38,19,19,West Bengal,Bankura,ST,,2026
249,Ranibandh,2,Gurupada Sardar,Indian National Congress,1777,32,1809,0.76,19,19,West Bengal,Bankura,ST,Left–Congress alliance,2026
249,Ranibandh,3,Tanushree Hansda,All India Trinamool Congress,77993,883,78876,33.31,19,19,West Bengal,Bankura,ST,,2026
249,Ranibandh,4,Deblina Hembram,Communist Party of India (Marxist),12984,216,13200,5.57,19,19,West Bengal,Bankura,ST,Left–Congress alliance,2026
249,Ranibandh,5,Monoranjan Besra,Ambedkarite Party of India,1283,12,1295,0.55,19,19,West Bengal,Bankura,ST,,2026
249,Ranibandh,6,Maheswar Besra,Aam Janata Unnayan party,402,8,410,0.17,19,19,West Bengal,Bankura,ST,,2026
249,Ranibandh,7,Ranjan Lal Tudu,Socialist Unity Centre Of India (COMMUNIST),876,23,899,0.38,19,19,West Bengal,Bankura,ST,,2026
249,Ranibandh,8,Gour Hembram,Independent,276,7,283,0.12,19,19,West Bengal,Bankura,ST,,2026
249,Ranibandh,9,Gopal Chandra Kisku,Independent,370,6,376,0.16,19,19,West Bengal,Bankura,ST,,2026
249,Ranibandh,10,Fulchand Hansda,Independent,658,14,672,0.28,19,19,West Bengal,Bankura,ST,,2026
249,Ranibandh,11,Baburam Kisku,Independent,1100,25,1125,0.48,19,19,West Bengal,Bankura,ST,,2026
249,Ranibandh,12,Saraswati Sardar,Independent,1743,3,1746,0.74,19,19,West Bengal,Bankura,ST,,2026
249,Ranibandh,13,Surajit Baskey,Independent,1107,1,1108,0.47,19,19,West Bengal,Bankura,ST,,2026
249,Ranibandh,14,Nota,None of the Above,3862,22,3884,1.64,19,19,West Bengal,Bankura,ST,,2026
250,Raipur,1,Ananta Kisku,Bahujan Samaj Party,1495,4,1499,0.71,14,14,West Bengal,Bankura,ST,,2026
250,Raipur,2,Kshetramohan Hansda,Bharatiya Janata Party,109899,1544,111443,53.01,14,14,West Bengal,Bankura,ST,,2026
250,Raipur,3,Thakurmani Saren,All India Trinamool Congress,81922,779,82701,39.34,14,14,West Bengal,Bankura,ST,,2026
250,Raipur,4,Ramchandra Mandi,Communist Party of India (Marxist),8186,130,8316,3.96,14,14,West Bengal,Bankura,ST,Left–Congress alliance,2026
250,Raipur,5,Shubhra Hembram (Murmu,Indian National Congress,1012,13,1025,0.49,14,14,West Bengal,Bankura,ST,Left–Congress alliance,2026
250,Raipur,6,Gunaram Hansda,Socialist Unity Centre Of India (COMMUNIST),426,4,430,0.2,14,14,West Bengal,Bankura,ST,,2026
250,Raipur,7,Sagen Saren,Gondvana Gantantra Party,382,3,385,0.18,14,14,West Bengal,Bankura,ST,,2026
250,Raipur,8,Suklal Tudu,Aam Janata Unnayan party,1239,3,1242,0.59,14,14,West Bengal,Bankura,ST,,2026
250,Raipur,9,Rabindranath Hembrom,Independent,1343,2,1345,0.64,14,14,West Bengal,Bankura,ST,,2026
250,Raipur,10,Nota,None of the Above,1812,17,1829,0.87,14,14,West Bengal,Bankura,ST,,2026
251,Taldangra,1,Debkanti Mahanti,Communist Party of India (Marxist),13435,151,13586,6.18,18,18,West Bengal,Bankura,General,Left–Congress alliance,2026
251,Taldangra,2,Nayan Das Chakraborty,Indian National Congress,1515,17,1532,0.7,18,18,West Bengal,Bankura,General,Left–Congress alliance,2026
251,Taldangra,3,Falguni Singhababu,All India Trinamool Congress,73590,874,74464,33.86,18,18,West Bengal,Bankura,General,,2026
251,Taldangra,4,Souvik Patra,Bharatiya Janata Party,122512,2025,124537,56.62,18,18,West Bengal,Bankura,General,,2026
251,Taldangra,5,Subhendu Mahata,Socialist Unity Centre Of India (COMMUNIST),1119,9,1128,0.51,18,18,West Bengal,Bankura,General,,2026
251,Taldangra,6,Sk Salam Hossain,Gondvana Gantantra Party,948,2,950,0.43,18,18,West Bengal,Bankura,General,,2026
251,Taldangra,7,Prasenjit Singha,Independent,1476,4,1480,0.67,18,18,West Bengal,Bankura,General,,2026
251,Taldangra,8,Raju Karmakar,Independent,559,1,560,0.25,18,18,West Bengal,Bankura,General,,2026
251,Taldangra,9,Nota,None of the Above,1683,16,1699,0.77,18,18,West Bengal,Bankura,General,,2026
252,Bankura,1,Dr. Anup Mandal,All India Trinamool Congress,81823,992,82815,34.6,24,24,West Bengal,Bankura,General,,2026
252,Bankura,2,Avoyananda Mukhopadhyay,Communist Party of India (Marxist),9454,248,9702,4.05,24,24,West Bengal,Bankura,General,Left–Congress alliance,2026
252,Bankura,3,Arup Banerjee,Indian National Congress,2170,43,2213,0.92,24,24,West Bengal,Bankura,General,Left–Congress alliance,2026
252,Bankura,4,Niladri Sekhar Dana,Bharatiya Janata Party,134629,2363,136992,57.24,24,24,West Bengal,Bankura,General,,2026
252,Bankura,5,Arun Chand,Rashtriya Lok Janshakti Party,1194,6,1200,0.5,24,24,West Bengal,Bankura,General,,2026
252,Bankura,6,Lina Ghosh,Socialist Unity Centre Of India (COMMUNIST),1549,4,1553,0.65,24,24,West Bengal,Bankura,General,,2026
252,Bankura,7,Ashik Mahammad Khan,Independent,446,4,450,0.19,24,24,West Bengal,Bankura,General,,2026
252,Bankura,8,Rinku Nandi,Independent,871,2,873,0.36,24,24,West Bengal,Bankura,General,,2026
252,Bankura,9,Nota,None of the Above,3497,36,3533,1.48,24,24,West Bengal,Bankura,General,,2026
253,Barjora,1,Keora Vivekananda,Indian National Congress,2177,22,2199,0.93,23,23,West Bengal,Bankura,General,Left–Congress alliance,2026
253,Barjora,2,Goutam Mishra (Shyam),All India Trinamool Congress,83409,700,84109,35.74,23,23,West Bengal,Bankura,General,,2026
253,Barjora,3,Billeswar Sinha,Bharatiya Janata Party,124335,1084,125419,53.29,23,23,West Bengal,Bankura,General,,2026
253,Barjora,4,Sujit Chakraborty,Communist Party of India (Marxist),14651,217,14868,6.32,23,23,West Bengal,Bankura,General,Left–Congress alliance,2026
253,Barjora,5,Pradip Bauri,Socialist Unity Centre Of India (COMMUNIST),819,4,823,0.35,23,23,West Bengal,Bankura,General,,2026
253,Barjora,6,Gobinda Sarkar,Independent,413,1,414,0.18,23,23,West Bengal,Bankura,General,,2026
253,Barjora,7,Taraknath Karmakar,Independent,752,11,763,0.32,23,23,West Bengal,Bankura,General,,2026
253,Barjora,8,Bholanath Mondal,Independent,1911,11,1922,0.82,23,23,West Bengal,Bankura,General,,2026
253,Barjora,9,Saileswar Pal,Independent,2156,3,2159,0.92,23,23,West Bengal,Bankura,General,,2026
253,Barjora,10,Nota,None of the Above,2667,19,2686,1.14,23,23,West Bengal,Bankura,General,,2026
254,Onda,1,Amarnath Shakha,Bharatiya Janata Party,126997,1299,128296,52.09,23,23,West Bengal,Bankura,General,,2026
254,Onda,2,Asit Baran Sarma,All India Forward Bloc,9647,55,9702,3.94,23,23,West Bengal,Bankura,General,Left–Congress alliance,2026
254,Onda,3,Paban Salampuria,Indian National Congress,1999,22,2021,0.82,23,23,West Bengal,Bankura,General,Left–Congress alliance,2026
254,Onda,4,Subrata Dutta (Gopi),All India Trinamool Congress,95884,689,96573,39.21,23,23,West Bengal,Bankura,General,,2026
254,Onda,5,Magaram Ghosh,Socialist Unity Centre Of India (COMMUNIST),3377,12,3389,1.38,23,23,West Bengal,Bankura,General,,2026
254,Onda,6,Baren Bhuin,Independent,861,5,866,0.35,23,23,West Bengal,Bankura,General,,2026
254,Onda,7,Shyamal Chatterjee,Independent,1476,6,1482,0.6,23,23,West Bengal,Bankura,General,,2026
254,Onda,8,Nota,None of the Above,3945,18,3963,1.61,23,23,West Bengal,Bankura,General,,2026
255,Bishnupur,1,Ujjal Chandra,Indian National Congress,3627,19,3646,1.76,19,19,West Bengal,Bankura,General,Left–Congress alliance,2026
255,Bishnupur,2,Tanmay Ghosh (Bumba),All India Trinamool Congress,79978,499,80477,38.79,19,19,West Bengal,Bankura,General,,2026
255,Bishnupur,3,Shukla Chatterjee,Bharatiya Janata Party,110012,1070,111082,53.54,19,19,West Bengal,Bankura,General,,2026
255,Bishnupur,4,Guljar Bayen,Aam Janata Unnayan party,1664,4,1668,0.8,19,19,West Bengal,Bankura,General,,2026
255,Bishnupur,5,Titas Gupta,Communist Party of India (Marxist-Leninist) (Liberation),5335,50,5385,2.6,19,19,West Bengal,Bankura,General,,2026
255,Bishnupur,6,Shashibhusan Banerjee,Socialist Unity Centre Of India (COMMUNIST),1260,4,1264,0.61,19,19,West Bengal,Bankura,General,,2026
255,Bishnupur,7,Sukla Bandyopadhyay,Independent,1772,4,1776,0.86,19,19,West Bengal,Bankura,General,,2026
255,Bishnupur,8,Nota,None of the Above,2157,23,2180,1.05,19,19,West Bengal,Bankura,General,,2026
256,Katulpur,1,Ramchandra Roy,Communist Party of India (Marxist),13263,117,13380,5.57,25,25,West Bengal,Bankura,SC,Left–Congress alliance,2026
256,Katulpur,2,Lakshmi Kanta Majumdar,Bharatiya Janata Party,124734,1507,126241,52.55,25,25,West Bengal,Bankura,SC,,2026
256,Katulpur,3,Sumitra Mallik Santra,Indian National Congress,2859,31,2890,1.2,25,25,West Bengal,Bankura,SC,Left–Congress alliance,2026
256,Katulpur,4,Harakali Protiher,All India Trinamool Congress,91137,737,91874,38.24,25,25,West Bengal,Bankura,SC,,2026
256,Katulpur,5,Mohan Santra,Socialist Unity Centre Of India (COMMUNIST),2185,7,2192,0.91,25,25,West Bengal,Bankura,SC,,2026
256,Katulpur,6,Chalak Samir,Independent,871,2,873,0.36,25,25,West Bengal,Bankura,SC,,2026
256,Katulpur,7,Pabitra Mandal,Independent,1139,2,1141,0.47,25,25,West Bengal,Bankura,SC,,2026
256,Katulpur,8,Nota,None of the Above,1629,33,1662,0.69,25,25,West Bengal,Bankura,SC,,2026
257,Indus,1,Jharna Mallik,Communist Party of India (Marxist),6961,66,7027,3.02,22,22,West Bengal,Bankura,SC,Left–Congress alliance,2026
257,Indus,2,Nirmal Kumar Dhara,Bharatiya Janata Party,107812,921,108733,46.79,22,22,West Bengal,Bankura,SC,,2026
257,Indus,3,Mou Mandal Samanta,Indian National Congress,2179,22,2201,0.95,22,22,West Bengal,Bankura,SC,Left–Congress alliance,2026
257,Indus,4,Shyamali Roy Bagdi,All India Trinamool Congress,107056,777,107833,46.4,22,22,West Bengal,Bankura,SC,,2026
257,Indus,5,Anirban Dakua,Independent,1397,3,1400,0.6,22,22,West Bengal,Bankura,SC,,2026
257,Indus,6,Anupam Bagdi,Independent,1474,5,1479,0.64,22,22,West Bengal,Bankura,SC,,2026
257,Indus,7,Tapas Malik,Independent,738,1,739,0.32,22,22,West Bengal,Bankura,SC,,2026
257,Indus,8,Nanda Mondal,Independent,1398,2,1400,0.6,22,22,West Bengal,Bankura,SC,,2026
257,Indus,9,Nota,None of the Above,1570,12,1582,0.68,22,22,West Bengal,Bankura,SC,,2026
258,Sonamukhi,1,Ajit Ray,Communist Party of India (Marxist),10411,126,10537,4.75,21,21,West Bengal,Bankura,SC,Left–Congress alliance,2026
258,Sonamukhi,2,Kallol Saha,All India Trinamool Congress,85478,661,86139,38.83,21,21,West Bengal,Bankura,SC,,2026
258,Sonamukhi,3,Dibakar Gharami,Bharatiya Janata Party,114523,1026,115549,52.08,21,21,West Bengal,Bankura,SC,,2026
258,Sonamukhi,4,Rahul Bauri,Indian National Congress,1817,20,1837,0.83,21,21,West Bengal,Bankura,SC,Left–Congress alliance,2026
258,Sonamukhi,5,Dilip Kumar Saha,Socialist Unity Centre Of India (COMMUNIST),476,4,480,0.22,21,21,West Bengal,Bankura,SC,,2026
258,Sonamukhi,6,Ananda Ankure,Independent,407,5,412,0.19,21,21,West Bengal,Bankura,SC,,2026
258,Sonamukhi,7,Santu Bauri,Independent,604,5,609,0.27,21,21,West Bengal,Bankura,SC,,2026
258,Sonamukhi,8,Sujoy Sarkar,Independent,2293,9,2302,1.04,21,21,West Bengal,Bankura,SC,,2026
258,Sonamukhi,9,Sudhan Rajak,Independent,1923,3,1926,0.87,21,21,West Bengal,Bankura,SC,,2026
258,Sonamukhi,10,Nota,None of the Above,2045,16,2061,0.93,21,21,West Bengal,Bankura,SC,,2026
259,Khandaghosh,1,Anup Kumar Saha,Indian National Congress,1844,22,1866,0.84,14,14,West Bengal,Purba Bardhaman,SC,Left–Congress alliance,2026
259,Khandaghosh,2,Apurbalal Biswas,Bahujan Samaj Party,1019,3,1022,0.46,14,14,West Bengal,Purba Bardhaman,SC,,2026
259,Khandaghosh,3,Goutam Dhara,Bharatiya Janata Party,95300,599,95899,42.96,14,14,West Bengal,Purba Bardhaman,SC,,2026
259,Khandaghosh,4,Nabin Chandra Bag,All India Trinamool Congress,103489,694,104183,46.67,14,14,West Bengal,Purba Bardhaman,SC,,2026
259,Khandaghosh,5,Ramjiban Ray,Communist Party of India (Marxist),17406,129,17535,7.85,14,14,West Bengal,Purba Bardhaman,SC,Left–Congress alliance,2026
259,Khandaghosh,6,Bijoy Kumar Majhi,Independent,930,3,933,0.42,14,14,West Bengal,Purba Bardhaman,SC,,2026
259,Khandaghosh,7,Biswajit Sing,Independent,536,1,537,0.24,14,14,West Bengal,Purba Bardhaman,SC,,2026
259,Khandaghosh,8,Nota,None of the Above,1264,7,1271,0.57,14,14,West Bengal,Purba Bardhaman,SC,,2026
260,Bardhaman Dakshin,1,Khokan Das,All India Trinamool Congress,76340,944,77284,37.73,18,18,West Bengal,Purba Bardhaman,General,,2026
260,Bardhaman Dakshin,2,Gourab Samaddar,Indian National Congress,2024,36,2060,1.01,18,18,West Bengal,Purba Bardhaman,General,Left–Congress alliance,2026
260,Bardhaman Dakshin,3,Puspa Hansda,Bahujan Samaj Party,531,3,534,0.26,18,18,West Bengal,Purba Bardhaman,General,,2026
260,Bardhaman Dakshin,4,Moumita Biswas Misra,Bharatiya Janata Party,105989,1765,107754,52.61,18,18,West Bengal,Purba Bardhaman,General,,2026
260,Bardhaman Dakshin,5,Sudipta Gupta,Communist Party of India (Marxist),12754,383,13137,6.41,18,18,West Bengal,Purba Bardhaman,General,Left–Congress alliance,2026
260,Bardhaman Dakshin,6,Utpal Dutta,Socialist Unity Centre Of India (COMMUNIST),328,7,335,0.16,18,18,West Bengal,Purba Bardhaman,General,,2026
260,Bardhaman Dakshin,7,Moumita Banerjee,Independent,735,11,746,0.36,18,18,West Bengal,Purba Bardhaman,General,,2026
260,Bardhaman Dakshin,8,Luxmi Narayan Kora,Independent,234,0,234,0.11,18,18,West Bengal,Purba Bardhaman,General,,2026
260,Bardhaman Dakshin,9,Santanu Dutta,Independent,372,3,375,0.18,18,18,West Bengal,Purba Bardhaman,General,,2026
260,Bardhaman Dakshin,10,Nota,None of the Above,2320,44,2364,1.15,18,18,West Bengal,Purba Bardhaman,General,,2026
261,Raina,1,Pampa Malik,Indian National Congress,1954,26,1980,0.85,14,14,West Bengal,Purba Bardhaman,SC,Left–Congress alliance,2026
261,Raina,2,Mandira Dalui,All India Trinamool Congress,102016,637,102653,44.01,14,14,West Bengal,Purba Bardhaman,SC,,2026
261,Raina,3,Subhash Patra,Bharatiya Janata Party,102622,865,103487,44.37,14,14,West Bengal,Purba Bardhaman,SC,,2026
261,Raina,4,Somnath Maji,Communist Party of India (Marxist),19472,202,19674,8.43,14,14,West Bengal,Purba Bardhaman,SC,Left–Congress alliance,2026
261,Raina,5,Paresh Chandra Bag,Aam Janata Unnayan party,601,4,605,0.26,14,14,West Bengal,Purba Bardhaman,SC,,2026
261,Raina,6,Jaba Malik,Independent,776,7,783,0.34,14,14,West Bengal,Purba Bardhaman,SC,,2026
261,Raina,7,Shiuli Singh,Independent,1264,3,1267,0.54,14,14,West Bengal,Purba Bardhaman,SC,,2026
261,Raina,8,Sanju Porel,Independent,1353,1,1354,0.58,14,14,West Bengal,Purba Bardhaman,SC,,2026
261,Raina,9,Nota,None of the Above,1427,15,1442,0.62,14,14,West Bengal,Purba Bardhaman,SC,,2026
262,Jamalpur,1,Arun Halder,Bharatiya Janata Party,99403,533,99936,46.53,14,14,West Bengal,Purba Bardhaman,SC,,2026
262,Jamalpur,2,Gaurhari Patra,Bahujan Samaj Party,1148,5,1153,0.54,14,14,West Bengal,Purba Bardhaman,SC,,2026
262,Jamalpur,3,Bhutnath Malik,All India Trinamool Congress,88225,533,88758,41.33,14,14,West Bengal,Purba Bardhaman,SC,,2026
262,Jamalpur,4,Rajib Saha,Indian National Congress,1631,25,1656,0.77,14,14,West Bengal,Purba Bardhaman,SC,Left–Congress alliance,2026
262,Jamalpur,5,Samar Hazra,Communist Party of India (Marxist),18606,126,18732,8.72,14,14,West Bengal,Purba Bardhaman,SC,Left–Congress alliance,2026
262,Jamalpur,6,Atasi Pakrey,Socialist Unity Centre Of India (COMMUNIST),502,0,502,0.23,14,14,West Bengal,Purba Bardhaman,SC,,2026
262,Jamalpur,7,Biswajit Bag,Independent,1544,1,1545,0.72,14,14,West Bengal,Purba Bardhaman,SC,,2026
262,Jamalpur,8,Raj Kumar Malik,Independent,691,3,694,0.32,14,14,West Bengal,Purba Bardhaman,SC,,2026
262,Jamalpur,9,Nota,None of the Above,1792,6,1798,0.84,14,14,West Bengal,Purba Bardhaman,SC,,2026
263,Monteswar,1,Anupam Ghosh,Communist Party of India (Marxist),18059,133,18192,8.91,21,21,West Bengal,Purba Bardhaman,General,Left–Congress alliance,2026
263,Monteswar,2,Khokan Das,Bahujan Samaj Party,671,10,681,0.33,21,21,West Bengal,Purba Bardhaman,General,,2026
263,Monteswar,3,Jyotirmay Mondal,Indian National Congress,2657,17,2674,1.31,21,21,West Bengal,Purba Bardhaman,General,Left–Congress alliance,2026
263,Monteswar,4,Chowdhuri Siddiqullah,All India Trinamool Congress,81274,487,81761,40.05,21,21,West Bengal,Purba Bardhaman,General,,2026
263,Monteswar,5,Saikat Panja,Bharatiya Janata Party,95883,676,96559,47.29,21,21,West Bengal,Purba Bardhaman,General,,2026
263,Monteswar,6,Samsul Hoque Seikh,Aam Janata Unnayan party,2089,25,2114,1.04,21,21,West Bengal,Purba Bardhaman,General,,2026
263,Monteswar,7,Saikat Dhani,Independent,380,2,382,0.19,21,21,West Bengal,Purba Bardhaman,General,,2026
263,Monteswar,8,Somnath Malik,Independent,440,2,442,0.22,21,21,West Bengal,Purba Bardhaman,General,,2026
263,Monteswar,9,Nota,None of the Above,1345,15,1360,0.67,21,21,West Bengal,Purba Bardhaman,General,,2026
264,Kalna,1,Amal Kumar Saha,Indian National Congress,2543,20,2563,1.2,21,21,West Bengal,Purba Bardhaman,SC,Left–Congress alliance,2026
264,Kalna,2,Debo Prasad Bag (Poltu),All India Trinamool Congress,81631,529,82160,38.53,21,21,West Bengal,Purba Bardhaman,SC,,2026
264,Kalna,3,Sharmistha Nag Saha,Communist Party of India (Marxist),13571,213,13784,6.46,21,21,West Bengal,Purba Bardhaman,SC,Left–Congress alliance,2026
264,Kalna,4,Siddhartha Majumdar,Bharatiya Janata Party,109908,882,110790,51.96,21,21,West Bengal,Purba Bardhaman,SC,,2026
264,Kalna,5,Nilratan Biswas,Socialist Unity Centre Of India (COMMUNIST),1176,4,1180,0.55,21,21,West Bengal,Purba Bardhaman,SC,,2026
264,Kalna,6,Anay Saha,Independent,471,5,476,0.22,21,21,West Bengal,Purba Bardhaman,SC,,2026
264,Kalna,7,Subrata Mondal,Independent,946,1,947,0.44,21,21,West Bengal,Purba Bardhaman,SC,,2026
264,Kalna,8,Nota,None of the Above,1318,15,1333,0.63,21,21,West Bengal,Purba Bardhaman,SC,,2026
265,Memari,1,Krishanu Bhadra,Communist Party of India (Marxist),16767,124,16891,7.42,15,15,West Bengal,Purba Bardhaman,General,Left–Congress alliance,2026
265,Memari,2,Prabir Ganguli,Indian National Congress,1326,6,1332,0.59,15,15,West Bengal,Purba Bardhaman,General,Left–Congress alliance,2026
265,Memari,3,Basanti Bag(Majhi),Bahujan Samaj Party,939,1,940,0.41,15,15,West Bengal,Purba Bardhaman,General,,2026
265,Memari,4,Manab Guha,Bharatiya Janata Party,105740,688,106428,46.78,15,15,West Bengal,Purba Bardhaman,General,,2026
265,Memari,5,Rash Bihari Halder,All India Trinamool Congress,98801,521,99322,43.66,15,15,West Bengal,Purba Bardhaman,General,,2026
265,Memari,6,Basirujjaman Kayal,Aam Janata Unnayan party,883,4,887,0.39,15,15,West Bengal,Purba Bardhaman,General,,2026
265,Memari,7,Bikash Chandra Das,Independent,461,2,463,0.2,15,15,West Bengal,Purba Bardhaman,General,,2026
265,Memari,8,Nota,None of the Above,1213,16,1229,0.54,15,15,West Bengal,Purba Bardhaman,General,,2026
266,Bardhaman Uttar,1,Nisith Kumar Malik,All India Trinamool Congress,111898,790,112688,45.45,19,19,West Bengal,Purba Bardhaman,SC,,2026
266,Bardhaman Uttar,2,Mamoni Mondal (Roy),Communist Party of India (Marxist),19247,218,19465,7.85,19,19,West Bengal,Purba Bardhaman,SC,Left–Congress alliance,2026
266,Bardhaman Uttar,3,Ramkrishna Malik (Dev),Bahujan Samaj Party,942,4,946,0.38,19,19,West Bengal,Purba Bardhaman,SC,,2026
266,Bardhaman Uttar,4,Sanjoy Das,Bharatiya Janata Party,105189,1039,106228,42.85,19,19,West Bengal,Purba Bardhaman,SC,,2026
266,Bardhaman Uttar,5,Sudip Das,Indian National Congress,1894,20,1914,0.77,19,19,West Bengal,Purba Bardhaman,SC,Left–Congress alliance,2026
266,Bardhaman Uttar,6,Suchand Das,Aam Janata Unnayan party,536,6,542,0.22,19,19,West Bengal,Purba Bardhaman,SC,,2026
266,Bardhaman Uttar,7,Ganesh Majhi,Independent,876,0,876,0.35,19,19,West Bengal,Purba Bardhaman,SC,,2026
266,Bardhaman Uttar,8,Dipali Bauri,Independent,471,3,474,0.19,19,19,West Bengal,Purba Bardhaman,SC,,2026
266,Bardhaman Uttar,9,Priyanka Das,Independent,1025,3,1028,0.41,19,19,West Bengal,Purba Bardhaman,SC,,2026
266,Bardhaman Uttar,10,Nota,None of the Above,3746,25,3771,1.52,19,19,West Bengal,Purba Bardhaman,SC,,2026
267,Bhatar,1,Karfa Soumen,Bharatiya Janata Party,98237,583,98820,46.03,14,14,West Bengal,Purba Bardhaman,General,,2026
267,Bhatar,2,Koner Shantanu,All India Trinamool Congress,91810,482,92292,42.99,14,14,West Bengal,Purba Bardhaman,General,,2026
267,Bhatar,3,Dhurjati Maji,Indian National Congress,1636,11,1647,0.77,14,14,West Bengal,Purba Bardhaman,General,Left–Congress alliance,2026
267,Bhatar,4,Lakshmi Narayan Hemram,Bahujan Samaj Party,481,3,484,0.23,14,14,West Bengal,Purba Bardhaman,General,,2026
267,Bhatar,5,Hasina Khatun,Communist Party of India (Marxist),12753,86,12839,5.98,14,14,West Bengal,Purba Bardhaman,General,Left–Congress alliance,2026
267,Bhatar,6,Botham Chowdhury,Aam Janata Unnayan party,405,0,405,0.19,14,14,West Bengal,Purba Bardhaman,General,,2026
267,Bhatar,7,Nazrul Islam,Independent,252,3,255,0.12,14,14,West Bengal,Purba Bardhaman,General,,2026
267,Bhatar,8,Buddhadeb (Ali),Independent,454,5,459,0.21,14,14,West Bengal,Purba Bardhaman,General,,2026
267,Bhatar,9,Sk Sariful Basar,Independent,934,0,934,0.44,14,14,West Bengal,Purba Bardhaman,General,,2026
267,Bhatar,10,Somnath Sain,Independent,3303,4,3307,1.54,14,14,West Bengal,Purba Bardhaman,General,,2026
267,Bhatar,11,Nota,None of the Above,3238,14,3252,1.51,14,14,West Bengal,Purba Bardhaman,General,,2026
268,Purbasthali Dakshin,1,Pran Krishna Tapadar,Bharatiya Janata Party,110203,801,111004,50.44,20,20,West Bengal,Purba Bardhaman,General,,2026
268,Purbasthali Dakshin,2,Manotosh Mondal,Bahujan Samaj Party,886,7,893,0.41,20,20,West Bengal,Purba Bardhaman,General,,2026
268,Purbasthali Dakshin,3,Rabindranath Mondal,Indian National Congress,2823,20,2843,1.29,20,20,West Bengal,Purba Bardhaman,General,Left–Congress alliance,2026
268,Purbasthali Dakshin,4,Swapan Debnath,All India Trinamool Congress,93871,471,94342,42.87,20,20,West Bengal,Purba Bardhaman,General,,2026
268,Purbasthali Dakshin,5,Jiyadul Sekh,Communist Party of India (Marxist-Leninist) (Liberation),7247,35,7282,3.31,20,20,West Bengal,Purba Bardhaman,General,,2026
268,Purbasthali Dakshin,6,Pravat Majhi,Socialist Unity Centre Of India (COMMUNIST),476,5,481,0.22,20,20,West Bengal,Purba Bardhaman,General,,2026
268,Purbasthali Dakshin,7,Fajar Ali Seikh,Aam Janata Unnayan party,1285,3,1288,0.59,20,20,West Bengal,Purba Bardhaman,General,,2026
268,Purbasthali Dakshin,8,Nota,None of the Above,1910,13,1923,0.87,20,20,West Bengal,Purba Bardhaman,General,,2026
269,Purbasthali Uttar,1,Amitava Bhattacharya,Indian National Congress,1718,24,1742,0.77,21,21,West Bengal,Purba Bardhaman,General,Left–Congress alliance,2026
269,Purbasthali Uttar,2,Gopal Chattopadhyay,Bharatiya Janata Party,110535,844,111379,49.53,21,21,West Bengal,Purba Bardhaman,General,,2026
269,Purbasthali Uttar,3,Pradip Kumar Saha,Communist Party of India (Marxist),25419,158,25577,11.37,21,21,West Bengal,Purba Bardhaman,General,Left–Congress alliance,2026
269,Purbasthali Uttar,4,Vasundhara Goswami,All India Trinamool Congress,80641,512,81153,36.09,21,21,West Bengal,Purba Bardhaman,General,,2026
269,Purbasthali Uttar,5,Baban Ghosh,Aam Janata Unnayan party,1126,11,1137,0.51,21,21,West Bengal,Purba Bardhaman,General,,2026
269,Purbasthali Uttar,6,Abhijit Das,Independent,933,6,939,0.42,21,21,West Bengal,Purba Bardhaman,General,,2026
269,Purbasthali Uttar,7,Dipak Ghosh,Independent,501,3,504,0.22,21,21,West Bengal,Purba Bardhaman,General,,2026
269,Purbasthali Uttar,8,Sukhchand Ghosh,Independent,1259,2,1261,0.56,21,21,West Bengal,Purba Bardhaman,General,,2026
269,Purbasthali Uttar,9,Nota,None of the Above,1173,15,1188,0.53,21,21,West Bengal,Purba Bardhaman,General,,2026
270,Katwa,1,Kalipada Gain,Bahujan Samaj Party,853,2,855,0.36,15,15,West Bengal,Purba Bardhaman,General,,2026
270,Katwa,2,Krishna Ghosh,Bharatiya Janata Party,120945,1075,122020,50.94,15,15,West Bengal,Purba Bardhaman,General,,2026
270,Katwa,3,Chatterjee Ranajit,Indian National Congress,4190,43,4233,1.77,15,15,West Bengal,Purba Bardhaman,General,Left–Congress alliance,2026
270,Katwa,4,Rabindranath Chatterjee,All India Trinamool Congress,86200,754,86954,36.3,15,15,West Bengal,Purba Bardhaman,General,,2026
270,Katwa,5,Sanjib Kumar Das,Communist Party of India (Marxist),17762,177,17939,7.49,15,15,West Bengal,Purba Bardhaman,General,Left–Congress alliance,2026
270,Katwa,6,Apurba Chakraborty,Socialist Unity Centre Of India (COMMUNIST),445,1,446,0.19,15,15,West Bengal,Purba Bardhaman,General,,2026
270,Katwa,7,Rahul Pal,Gondvana Gantantra Party,527,1,528,0.22,15,15,West Bengal,Purba Bardhaman,General,,2026
270,Katwa,8,Sippy Tewary,Aam Janata Unnayan party,2300,7,2307,0.96,15,15,West Bengal,Purba Bardhaman,General,,2026
270,Katwa,9,Krishna Ghosh,Independent,761,3,764,0.32,15,15,West Bengal,Purba Bardhaman,General,,2026
270,Katwa,10,Surojit Ghosh,Independent,2002,2,2004,0.84,15,15,West Bengal,Purba Bardhaman,General,,2026
270,Katwa,11,Nota,None of the Above,1473,13,1486,0.62,15,15,West Bengal,Purba Bardhaman,General,,2026
271,Ketugram,1,Anadi Ghosh,Bharatiya Janata Party,110519,585,111104,50.69,16,16,West Bengal,Purba Bardhaman,General,,2026
271,Ketugram,2,Susmita Pradhan,Bahujan Samaj Party,1021,5,1026,0.47,16,16,West Bengal,Purba Bardhaman,General,,2026
271,Ketugram,3,Sk Abubakkar,Indian National Congress,2143,24,2167,0.99,16,16,West Bengal,Purba Bardhaman,General,Left–Congress alliance,2026
271,Ketugram,4,Sekh Sahonawez,All India Trinamool Congress,82953,541,83494,38.09,16,16,West Bengal,Purba Bardhaman,General,,2026
271,Ketugram,5,Jakir Gaine,All India Secular Front,10663,37,10700,4.88,16,16,West Bengal,Purba Bardhaman,General,,2026
271,Ketugram,6,Satyanarayan Mondal,Socialist Unity Centre Of India (COMMUNIST),665,3,668,0.3,16,16,West Bengal,Purba Bardhaman,General,,2026
271,Ketugram,7,Sabina Yasmin (Usha),Aam Janata Unnayan party,2133,8,2141,0.98,16,16,West Bengal,Purba Bardhaman,General,,2026
271,Ketugram,8,Mathura Ghosh,Independent,2502,7,2509,1.14,16,16,West Bengal,Purba Bardhaman,General,,2026
271,Ketugram,9,Mursed Sekh,Independent,555,3,558,0.25,16,16,West Bengal,Purba Bardhaman,General,,2026
271,Ketugram,10,Rajuddin,Independent,776,6,782,0.36,16,16,West Bengal,Purba Bardhaman,General,,2026
271,Ketugram,11,Nota,None of the Above,4027,7,4034,1.84,16,16,West Bengal,Purba Bardhaman,General,,2026
272,Mangalkot,1,Apurba Chowdhury (Achal),All India Trinamool Congress,90683,614,91297,41.64,18,18,West Bengal,Purba Bardhaman,General,,2026
272,Mangalkot,2,Jagadish Dutta,Indian National Congress,3074,43,3117,1.42,18,18,West Bengal,Purba Bardhaman,General,Left–Congress alliance,2026
272,Mangalkot,3,Miraj Alam Sekh,Communist Party of India (Marxist),12585,113,12698,5.79,18,18,West Bengal,Purba Bardhaman,General,Left–Congress alliance,2026
272,Mangalkot,4,Ramkrishna Malik (Dev),Bahujan Samaj Party,983,8,991,0.45,18,18,West Bengal,Purba Bardhaman,General,,2026
272,Mangalkot,5,Shishir Ghosh,Bharatiya Janata Party,103420,600,104020,47.44,18,18,West Bengal,Purba Bardhaman,General,,2026
272,Mangalkot,6,Mandal Azizul,Aam Janata Unnayan party,1728,5,1733,0.79,18,18,West Bengal,Purba Bardhaman,General,,2026
272,Mangalkot,7,Sk Mozammel Samad,Rashtriya Secular Majlis Party,617,3,620,0.28,18,18,West Bengal,Purba Bardhaman,General,,2026
272,Mangalkot,8,Sekh Mojammel Haque (Moni),Socialist Unity Centre Of India (COMMUNIST),544,1,545,0.25,18,18,West Bengal,Purba Bardhaman,General,,2026
272,Mangalkot,9,Uday Das,Independent,799,4,803,0.37,18,18,West Bengal,Purba Bardhaman,General,,2026
272,Mangalkot,10,Nota,None of the Above,3417,6,3423,1.56,18,18,West Bengal,Purba Bardhaman,General,,2026
273,Ausgram,1,Kalita Maji,Bharatiya Janata Party,107134,558,107692,47.68,16,16,West Bengal,Purba Bardhaman,SC ,,2026
273,Ausgram,2,Chanchal Kumar Majhi,Communist Party of India (Marxist),16356,122,16478,7.29,16,16,West Bengal,Purba Bardhaman,SC ,Left–Congress alliance,2026
273,Ausgram,3,Tapas Baral,Indian National Congress,2059,23,2082,0.92,16,16,West Bengal,Purba Bardhaman,SC ,Left–Congress alliance,2026
273,Ausgram,4,Shyama Prasanna Lohar,All India Trinamool Congress,94694,463,95157,42.13,16,16,West Bengal,Purba Bardhaman,SC ,,2026
273,Ausgram,5,Manasa Mete,Socialist Unity Centre Of India (COMMUNIST),1134,4,1138,0.5,16,16,West Bengal,Purba Bardhaman,SC ,,2026
273,Ausgram,6,Nihar Kumar Hazra,Independent,910,4,914,0.4,16,16,West Bengal,Purba Bardhaman,SC ,,2026
273,Ausgram,7,Nota,None of the Above,2423,2,2425,1.07,16,16,West Bengal,Purba Bardhaman,SC ,,2026
274,Galsi,1,Alok Kumar Majhi,All India Trinamool Congress,99738,408,100146,43.1,20,20,West Bengal,Purba Bardhaman,SC,,2026
274,Galsi,2,Kishor Biswas,Bahujan Samaj Party,1113,3,1116,0.48,20,20,West Bengal,Purba Bardhaman,SC,,2026
274,Galsi,3,Debasish Biswas,Indian National Congress,2022,22,2044,0.88,20,20,West Bengal,Purba Bardhaman,SC,Left–Congress alliance,2026
274,Galsi,4,Manimala Das,Communist Party of India (Marxist),13453,73,13526,5.82,20,20,West Bengal,Purba Bardhaman,SC,Left–Congress alliance,2026
274,Galsi,5,Raju Patra,Bharatiya Janata Party,110156,484,110640,47.62,20,20,West Bengal,Purba Bardhaman,SC,,2026
274,Galsi,6,Amlan Krishna Sarkar,Aam Janata Unnayan party,860,2,862,0.37,20,20,West Bengal,Purba Bardhaman,SC,,2026
274,Galsi,7,Surya Bagdi,Independent,393,1,394,0.17,20,20,West Bengal,Purba Bardhaman,SC,,2026
274,Galsi,8,Senapati Bagdi,Independent,833,4,837,0.36,20,20,West Bengal,Purba Bardhaman,SC,,2026
274,Galsi,9,Nota,None of the Above,2773,7,2780,1.2,20,20,West Bengal,Purba Bardhaman,SC,,2026
275,Pandabeswar,1,Uttam Kumar Roy,Indian National Congress,1262,11,1273,0.73,13,13,West Bengal,Paschim Bardhaman,General,Left–Congress alliance,2026
275,Pandabeswar,2,Jitendra Kumar Tewari,Bharatiya Janata Party,79888,613,80501,46.08,13,13,West Bengal,Paschim Bardhaman,General,,2026
275,Pandabeswar,3,Narendranath Chakraborty,All India Trinamool Congress,78653,450,79103,45.28,13,13,West Bengal,Paschim Bardhaman,General,,2026
275,Pandabeswar,4,Prabir Kumar Mondal,Communist Party of India (Marxist),7993,55,8048,4.61,13,13,West Bengal,Paschim Bardhaman,General,Left–Congress alliance,2026
275,Pandabeswar,5,Jubed Sekh,Aam Janata Unnayan party,252,0,252,0.14,13,13,West Bengal,Paschim Bardhaman,General,,2026
275,Pandabeswar,6,Dana Goswami,Socialist Unity Centre Of India (COMMUNIST),360,0,360,0.21,13,13,West Bengal,Paschim Bardhaman,General,,2026
275,Pandabeswar,7,Pankaj Mitra,Independent,149,1,150,0.09,13,13,West Bengal,Paschim Bardhaman,General,,2026
275,Pandabeswar,8,Rajia Bibi,Independent,319,2,321,0.18,13,13,West Bengal,Paschim Bardhaman,General,,2026
275,Pandabeswar,9,Lakshminarayan Bauri,Independent,529,0,529,0.3,13,13,West Bengal,Paschim Bardhaman,General,,2026
275,Pandabeswar,10,Sawana Khatun,Independent,1896,1,1897,1.09,13,13,West Bengal,Paschim Bardhaman,General,,2026
275,Pandabeswar,11,Suman Bhattacharjee,Independent,989,0,989,0.57,13,13,West Bengal,Paschim Bardhaman,General,,2026
275,Pandabeswar,12,Nota,None of the Above,1283,6,1289,0.74,13,13,West Bengal,Paschim Bardhaman,General,,2026
276,Durgapur Purba,1,Chandra Sekhar Banerjee,Bharatiya Janata Party,108214,674,108888,50.69,19,19,West Bengal,Paschim Bardhaman,General,,2026
276,Durgapur Purba,2,Debesh Chakraborty,Indian National Congress,2854,29,2883,1.34,19,19,West Bengal,Paschim Bardhaman,General,Left–Congress alliance,2026
276,Durgapur Purba,3,Pradip Mazumdar,All India Trinamool Congress,77602,352,77954,36.29,19,19,West Bengal,Paschim Bardhaman,General,,2026
276,Durgapur Purba,4,Simanta Chatterjee,Communist Party of India (Marxist),18875,124,18999,8.84,19,19,West Bengal,Paschim Bardhaman,General,Left–Congress alliance,2026
276,Durgapur Purba,5,Kiranmoyee Mondal,Socialist Unity Centre Of India (COMMUNIST),606,0,606,0.28,19,19,West Bengal,Paschim Bardhaman,General,,2026
276,Durgapur Purba,6,Papiya Dhibar,Amra Bangalee,378,4,382,0.18,19,19,West Bengal,Paschim Bardhaman,General,,2026
276,Durgapur Purba,7,Rubiya Begam,Aam Janata Unnayan party,615,0,615,0.29,19,19,West Bengal,Paschim Bardhaman,General,,2026
276,Durgapur Purba,8,Dipak Dhali,Independent,1315,3,1318,0.61,19,19,West Bengal,Paschim Bardhaman,General,,2026
276,Durgapur Purba,9,Mrinal Kanti Saha,Independent,560,3,563,0.26,19,19,West Bengal,Paschim Bardhaman,General,,2026
276,Durgapur Purba,10,Nota,None of the Above,2577,17,2594,1.21,19,19,West Bengal,Paschim Bardhaman,General,,2026
277,Durgapur Paschim,1,Kabi Dutta,All India Trinamool Congress,76762,369,77131,35.58,21,21,West Bengal,Paschim Bardhaman,General,,2026
277,Durgapur Paschim,2,Tarun Roy,Indian National Congress,2992,27,3019,1.39,21,21,West Bengal,Paschim Bardhaman,General,Left–Congress alliance,2026
277,Durgapur Paschim,3,Pravash Sain,Communist Party of India (Marxist),13847,139,13986,6.45,21,21,West Bengal,Paschim Bardhaman,General,Left–Congress alliance,2026
277,Durgapur Paschim,4,Prabhu Nath Sah,Bahujan Samaj Party,640,5,645,0.3,21,21,West Bengal,Paschim Bardhaman,General,,2026
277,Durgapur Paschim,5,Lakshman Chandra Ghorui,Bharatiya Janata Party,113997,732,114729,52.93,21,21,West Bengal,Paschim Bardhaman,General,,2026
277,Durgapur Paschim,6,Gulnaj Khanam,Aam Janata Unnayan party,440,2,442,0.2,21,21,West Bengal,Paschim Bardhaman,General,,2026
277,Durgapur Paschim,7,Subrata Bhowmik,Mera Bharat Mahan Party,177,0,177,0.08,21,21,West Bengal,Paschim Bardhaman,General,,2026
277,Durgapur Paschim,8,Somnath Banerjee,Socialist Unity Centre Of India (COMMUNIST),266,3,269,0.12,21,21,West Bengal,Paschim Bardhaman,General,,2026
277,Durgapur Paschim,9,Avishek Roy,Independent,173,2,175,0.08,21,21,West Bengal,Paschim Bardhaman,General,,2026
277,Durgapur Paschim,10,Tapas Roy,Independent,279,0,279,0.13,21,21,West Bengal,Paschim Bardhaman,General,,2026
277,Durgapur Paschim,11,Dhrubojyoti Mukherjee,Independent,1133,5,1138,0.52,21,21,West Bengal,Paschim Bardhaman,General,,2026
277,Durgapur Paschim,12,Ramesh Murmu,Independent,565,2,567,0.26,21,21,West Bengal,Paschim Bardhaman,General,,2026
277,Durgapur Paschim,13,Lakshan Bauri,Independent,653,1,654,0.3,21,21,West Bengal,Paschim Bardhaman,General,,2026
277,Durgapur Paschim,14,Souvik Bhattacharjee,Independent,616,0,616,0.28,21,21,West Bengal,Paschim Bardhaman,General,,2026
277,Durgapur Paschim,15,Nota,None of the Above,2939,8,2947,1.36,21,21,West Bengal,Paschim Bardhaman,General,,2026
278,Raniganj,1,Kalobaran Mondal,All India Trinamool Congress,79206,424,79630,40.53,20,20,West Bengal,Paschim Bardhaman,General,,2026
278,Raniganj,2,Naran Bauri,Communist Party of India (Marxist),12897,133,13030,6.63,20,20,West Bengal,Paschim Bardhaman,General,Left–Congress alliance,2026
278,Raniganj,3,Partha Ghosh,Bharatiya Janata Party,96837,579,97416,49.58,20,20,West Bengal,Paschim Bardhaman,General,,2026
278,Raniganj,4,Faiz Ahmad,Indian National Congress,1525,18,1543,0.79,20,20,West Bengal,Paschim Bardhaman,General,Left–Congress alliance,2026
278,Raniganj,5,Rahul Ghosh,Aam Janata Unnayan party,332,5,337,0.17,20,20,West Bengal,Paschim Bardhaman,General,,2026
278,Raniganj,6,Sagar Sen,Indian National League,396,1,397,0.2,20,20,West Bengal,Paschim Bardhaman,General,,2026
278,Raniganj,7,Ajay Kumar Paswan,Independent,1030,0,1030,0.52,20,20,West Bengal,Paschim Bardhaman,General,,2026
278,Raniganj,8,Ashish Chandra Garai,Independent,647,2,649,0.33,20,20,West Bengal,Paschim Bardhaman,General,,2026
278,Raniganj,9,Nota,None of the Above,2444,8,2452,1.25,20,20,West Bengal,Paschim Bardhaman,General,,2026
279,Jamuria,1,Tarun Kumar Ganguli,Indian National Congress,1943,18,1961,1.08,15,15,West Bengal,Paschim Bardhaman,General,Left–Congress alliance,2026
279,Jamuria,2,Dr. Bijan Mukherjee,Bharatiya Janata Party,89534,616,90150,49.64,15,15,West Bengal,Paschim Bardhaman,General,,2026
279,Jamuria,3,Md. Sabbir Hussain,Communist Party of India (Marxist),15076,119,15195,8.37,15,15,West Bengal,Paschim Bardhaman,General,Left–Congress alliance,2026
279,Jamuria,4,Hareram Singh,All India Trinamool Congress,67222,414,67636,37.25,15,15,West Bengal,Paschim Bardhaman,General,,2026
279,Jamuria,5,Kazi Hasiqul Hoque (Mewya Kazi),Aam Janata Unnayan party,866,2,868,0.48,15,15,West Bengal,Paschim Bardhaman,General,,2026
279,Jamuria,6,Riya Mukherjee,Nationalist Conservative Party,564,1,565,0.31,15,15,West Bengal,Paschim Bardhaman,General,,2026
279,Jamuria,7,Abhilash Kumar Pasi,Independent,1492,1,1493,0.82,15,15,West Bengal,Paschim Bardhaman,General,,2026
279,Jamuria,8,Laxmi Mallick,Independent,826,2,828,0.46,15,15,West Bengal,Paschim Bardhaman,General,,2026
279,Jamuria,9,Swarup Gope (Rakhu),Independent,1195,2,1197,0.66,15,15,West Bengal,Paschim Bardhaman,General,,2026
279,Jamuria,10,Nota,None of the Above,1697,4,1701,0.94,15,15,West Bengal,Paschim Bardhaman,General,,2026
280,Asansol Dakshin,1,Agnimitra Paul,Bharatiya Janata Party,118809,773,119582,55.42,15,15,West Bengal,Paschim Bardhaman,General,,2026
280,Asansol Dakshin,2,Tapas Banerjee,All India Trinamool Congress,78347,396,78743,36.49,15,15,West Bengal,Paschim Bardhaman,General,,2026
280,Asansol Dakshin,3,Silpi Chakraborty,Communist Party of India (Marxist),10294,96,10390,4.81,15,15,West Bengal,Paschim Bardhaman,General,Left–Congress alliance,2026
280,Asansol Dakshin,4,Souvik Mukherjee,Indian National Congress,1355,12,1367,0.63,15,15,West Bengal,Paschim Bardhaman,General,Left–Congress alliance,2026
280,Asansol Dakshin,5,Anup Bhattacharya,Socialist Unity Centre Of India (COMMUNIST),389,2,391,0.18,15,15,West Bengal,Paschim Bardhaman,General,,2026
280,Asansol Dakshin,6,Bibekananda Sadhu,Amra Bangalee,369,0,369,0.17,15,15,West Bengal,Paschim Bardhaman,General,,2026
280,Asansol Dakshin,7,Asgar Ali,Independent,789,0,789,0.37,15,15,West Bengal,Paschim Bardhaman,General,,2026
280,Asansol Dakshin,8,Dipika Bauri,Independent,1298,6,1304,0.6,15,15,West Bengal,Paschim Bardhaman,General,,2026
280,Asansol Dakshin,9,Nota,None of the Above,2836,21,2857,1.32,15,15,West Bengal,Paschim Bardhaman,General,,2026
281,Asansol Uttar,1,Krishnendu Mukherjee,Bharatiya Janata Party,103750,766,104516,49.63,15,15,West Bengal,Paschim Bardhaman,General,,2026
281,Asansol Uttar,2,Prasenjit Puitandy,Indian National Congress,1945,35,1980,0.94,15,15,West Bengal,Paschim Bardhaman,General,Left–Congress alliance,2026
281,Asansol Uttar,3,Moloy Ghatak,All India Trinamool Congress,92359,542,92901,44.11,15,15,West Bengal,Paschim Bardhaman,General,,2026
281,Asansol Uttar,4,Akhilesh Kumar Singh,Communist Party of India,4691,88,4779,2.27,15,15,West Bengal,Paschim Bardhaman,General,Left–Congress alliance,2026
281,Asansol Uttar,5,Kallol Kumar Ray,Socialist Unity Centre Of India (COMMUNIST),239,2,241,0.11,15,15,West Bengal,Paschim Bardhaman,General,,2026
281,Asansol Uttar,6,Danish Aziz,All India Majlis-E-Ittehadul Muslimeen,490,3,493,0.23,15,15,West Bengal,Paschim Bardhaman,General,,2026
281,Asansol Uttar,7,Baliram Gond,Gondvana Gantantra Party,96,2,98,0.05,15,15,West Bengal,Paschim Bardhaman,General,,2026
281,Asansol Uttar,8,Anowar Ali,Independent,115,3,118,0.06,15,15,West Bengal,Paschim Bardhaman,General,,2026
281,Asansol Uttar,9,Krishnendu Chatterjee,Independent,181,4,185,0.09,15,15,West Bengal,Paschim Bardhaman,General,,2026
281,Asansol Uttar,10,Krishnendu Mukhopadhyay,Independent,253,2,255,0.12,15,15,West Bengal,Paschim Bardhaman,General,,2026
281,Asansol Uttar,11,Dharmpal Mishra,Independent,280,0,280,0.13,15,15,West Bengal,Paschim Bardhaman,General,,2026
281,Asansol Uttar,12,Md. Nasim Ansari,Independent,1517,3,1520,0.72,15,15,West Bengal,Paschim Bardhaman,General,,2026
281,Asansol Uttar,13,Sunil Thakur,Independent,484,2,486,0.23,15,15,West Bengal,Paschim Bardhaman,General,,2026
281,Asansol Uttar,14,Nota,None of the Above,2737,18,2755,1.31,15,15,West Bengal,Paschim Bardhaman,General,,2026
282,Kulti,1,Ajay Kumar Poddar,Bharatiya Janata Party,102963,607,103570,54.44,16,16,West Bengal,Paschim Bardhaman,General,,2026
282,Kulti,2,Abhijit Ghatak,All India Trinamool Congress,76703,369,77072,40.51,16,16,West Bengal,Paschim Bardhaman,General,,2026
282,Kulti,3,Bhabani Charan Acharya,All India Forward Bloc,3890,47,3937,2.07,16,16,West Bengal,Paschim Bardhaman,General,Left–Congress alliance,2026
282,Kulti,4,Ravi Yadav,Indian National Congress,1536,19,1555,0.82,16,16,West Bengal,Paschim Bardhaman,General,Left–Congress alliance,2026
282,Kulti,5,Shekhawat Khan,Gondvana Gantantra Party,530,3,533,0.28,16,16,West Bengal,Paschim Bardhaman,General,,2026
282,Kulti,6,Akhtar Hussain Md,Independent,1031,2,1033,0.54,16,16,West Bengal,Paschim Bardhaman,General,,2026
282,Kulti,7,Nota,None of the Above,2529,10,2539,1.33,16,16,West Bengal,Paschim Bardhaman,General,,2026
283,Barabani,1,Arijit Roy,Bharatiya Janata Party,91101,676,91777,49.54,12,12,West Bengal,Paschim Bardhaman,General,,2026
283,Barabani,2,Jaydev Roy,Indian National Congress,2577,44,2621,1.41,12,12,West Bengal,Paschim Bardhaman,General,Left–Congress alliance,2026
283,Barabani,3,Bidhan Upadhyay,All India Trinamool Congress,79357,698,80055,43.21,12,12,West Bengal,Paschim Bardhaman,General,,2026
283,Barabani,4,Adwaitya Das,Aam Janata Unnayan party,971,17,988,0.53,12,12,West Bengal,Paschim Bardhaman,General,,2026
283,Barabani,5,Debshwar Besra,Socialist Unity Centre Of India (COMMUNIST),887,9,896,0.48,12,12,West Bengal,Paschim Bardhaman,General,,2026
283,Barabani,6,Biswajit Bauri (Bapi),All India Secular Front,5538,38,5576,3.01,12,12,West Bengal,Paschim Bardhaman,General,,2026
283,Barabani,7,Swapan Kabi,Independent,591,5,596,0.32,12,12,West Bengal,Paschim Bardhaman,General,,2026
283,Barabani,8,Nota,None of the Above,2751,14,2765,1.49,12,12,West Bengal,Paschim Bardhaman,General,,2026
284,Dubrajpur,1,Anup Kumar Saha,Bharatiya Janata Party,116699,738,117437,53.33,21,21,West Bengal,Birbhum,SC,,2026
284,Dubrajpur,2,Naresh Chandra Bauri,All India Trinamool Congress,89369,421,89790,40.78,21,21,West Bengal,Birbhum,SC,,2026
284,Dubrajpur,3,Byapari Sanjoy,Indian National Congress,2895,16,2911,1.32,21,21,West Bengal,Birbhum,SC,Left–Congress alliance,2026
284,Dubrajpur,4,Bijoy Bagdi,All India Forward Bloc,4990,38,5028,2.28,21,21,West Bengal,Birbhum,SC,Left–Congress alliance,2026
284,Dubrajpur,5,Bipad Taran Dom,Bahujan Samaj Party,670,2,672,0.31,21,21,West Bengal,Birbhum,SC,,2026
284,Dubrajpur,6,Subhasis Das,Aam Janata Unnayan party,619,4,623,0.28,21,21,West Bengal,Birbhum,SC,,2026
284,Dubrajpur,7,Sudhan Bauri,Independent,1242,3,1245,0.57,21,21,West Bengal,Birbhum,SC,,2026
284,Dubrajpur,8,Nota,None of the Above,2475,12,2487,1.13,21,21,West Bengal,Birbhum,SC,,2026
285,Suri,1,Adhikari Sanjoy,Indian National Congress,2654,20,2674,1.12,24,24,West Bengal,Birbhum,General,Left–Congress alliance,2026
285,Suri,2,Ujjal Chatterjee,All India Trinamool Congress,94840,717,95557,40.07,24,24,West Bengal,Birbhum,General,,2026
285,Suri,3,Jagannath Chattopadhyay,Bharatiya Janata Party,122617,1626,124243,52.09,24,24,West Bengal,Birbhum,General,,2026
285,Suri,4,Bhaskar Das,Bahujan Samaj Party,868,4,872,0.37,24,24,West Bengal,Birbhum,General,,2026
285,Suri,5,Motiur Rahaman,Communist Party of India (Marxist),7982,82,8064,3.38,24,24,West Bengal,Birbhum,General,Left–Congress alliance,2026
285,Suri,6,Kohinur Khatun,Aam Janata Unnayan party,392,2,394,0.17,24,24,West Bengal,Birbhum,General,,2026
285,Suri,7,Nitai Ankur,Socialist Unity Centre Of India (COMMUNIST),229,1,230,0.1,24,24,West Bengal,Birbhum,General,,2026
285,Suri,8,Avishek Chakraborty,Independent,146,2,148,0.06,24,24,West Bengal,Birbhum,General,,2026
285,Suri,9,Jinnatul Khan,Independent,382,4,386,0.16,24,24,West Bengal,Birbhum,General,,2026
285,Suri,10,Monir Hossain Khan,Independent,631,7,638,0.27,24,24,West Bengal,Birbhum,General,,2026
285,Suri,11,Rajina Khatun,Independent,1627,4,1631,0.68,24,24,West Bengal,Birbhum,General,,2026
285,Suri,12,Sekh Dalim,Independent,1834,1,1835,0.77,24,24,West Bengal,Birbhum,General,,2026
285,Suri,13,Nota,None of the Above,1817,15,1832,0.77,24,24,West Bengal,Birbhum,General,,2026
286,Bolpur,1,Chandranath Sinha,All India Trinamool Congress,114126,789,114915,46.65,23,23,West Bengal,Birbhum,General,,2026
286,Bolpur,2,Das Samiran,Bahujan Samaj Party,1520,5,1525,0.62,23,23,West Bengal,Birbhum,General,,2026
286,Bolpur,3,Dilip Ghosh,Bharatiya Janata Party,100426,1301,101727,41.3,23,23,West Bengal,Birbhum,General,,2026
286,Bolpur,4,Rathin Sen,Indian National Congress,2385,26,2411,0.98,23,23,West Bengal,Birbhum,General,Left–Congress alliance,2026
286,Bolpur,5,Bapi Soren,All India Secular Front,18286,104,18390,7.47,23,23,West Bengal,Birbhum,General,,2026
286,Bolpur,6,Mihir Kumar Banerjee,Rastriya Aam Jan Seva Party,558,2,560,0.23,23,23,West Bengal,Birbhum,General,,2026
286,Bolpur,7,Samarjit Barman,Socialist Unity Centre Of India (COMMUNIST),609,9,618,0.25,23,23,West Bengal,Birbhum,General,,2026
286,Bolpur,8,Syed Sarwardi (Bapon),Aam Janata Unnayan party,514,4,518,0.21,23,23,West Bengal,Birbhum,General,,2026
286,Bolpur,9,Arun Das,Independent,1184,1,1185,0.48,23,23,West Bengal,Birbhum,General,,2026
286,Bolpur,10,Saurav Mudi,Independent,932,4,936,0.38,23,23,West Bengal,Birbhum,General,,2026
286,Bolpur,11,Nota,None of the Above,3514,40,3554,1.44,23,23,West Bengal,Birbhum,General,,2026
287,Nanoor,1,Abhay Das,Indian National Congress,3019,21,3040,1.2,24,24,West Bengal,Birbhum,SC,Left–Congress alliance,2026
287,Nanoor,2,Khokan Das,Bharatiya Janata Party,110970,818,111788,44.16,24,24,West Bengal,Birbhum,SC,,2026
287,Nanoor,3,Bidhan Chandra Majhi,All India Trinamool Congress,119234,676,119910,47.37,24,24,West Bengal,Birbhum,SC,,2026
287,Nanoor,4,Ram Prasad Thandar,Bahujan Samaj Party,1669,4,1673,0.66,24,24,West Bengal,Birbhum,SC,,2026
287,Nanoor,5,Shyamali Pradhan,Communist Party of India (Marxist),10505,84,10589,4.18,24,24,West Bengal,Birbhum,SC,Left–Congress alliance,2026
287,Nanoor,6,Chiran Das,Aam Janata Unnayan party,2991,3,2994,1.18,24,24,West Bengal,Birbhum,SC,,2026
287,Nanoor,7,Joyshri Hazra,Independent,1256,4,1260,0.5,24,24,West Bengal,Birbhum,SC,,2026
287,Nanoor,8,Nota,None of the Above,1843,22,1865,0.74,24,24,West Bengal,Birbhum,SC,,2026
288,Labpur,1,Abhijit Sinha (Rana),All India Trinamool Congress,102145,707,102852,46.12,21,21,West Bengal,Birbhum,General,,2026
288,Labpur,2,Debasis Ojha (Haku Da),Bharatiya Janata Party,105538,864,106402,47.71,21,21,West Bengal,Birbhum,General,,2026
288,Labpur,3,Manasa Hansda,Communist Party of India (Marxist),6112,44,6156,2.76,21,21,West Bengal,Birbhum,General,Left–Congress alliance,2026
288,Labpur,4,Murmu Sunil,Bahujan Samaj Party,398,2,400,0.18,21,21,West Bengal,Birbhum,General,,2026
288,Labpur,5,Ratna Sen,Indian National Congress,1251,12,1263,0.57,21,21,West Bengal,Birbhum,General,Left–Congress alliance,2026
288,Labpur,6,Samad Seikh,Aam Janata Unnayan party,433,9,442,0.2,21,21,West Bengal,Birbhum,General,,2026
288,Labpur,7,Sk Sirajul Hoque,Mulnibasi Party of India,231,5,236,0.11,21,21,West Bengal,Birbhum,General,,2026
288,Labpur,8,Kabita Mondal,Independent,403,0,403,0.18,21,21,West Bengal,Birbhum,General,,2026
288,Labpur,9,Debabrata Bala,Independent,1702,1,1703,0.76,21,21,West Bengal,Birbhum,General,,2026
288,Labpur,10,Nota,None of the Above,3136,9,3145,1.41,21,21,West Bengal,Birbhum,General,,2026
289,Sainthia,1,Archana Ankur (Mondal),Indian National Congress,4151,23,4174,1.73,25,25,West Bengal,Birbhum,SC,Left–Congress alliance,2026
289,Sainthia,2,Krishna Kanta Saha,Bharatiya Janata Party,114099,955,115054,47.71,25,25,West Bengal,Birbhum,SC,,2026
289,Sainthia,3,Debu Chunari,Communist Party of India (Marxist),9424,54,9478,3.93,25,25,West Bengal,Birbhum,SC,Left–Congress alliance,2026
289,Sainthia,4,Nilabati Saha,All India Trinamool Congress,104063,685,104748,43.43,25,25,West Bengal,Birbhum,SC,,2026
289,Sainthia,5,Sanjay Mete,Bahujan Samaj Party,1178,2,1180,0.49,25,25,West Bengal,Birbhum,SC,,2026
289,Sainthia,6,Astam Mal,Aam Janata Unnayan party,1129,0,1129,0.47,25,25,West Bengal,Birbhum,SC,,2026
289,Sainthia,7,Koushik Saha,Gondvana Gantantra Party,1575,3,1578,0.65,25,25,West Bengal,Birbhum,SC,,2026
289,Sainthia,8,Naba Kumar Das,Socialist Unity Centre Of India (COMMUNIST),678,4,682,0.28,25,25,West Bengal,Birbhum,SC,,2026
289,Sainthia,9,Biswanath Bhalla,Independent,1599,2,1601,0.66,25,25,West Bengal,Birbhum,SC,,2026
289,Sainthia,10,Nota,None of the Above,1534,17,1551,0.64,25,25,West Bengal,Birbhum,SC,,2026
290,Mayureswar,1,Abhijit Roy,All India Trinamool Congress,85530,524,86054,40.31,20,20,West Bengal,Birbhum,General,,2026
290,Mayureswar,2,Kasafoddoza Syed (Chandan),Indian National Congress,2260,11,2271,1.06,20,20,West Bengal,Birbhum,General,Left–Congress alliance,2026
290,Mayureswar,3,Jayanta Bhalla,Communist Party of India (Marxist),9530,41,9571,4.48,20,20,West Bengal,Birbhum,General,Left–Congress alliance,2026
290,Mayureswar,4,Dudh Kumar Mondal,Bharatiya Janata Party,106135,921,107056,50.15,20,20,West Bengal,Birbhum,General,,2026
290,Mayureswar,5,Biman Das,Indian National Socialistic Action Forces,788,1,789,0.37,20,20,West Bengal,Birbhum,General,,2026
290,Mayureswar,6,Professor Sk Kalimuddin,Aam Janata Unnayan party,3006,8,3014,1.41,20,20,West Bengal,Birbhum,General,,2026
290,Mayureswar,7,Ajoy De,Independent,1055,0,1055,0.49,20,20,West Bengal,Birbhum,General,,2026
290,Mayureswar,8,Dasrath Das,Independent,470,1,471,0.22,20,20,West Bengal,Birbhum,General,,2026
290,Mayureswar,9,Dukhen Let,Independent,733,3,736,0.34,20,20,West Bengal,Birbhum,General,,2026
290,Mayureswar,10,Nota,None of the Above,2448,8,2456,1.15,20,20,West Bengal,Birbhum,General,,2026
291,Rampurhat,1,Asish Banerjee,All India Trinamool Congress,87007,680,87687,37.52,23,23,West Bengal,Birbhum,General,,2026
291,Rampurhat,2,Dhruba Saha,Bharatiya Janata Party,110792,1128,111920,47.89,23,23,West Bengal,Birbhum,General,,2026
291,Rampurhat,3,Vivekananda (Vivek) Sau,Indian National Congress,1807,23,1830,0.78,23,23,West Bengal,Birbhum,General,Left–Congress alliance,2026
291,Rampurhat,4,Sanjit Hazra,Bahujan Samaj Party,393,1,394,0.17,23,23,West Bengal,Birbhum,General,,2026
291,Rampurhat,5,Sanjib Mallick,Communist Party of India (Marxist),22879,115,22994,9.84,23,23,West Bengal,Birbhum,General,Left–Congress alliance,2026
291,Rampurhat,6,Anas Ahmed,Aam Janata Unnayan party,1306,5,1311,0.56,23,23,West Bengal,Birbhum,General,,2026
291,Rampurhat,7,Forida Yasmin,Socialist Unity Centre Of India (COMMUNIST),247,2,249,0.11,23,23,West Bengal,Birbhum,General,,2026
291,Rampurhat,8,Sukhomay Sarkar,Amra Bangalee,174,0,174,0.07,23,23,West Bengal,Birbhum,General,,2026
291,Rampurhat,9,Arkaprabha Choudhury,Independent,141,6,147,0.06,23,23,West Bengal,Birbhum,General,,2026
291,Rampurhat,10,Khayrul Basar,Independent,237,3,240,0.1,23,23,West Bengal,Birbhum,General,,2026
291,Rampurhat,11,Dhanapati Choudhury,Independent,1080,2,1082,0.46,23,23,West Bengal,Birbhum,General,,2026
291,Rampurhat,12,Jatin Kisku,Independent,352,1,353,0.15,23,23,West Bengal,Birbhum,General,,2026
291,Rampurhat,13,Susil Das,Independent,519,0,519,0.22,23,23,West Bengal,Birbhum,General,,2026
291,Rampurhat,14,Soumen Mal,Independent,1660,0,1660,0.71,23,23,West Bengal,Birbhum,General,,2026
291,Rampurhat,15,Nota,None of the Above,3150,13,3163,1.35,23,23,West Bengal,Birbhum,General,,2026
292,Hansan,1,Kamal Hasan,Communist Party of India (Marxist),22029,82,22111,9.76,22,22,West Bengal,Birbhum,General,Left–Congress alliance,2026
292,Hansan,2,Nikhil Banerjee,Bharatiya Janata Party,74356,569,74925,33.07,22,22,West Bengal,Birbhum,General,,2026
292,Hansan,3,Fayezul Haque (Kajal Sk),All India Trinamool Congress,102653,570,103223,45.56,22,22,West Bengal,Birbhum,General,,2026
292,Hansan,4,Milton Rashid,Indian National Congress,20174,82,20256,8.94,22,22,West Bengal,Birbhum,General,Left–Congress alliance,2026
292,Hansan,5,Shyamoli Fulmali,Bahujan Samaj Party,563,2,565,0.25,22,22,West Bengal,Birbhum,General,,2026
292,Hansan,6,Asgar Ali,Bharatiya Nyay-Adhikar Raksha Party,277,2,279,0.12,22,22,West Bengal,Birbhum,General,,2026
292,Hansan,7,Jahangir Alam,Socialist Party (India),178,0,178,0.08,22,22,West Bengal,Birbhum,General,,2026
292,Hansan,8,Subarna Mal,Socialist Unity Centre Of India (COMMUNIST),333,4,337,0.15,22,22,West Bengal,Birbhum,General,,2026
292,Hansan,9,Syed Uj Jaman,Aam Janata Unnayan party,686,1,687,0.3,22,22,West Bengal,Birbhum,General,,2026
292,Hansan,10,Ashim Sekh,Independent,421,4,425,0.19,22,22,West Bengal,Birbhum,General,,2026
292,Hansan,11,Khandekar Araf Ahamed,Independent,1598,1,1599,0.71,22,22,West Bengal,Birbhum,General,,2026
292,Hansan,12,Baptu,Independent,816,1,817,0.36,22,22,West Bengal,Birbhum,General,,2026
292,Hansan,13,Nota,None of the Above,1145,8,1153,0.51,22,22,West Bengal,Birbhum,General,,2026
293,Nalhati,1,Anil Kumar Singh,Bharatiya Janata Party,73939,359,74298,33.39,21,21,West Bengal,Birbhum,General,,2026
293,Nalhati,2,Dr Abdul Karim,Indian National Congress,44853,138,44991,20.22,21,21,West Bengal,Birbhum,General,Left–Congress alliance,2026
293,Nalhati,3,Dinabandhu Mondal,Bahujan Samaj Party,717,7,724,0.33,21,21,West Bengal,Birbhum,General,,2026
293,Nalhati,4,Dipak Chatterjee,All India Forward Bloc,4380,35,4415,1.98,21,21,West Bengal,Birbhum,General,Left–Congress alliance,2026
293,Nalhati,5,Rajendra Prasad Singh(Raju Singh),All India Trinamool Congress,87338,406,87744,39.43,21,21,West Bengal,Birbhum,General,,2026
293,Nalhati,6,Ansar Sekh,All India Majlis-E-Ittehadul Muslimeen,7360,7,7367,3.31,21,21,West Bengal,Birbhum,General,,2026
293,Nalhati,7,Marsal Hemram,Socialist Unity Centre Of India (COMMUNIST),392,1,393,0.18,21,21,West Bengal,Birbhum,General,,2026
293,Nalhati,8,Sonaram Keshari(Sonu Keshari),Prajashakti Party Samdarshi,551,1,552,0.25,21,21,West Bengal,Birbhum,General,,2026
293,Nalhati,9,Kaosar Sekh,Independent,498,4,502,0.23,21,21,West Bengal,Birbhum,General,,2026
293,Nalhati,10,Nota,None of the Above,1521,12,1533,0.69,21,21,West Bengal,Birbhum,General,,2026
294,Murarai,1,Dipak Rabidas,Bahujan Samaj Party,637,1,638,0.26,22,22,West Bengal,Birbhum,General,,2026
294,Murarai,2,Md. Ali Reza Mandal (Manik Master),Communist Party of India (Marxist),13084,53,13137,5.41,22,22,West Bengal,Birbhum,General,Left–Congress alliance,2026
294,Murarai,3,Dr. Mosarraf Hossain,All India Trinamool Congress,96512,390,96902,39.89,22,22,West Bengal,Birbhum,General,,2026
294,Murarai,4,Rinki Ghosh,Bharatiya Janata Party,58448,216,58664,24.15,22,22,West Bengal,Birbhum,General,,2026
294,Murarai,5,Sanjibur Rahaman (Bappa),Indian National Congress,59064,133,59197,24.37,22,22,West Bengal,Birbhum,General,Left–Congress alliance,2026
294,Murarai,6,Ali Hazrat (Sowdagar),All India Secular Front,3476,1,3477,1.43,22,22,West Bengal,Birbhum,General,,2026
294,Murarai,7,Tasir Sekh,All India Majlis-E-Ittehadul Muslimeen,6317,9,6326,2.6,22,22,West Bengal,Birbhum,General,,2026
294,Murarai,8,Banchharam Mal,Socialist Unity Centre Of India (COMMUNIST),679,4,683,0.28,22,22,West Bengal,Birbhum,General,,2026
294,Murarai,9,Mosarraf,Independent,1075,2,1077,0.44,22,22,West Bengal,Birbhum,General,,2026
294,Murarai,10,Sajida Khatun,Independent,1222,3,1225,0.5,22,22,West Bengal,Birbhum,General,,2026
294,Murarai,11,Sk Amirul Islam,Independent,447,0,447,0.18,22,22,West Bengal,Birbhum,General,,2026
294,Murarai,12,Nota,None of the Above,1164,2,1166,0.48,22,22,West Bengal,Birbhum,General,,2026
